vehicle_id,fuel_level,mileage,timestamp,location,driver_id
VEH-0014,unknown,118123.3,09-06-2024,Chicago,DRV-0215
VEH-0142,6.8%,6453.0,2024/10/30 18:00:00,Los Angeles,DRV-0331
VEH-0018,7.1,63597.9 mi,2024/11/24 17:09:00,Houston,DRV-0133
VEH-0181,73.2,152736.6,2024-09-16 10:41:00,New York,DRV-0160
VEH-0039,73.8,130362.3,02-18-2024,n/a,DRV-0229
VEH-0178,59.5,,2024-11-19 23:29:00,Los Angeles,DRV-0083
VEH-0135,14.4,2154.8,01-27-2024,Phoenix,DRV-0032
VEH-0021,5.2,28411.5,11/05/2024 21:23,Los Angeles,DRV-0086
VEH-0207,unknown,177417.8,11-25-2024,Phoenix,DRV-0318
VEH-0073,79.3,144398.3,04/02/2024 22:13,n/a,DRV-0200
VEH-0080,67.4,211721.8,08-26-2024,Phoenix,DRV-0338
VEH-0176,96.1,N/A,2024-12-26 11:28:00,n/a,DRV-0195
VEH-0034,89.6,97300.4,03-18-2024,Houston,DRV-0137
VEH-0182,,184781.2,2024-05-20 08:59:00,New York,DRV-0198
VEH-0049,81.4,171283.6,25/02/2024 04:20,Chicago,DRV-0388
VEH-0092,26.5,123764.0,01-14-2024,,DRV-0085
VEH-0133,21.8,237490.3,07-16-2024,Phoenix,DRV-0036
VEH-0198,73.4,52207.7,03/02/2024 19:21,Houston,DRV-0092
VEH-0129,85.1,137636.3,16/01/2024 20:38,Los Angeles,DRV-0182
VEH-0202,18.0%,59385.8,2024/10/06 22:17:00,Los Angeles,DRV-0184
VEH-0220,70.5,112746.6,2024-02-21 05:06:00,Phoenix,DRV-0106
VEH-0160,56.6,178675.6,2024/12/02 04:27:00,,DRV-0253
VEH-0102,84.8,182215.4,01-30-2024,,DRV-0262
VEH-0176,7.5,246721.7,12-21-2024,New York,DRV-0217
VEH-0087,9.0,150228.0,2024-02-25 20:29:00,Chicago,DRV-0079
VEH-0164,15.5,20684.2,11-05-2024,New York,DRV-0029
VEH-0045,9.5,189596.2,2024/06/28 17:07:00,Phoenix,DRV-0399
VEH-0151,56.3,,24/01/2024 13:44,n/a,DRV-0178
VEH-0073,,231595.7,06-26-2024,Chicago,DRV-0246
,95.2,184481.9,2024-05-12 08:13:00,Chicago,DRV-0190
VEH-0240,124.6,49024.4,2024/03/23 17:25:00,Phoenix,DRV-0002
VEH-0025,6.4,207843.4,14/03/2024 13:09,New York,DRV-0196
VEH-0239,6.9,137429.3,03-15-2024,,DRV-0292
VEH-0247,89.9%,,02-06-2024,New York,DRV-0215
VEH-0180,37.0,116059.6,2024/03/12 08:47:00,n/a,DRV-0351
VEH-0075,87.4,59118.7,10-09-2024,Houston,DRV-0386
VEH-0243,66.8,209341.8 mi,2024-08-16 14:47:00,,DRV-0222
,42.2,9980.6,22/10/2024 10:43,Phoenix,DRV-0283
  ,55.2,-12626.9,24/08/2024 16:10,n/a,DRV-0173
VEH-0140,20.7,129143.2,06-06-2024,Houston,DRV-0348
VEH-0027,25.2,,2024-06-15 12:00:00,Los Angeles,DRV-0282
VEH-0114,23.0%,226.5,2024-07-11 00:27:00,New York,DRV-0206
,44.4,156558.6,04/05/2024 08:31,UNKNOWN,DRV-0149
VEH-0226,1.4,-62094.1,2024/05/06 23:02:00,Phoenix,DRV-0189
VEH-0148,45.0,,2024-01-05 03:40:00,Los Angeles,DRV-0193
VEH-0021,85.3,214038.4,2024-03-14 05:35:00,Chicago,DRV-0181
VEH-0233,44.3,12090.7 mi,10-03-2024,Houston,DRV-0174
VEH-0095,14.1,156235.9,06-02-2024,Los Angeles,DRV-0167
VEH-0034,68.7,,2024/01/16 09:03:00,Los Angeles,DRV-0171
VEH-0013,63.0,207163.2,18/04/2024 16:38,Chicago,DRV-0225
VEH-0150,88.8,49804.9,2024/11/20 19:46:00,Chicago,DRV-0012
VEH-0126,94.6,N/A,05-18-2024,New York,DRV-0253
VEH-0123,117.0,60549.0,2024-09-27 02:57:00,UNKNOWN,DRV-0013
VEH-0233,63.4,88476.4,12-28-2024,,DRV-0092
VEH-0205,56.0,N/A,2024/10/18 04:20:00,Chicago,DRV-0056
VEH-0225,95.3,129184.0,23/08/2024 04:10,Chicago,DRV-0116
VEH-0141,73.6,75307.8,2024/10/29 23:04:00,Phoenix,DRV-0055
VEH-0030,44.8,33568.7,11-23-2024,UNKNOWN,DRV-0274
VEH-0003,46.1,76771.9,2024/04/05 08:12:00,Houston,DRV-0285
VEH-0091,78.4,99135.7,10-17-2024,,DRV-0051
VEH-0012,116.5,66698.6,01/01/2024 19:02,Phoenix,DRV-0334
VEH-0009,44.7,18094.1,02-10-2024,Phoenix,DRV-0363
VEH-0219,18.7,223139.7,2024/06/09 14:11:00,Houston,DRV-0249
VEH-0206,47.2,,10-05-2024,UNKNOWN,DRV-0249
VEH-0013,58.8,106624.9,27/01/2024 06:05,Chicago,DRV-0301
VEH-0033,unknown,247490.1,2024-08-29 10:15:00,New York,DRV-0026
VEH-0228,96.2,127866.9,2024-06-15 12:00:00,Los Angeles,DRV-0339
VEH-0244,97.0,216267.8,2024-01-05 05:10:00,,DRV-0271
VEH-0009,68.8,68368.6,08-17-2024,New York,DRV-0306
VEH-0007,50.7,218555.6,08-19-2024,Chicago,DRV-0221
VEH-0172,82.4,25786.7,2024/05/31 09:11:00,UNKNOWN,DRV-0288
VEH-0233,62.9,243995.8,2024/02/20 10:28:00,n/a,DRV-0017
VEH-0128,31.8,212027.3,2024-10-10 12:13:00,UNKNOWN,DRV-0209
VEH-0080,80.9,90442.1,2024-03-07 18:34:00,New York,DRV-0273
VEH-0249,66.3,213134.7,07-12-2024,n/a,DRV-0301
VEH-0169,28.7,91946.5,15/03/2024 23:38,Phoenix,DRV-0289
VEH-0034,54.7%,21861.6,2024/02/06 15:57:00,Houston,DRV-0374
VEH-0037,,205633.7,2024/06/02 09:54:00,Phoenix,DRV-0316
VEH-0094,,202608.2,12-20-2024,,DRV-0123
VEH-0236,16.9,N/A,2024-07-29 01:18:00,Houston,DRV-0083
VEH-0144,82.6,195507.0,2024-04-17 19:25:00,n/a,DRV-0146
VEH-0110,39.4,-47968.3,08/03/2024 12:33,UNKNOWN,DRV-0290
VEH-0241,6.2,23090.1 mi,07/05/2024 19:13,Phoenix,DRV-0183
VEH-0185,36.2,83627.8,06-30-2024,Phoenix,DRV-0326
VEH-0132,7.3,49773.4,2024-08-03 14:49:00,Chicago,DRV-0104
VEH-0122,23.4,159800.5,2024/10/29 17:27:00,Houston,DRV-0129
VEH-0178,,98408.9,13/10/2024 10:53,Chicago,DRV-0172
VEH-0041,84.8,45454.4 mi,21/01/2024 02:42,Phoenix,DRV-0093
VEH-0211,83.9,2854.5,2024/06/25 13:20:00,Chicago,DRV-0201
VEH-0058,37.5,156688.3,2024-02-14 23:55:00,New York,DRV-0095
VEH-0138,82.7,26730.0,01-11-2024,n/a,DRV-0024
VEH-0011,8.3,38630.2,01-07-2024,New York,DRV-0272
VEH-0214,35.1,101163.4,04-20-2024,New York,DRV-0050
VEH-0212,87.9,139260.1,08-25-2024,Los Angeles,DRV-0166
VEH-0051,95.1,182419.6,2024-05-15 09:02:00,n/a,DRV-0333
VEH-0242,36.9,92453.3,2024/04/12 21:55:00,UNKNOWN,DRV-0291
VEH-0074,36.8,112152.7,09-09-2024,,DRV-0090
VEH-0059,66.6,241511.9,01-25-2024,Los Angeles,DRV-0194
VEH-0016,23.2%,101331.3,10/11/2024 17:09,UNKNOWN,DRV-0125
VEH-0002,24.2,178513.2,2024-10-09 04:31:00,Houston,DRV-0019
VEH-0046,58.3,105356.1 mi,2024-05-06 13:17:00,,DRV-0143
VEH-0198,71.2,206494.6,09-20-2024,Houston,DRV-0108
VEH-0235,30.3,133117.7,2024/01/24 16:10:00,n/a,DRV-0081
VEH-0170,73.6,12914.3,11-13-2024,Houston,DRV-0382
VEH-0188,10.8,17411.5,2024/10/03 14:43:00,New York,DRV-0214
VEH-XXXX,76.2,96635.1,2024-09-17 14:50:00,Chicago,DRV-0039
VEH-0231,80.8,N/A,2024-06-12 14:52:00,n/a,
VEH-0196,44.8,,07/02/2024 06:02,n/a,DRV-0038
VEH-0185,94.7,221213.8,08/01/2024 18:30,Houston,DRV-0016
VEH-0162,68.7,168554.9,08-04-2024,UNKNOWN,DRV-0055
VEH-0160,51.1%,111379.5,2024-06-10 00:39:00,New York,
VEH-0144,16.8,209110.5,29/09/2024 12:03,Phoenix,DRV-0194
VEH-0188,5.4,187161.3,2024-06-15 12:00:00,Los Angeles,DRV-0260
VEH-0002,20.6,30346.6,19/01/2024 11:24,,DRV-0128
VEH-0054,60.8,128172.1,08-15-2024,Chicago,DRV-0022
VEH-0043,24.1,58391.8,19/02/2024 09:14,Houston,DRV-0313
VEH-0137,91.1,40428.2,07-01-2024,Chicago,DRV-0353
VEH-0108,76.1,-178253.6,27/11/2024 23:43,Chicago,DRV-0296
VEH-0064,99.4%,58182.1,2024/10/07 22:56:00,Houston,DRV-0291
VEH-0091,19.0,198148.8,01-18-2024,UNKNOWN,DRV-0193
VEH-0208,84.6,183929.5,07-10-2024,Los Angeles,DRV-0200
VEH-0146,83.2,229599.4,05/02/2024 22:54,Chicago,DRV-0023
VEH-0237,58.7%,186359.9,2024/07/27 14:44:00,,DRV-0043
VEH-0152,88.4,57019.9,09-13-2024,n/a,DRV-0303
VEH-0083,22.0,170814.7,2024/06/04 18:39:00,Phoenix,DRV-0232
VEH-0029,37.2,6459.7,2024/05/30 18:36:00,New York,DRV-0261
VEH-0179,84.5,62252.2,21/10/2024 04:31,Houston,DRV-0208
VEH-0109,3.8%,217699.3,09/06/2024 04:50,Chicago,DRV-0100
VEH-0111,,153292.6,2024/07/05 11:42:00,,DRV-0367
VEH-0025,49.5,8597.1,2024/10/26 08:31:00,New York,DRV-0331
VEH-0150,,74387.1,2024/09/01 22:33:00,UNKNOWN,DRV-0210
VEH-0016,50.1,245355.4 mi,2024-01-24 12:48:00,Phoenix,DRV-0210
VEH-0049,20.6,110307.4,23/08/2024 05:24,Los Angeles,DRV-0008
VEH-0177,88.1,64165.4,10/07/2024 00:22,UNKNOWN,DRV-0030
VEH-0207,63.5,157455.2,18/03/2024 02:03,Houston,DRV-0065
VEH-0188,unknown,81199.7,08-06-2024,Phoenix,DRV-0059
VEH-0064,33.1,29663.9,01-27-2024,Phoenix,DRV-0284
VEH-0071,71.0,78587.5,2024-11-06 10:11:00,Houston,DRV-0027
VEH-0080,66.4,102799.4,21/05/2024 14:16,Houston,DRV-0400
VEH-0013,22.0,-56.8,2024/11/05 15:21:00,Houston,DRV-0192
  ,104.3,181007.3,12-11-2024,Chicago,DRV-0162
VEH-0174,39.1,211237.6,2024-02-17 20:37:00,UNKNOWN,DRV-0343
VEH-0127,121.0,101776.6,2024-04-16 23:17:00,Houston,DRV-0020
VEH-0103,unknown,44629.9,2024/10/04 22:23:00,Houston,DRV-0191
VEH-0152,71.4,200432.0,2024/10/05 17:44:00,,DRV-0109
VEH-0030,41.5,22335.0,2024-09-13 13:08:00,n/a,DRV-0306
VEH-0085,28.0,238716.3,2024/03/09 01:12:00,n/a,
VEH-0128,53.0,60463.1,05-28-2024,Chicago,DRV-0225
VEH-0104,65.1,N/A,2024/10/15 19:52:00,Phoenix,DRV-0089
VEH-0227,91.8,102010.1,20/02/2024 10:36,Phoenix,
VEH-0148,87.5,132234.3,07-26-2024,n/a,DRV-0250
VEH-0050,19.9,146925.8,2024-06-06 21:44:00,Phoenix,DRV-0304
VEH-0160,37.4,170365.2,15/07/2024 16:56,,DRV-0044
VEH-0091,39.3,223011.6,01/07/2024 12:01,Los Angeles,DRV-0331
  ,80.3,240230.0,2024-04-20 14:25:00,New York,DRV-0017
VEH-0143,53.3,149098.4,01-15-2024,Los Angeles,DRV-0092
VEH-0141,76.0,148909.7 mi,05/10/2024 21:40,,DRV-0270
VEH-0157,46.5,211847.0,2024/01/29 17:00:00,Phoenix,DRV-0387
VEH-0040,39.6,-228772.5,2024-07-13 16:37:00,n/a,DRV-0128
VEH-0044,,81844.2,2024-01-23 20:49:00,Chicago,DRV-0316
VEH-0202,59.7,202540.3,05-13-2024,New York,DRV-0328
VEH-0147,85.6,207555.0,2024/07/27 04:57:00,New York,DRV-0013
VEH-0040,43.7,226039.7,2024/02/23 20:38:00,UNKNOWN,DRV-0274
VEH-0222,49.6,100911.7,16/06/2024 11:55,Houston,DRV-0167
VEH-0205,74.6,223377.5,2024-06-30 11:01:00,Chicago,DRV-0394
VEH-0073,8.5,201906.5,2024-10-14 10:47:00,Phoenix,DRV-0200
VEH-0033,39.6,74668.0,26/11/2024 17:39,Los Angeles,DRV-0064
VEH-0125,145.0,225104.5,23/06/2024 06:01,Phoenix,DRV-0283
VEH-0230,55.9,,2024/08/08 23:31:00,Houston,DRV-0278
VEH-0212,22.2,57768.7,2024/03/19 11:20:00,New York,DRV-0345
VEH-0149,76.2,N/A,2024-08-01 14:32:00,,DRV-0344
VEH-0090,75.1,25343.2,2024/06/12 02:03:00,Phoenix,DRV-0028
VEH-0094,59.9,182164.1,2024/07/20 14:17:00,New York,DRV-0129
VEH-0180,73.9,156302.9,10-05-2024,UNKNOWN,DRV-0239
VEH-0207,15.8%,172029.4,2024-09-24 20:05:00,Houston,DRV-0255
VEH-0250,79.9%,,2024-08-16 02:57:00,Chicago,DRV-0227
VEH-0197,29.0,144299.9,2024-09-28 16:42:00,Chicago,DRV-0367
VEH-0070,149.4,34109.9,21/07/2024 06:25,New York,DRV-0249
VEH-0033,69.6,113635.3,2024-01-03 12:42:00,Phoenix,DRV-0369
VEH-0061,42.1,159044.3,11-19-2024,Chicago,DRV-0330
VEH-0044,38.4,135888.2,2024-02-24 14:45:00,n/a,DRV-0315
VEH-0244,30.2,223771.3,2024/02/21 03:27:00,,DRV-0185
VEH-0062,24.3,231758.6 mi,11/01/2024 04:23,Houston,DRV-0088
VEH-0081,33.7,179484.3,2024-06-25 18:05:00,New York,DRV-0132
VEH-0036,11.5,173705.2,2024/05/16 02:21:00,,DRV-0076
VEH-0039,,160120.8,06-14-2024,Houston,DRV-0097
VEH-0003,134.8,-141268.1,2024-05-15 17:08:00,Phoenix,DRV-0320
VEH-0172,2.9,206454.2,05-18-2024,n/a,DRV-0013
VEH-0108,42.8,149016.0,2024-06-11 14:01:00,Houston,DRV-0205
VEH-0079,39.9,4793.2 mi,07-03-2024,Phoenix,DRV-0215
VEH-0114,97.5,210634.6,02-25-2024,UNKNOWN,DRV-0334
VEH-0123,43.2,-245092.2,2024-09-15 01:48:00,Phoenix,DRV-0373
VEH-0163,2.0,219848.3,2024/06/25 12:58:00,,DRV-0330
VEH-0145,89.1%,131925.3,2024-08-12 09:39:00,,DRV-0002
VEH-0100,28.8,59002.0,28/02/2024 19:32,,DRV-0041
VEH-0098,29.1,193066.9,2024/01/09 18:15:00,Chicago,DRV-0081
VEH-0109,80.3,11036.4,2024/10/29 23:16:00,Houston,DRV-0062
VEH-0025,25.2,218260.8,2024/05/19 12:08:00,Phoenix,DRV-0292
VEH-0001,140.9,95530.9,2024-04-12 11:34:00,n/a,DRV-0036
VEH-0221,10.6,28060.3,03/01/2024 23:36,UNKNOWN,
VEH-0112,unknown,20015.9,2024/12/04 15:01:00,Chicago,DRV-0192
VEH-0122,81.7,239898.0,05/10/2024 10:47,Los Angeles,DRV-0100
VEH-0138,70.1,197260.2,2024-06-15 12:00:00,Houston,DRV-0326
VEH-0151,44.9,144403.3,2024-01-10 06:09:00,Chicago,DRV-0126
VEH-0014,98.1,157953.4,2024/02/18 11:52:00,Phoenix,DRV-0338
VEH-0007,54.2,114890.7,03-08-2024,Phoenix,DRV-0340
  ,17.6,151554.2,2024-10-09 18:08:00,,DRV-0089
VEH-0091,91.1,43646.0,2024/10/24 11:05:00,Chicago,
VEH-0247,66.7,108849.1,2024-01-11 03:10:00,Phoenix,DRV-0204
VEH-0060,33.3,188718.1,2024/08/12 23:49:00,Phoenix,DRV-0065
VEH-0139,43.6,,2024/09/30 00:52:00,UNKNOWN,DRV-0334
VEH-0176,61.4,63214.5,23/02/2024 01:21,Los Angeles,DRV-0072
VEH-0109,34.8,166227.9,2024-03-10 09:07:00,New York,DRV-0121
VEH-0111,10.1,155784.5,28/02/2024 20:27,n/a,DRV-0245
VEH-0245,8.0,131127.8,07-24-2024,n/a,DRV-0234
VEH-0226,40.4,53686.1,03-06-2024,n/a,DRV-0382
VEH-0130,86.3,120345.7,2024/11/03 15:40:00,Phoenix,DRV-0328
VEH-0149,77.7,71351.3,2024/11/20 14:04:00,UNKNOWN,DRV-0341
VEH-0045,29.1,36177.7,2024-02-07 14:48:00,Phoenix,DRV-0254
VEH-0247,51.9,11741.5,30/04/2024 18:19,UNKNOWN,DRV-0290
VEH-0212,62.3,243345.7,04-17-2024,Phoenix,DRV-0271
VEH-0046,26.9,49657.9,2024/05/30 14:15:00,Houston,DRV-0248
VEH-0167,93.4,216838.7 mi,01-25-2024,Chicago,DRV-0346
VEH-0149,86.7,167317.1,04-28-2024,Chicago,DRV-0338
VEH-0235,95.4,55813.9,2024/12/19 11:12:00,Houston,DRV-0270
VEH-0152,7.5,-26540.1,05/12/2024 10:20,n/a,DRV-0129
VEH-0053,3.8,91792.4,08-02-2024,UNKNOWN,DRV-0365
VEH-0139,79.0,48434.7,2024-03-26 19:04:00,New York,DRV-0096
VEH-0087,57.6,31528.8,14/07/2024 02:11,Los Angeles,DRV-0143
VEH-0229,98.1,153427.0,2024-08-07 05:14:00,n/a,DRV-0192
VEH-0061,38.5,114781.0,01-22-2024,,DRV-0318
VEH-0188,41.1,60132.9,2024-07-30 00:02:00,Los Angeles,DRV-0205
VEH-0180,34.8%,12587.4,27/12/2024 12:20,,DRV-0076
VEH-0164,75.1,,07-24-2024,,DRV-0195
VEH-0216,21.3,167188.3,08-25-2024,Phoenix,DRV-0181
VEH-0023,46.0,157126.0 mi,2024/07/30 23:54:00,Chicago,DRV-0166
VEH-0227,58.8,139238.0,2024-04-30 17:13:00,UNKNOWN,DRV-0115
VEH-0100,65.9,247281.3,2024/10/09 04:02:00,New York,DRV-0283
VEH-0178,85.3,124583.3,02-09-2024,UNKNOWN,DRV-0377
VEH-0023,57.1,83106.7,2024-01-09 08:00:00,,DRV-0356
VEH-0036,unknown,107287.4,06/08/2024 02:21,New York,DRV-0227
VEH-0035,60.2,15170.8,09-07-2024,Houston,DRV-0232
VEH-0100,,56531.3,07/11/2024 00:58,Phoenix,DRV-0300
VEH-0213,44.1,219978.7,2024/06/13 21:05:00,New York,DRV-0290
VEH-0107,46.9,234644.6,03/09/2024 08:42,Phoenix,DRV-0378
VEH-0095,56.0,,09-06-2024,Houston,DRV-0199
VEH-0125,17.1,16262.9,01/04/2024 13:49,UNKNOWN,DRV-0085
VEH-0220,100.0,249159.2,31/01/2024 23:38,Houston,DRV-0355
VEH-0228,4.7,141580.7,05/04/2024 13:41,Houston,DRV-0360
VEH-0027,70.5,204282.0,2024/06/18 01:39:00,Phoenix,DRV-0278
VEH-0173,94.3%,204496.2,2024/11/10 13:02:00,UNKNOWN,DRV-0166
VEH-0003,9.7,119014.2,27/04/2024 17:34,Phoenix,DRV-0299
VEH-0007,99.0,77969.9,23/10/2024 13:43,Chicago,DRV-0081
VEH-0051,10.6%,58263.3,05/02/2024 03:44,Los Angeles,
VEH-0199,87.7,132047.3,2024-06-15 12:00:00,n/a,DRV-0362
VEH-0068,115.3,152963.2,2024/07/10 07:44:00,,DRV-0071
VEH-0248,22.7,42831.1,21/07/2024 08:53,New York,DRV-0366
VEH-0024,92.5,99398.0,2024-05-01 10:17:00,,DRV-0134
VEH-0249,74.2,6299.8,2024-06-08 00:49:00,Phoenix,DRV-0283
VEH-0050,45.0,187206.6,09-09-2024,UNKNOWN,DRV-0061
VEH-0033,94.7%,-33983.2,2024/11/08 20:47:00,Phoenix,DRV-0390
VEH-0053,40.9,136045.0,2024-06-21 05:45:00,,DRV-0226
VEH-0150,51.4%,77117.1,14/04/2024 18:21,Chicago,DRV-0187
VEH-0115,17.4,84369.3,11-21-2024,Phoenix,DRV-0237
VEH-0164,50.4%,207550.7,09/06/2024 23:21,,DRV-0285
VEH-0216,15.0,184358.4,2024-07-23 20:16:00,Chicago,DRV-0289
VEH-0104,90.9,64695.0,20/03/2024 13:36,Houston,DRV-0230
VEH-0009,0.5,190247.7,20/01/2024 13:02,Houston,DRV-0198
VEH-0201,27.0,51709.3,2024-12-16 05:22:00,n/a,DRV-0161
VEH-0081,12.8,26027.4,10/10/2024 22:52,,DRV-0055
VEH-0197,38.8,158178.0 mi,05/02/2024 20:05,n/a,DRV-0081
VEH-0217,131.6,190575.7,09-24-2024,UNKNOWN,DRV-0090
VEH-0181,45.0,47158.1,27/02/2024 13:09,New York,DRV-0161
VEH-0175,77.4,203457.3,2024/04/24 09:51:00,n/a,DRV-0048
VEH-0112,,217741.9,03-21-2024,Los Angeles,DRV-0266
  ,43.0,218182.6,2024/10/21 14:06:00,,DRV-0192
VEH-0048,52.2,1805.0,2024-06-30 08:49:00,Chicago,DRV-0204
VEH-0079,30.4,21614.4,2024/01/13 22:22:00,Phoenix,DRV-0291
VEH-0249,unknown,136677.6,21/06/2024 03:01,,DRV-0110
VEH-0154,94.3,196297.4,2024-08-06 13:54:00,Houston,DRV-0260
VEH-0034,90.8,235925.4,2024-03-30 22:12:00,,DRV-0057
VEH-0025,57.7,29802.6,11/02/2024 14:56,n/a,DRV-0278
VEH-0173,93.7,34380.2,01-16-2024,New York,DRV-0090
VEH-0070,61.7,176694.3,2024-05-07 02:27:00,Chicago,DRV-0314
VEH-0200,19.6,,01-24-2024,New York,DRV-0047
VEH-0072,70.1,18190.8,08-04-2024,Houston,DRV-0251
VEH-0082,71.6,80798.5,11-03-2024,New York,
VEH-0093,15.2,218970.8,07-07-2024,New York,DRV-0329
VEH-0092,23.1,185875.6 mi,06-01-2024,Houston,DRV-0339
VEH-0003,18.8,201241.7,2024/08/24 08:45:00,Houston,DRV-0328
VEH-0227,40.5,129070.8,2024/02/23 21:43:00,Phoenix,DRV-0312
VEH-0154,90.4,204352.0,2024/11/02 08:55:00,Phoenix,DRV-0329
VEH-0202,82.3,52511.8,2024/03/29 07:32:00,New York,DRV-0014
VEH-0084,4.0,50284.1,2024-02-03 10:20:00,Los Angeles,DRV-0377
VEH-0143,66.2,147978.6,2024-01-02 11:20:00,UNKNOWN,DRV-0115
VEH-0081,29.5,142803.2,2024/10/12 16:29:00,Houston,DRV-0264
VEH-0244,35.8,37349.8,27/11/2024 14:13,n/a,DRV-0297
VEH-0040,18.8,88846.1,2024/10/11 15:13:00,Houston,DRV-0033
VEH-0238,89.6,14447.0,2024-12-04 20:18:00,Houston,DRV-0145
VEH-0125,128.1,232708.2,2024/04/10 13:10:00,Phoenix,DRV-0301
VEH-0220,2.7,16301.1,06-06-2024,Phoenix,DRV-0319
VEH-0104,16.7,195157.9,07-12-2024,New York,DRV-0170
VEH-0242,112.6,182054.1,2024-12-23 10:43:00,New York,DRV-0241
VEH-0071,11.1,211613.1,2024/01/10 00:04:00,Los Angeles,DRV-0076
VEH-0196,78.8,166246.2,06/04/2024 05:59,Los Angeles,DRV-0322
VEH-0179,98.3%,60400.3,07-04-2024,,DRV-0383
VEH-0095,1.0,179012.5,2024-02-12 04:39:00,Phoenix,DRV-0064
VEH-0013,49.4,,22/08/2024 05:03,Phoenix,DRV-0311
VEH-0225,56.8,74089.4,2024-05-12 19:31:00,Houston,DRV-0215
VEH-0121,97.6,84223.9,2024/08/29 09:37:00,n/a,DRV-0151
VEH-0179,16.2,121610.6,2024/08/29 06:23:00,,DRV-0222
VEH-0006,53.4,169725.8,2024/06/12 18:44:00,UNKNOWN,DRV-0164
VEH-0161,16.7,41904.8,2024-10-31 22:48:00,Houston,DRV-0272
VEH-0189,60.8,111143.4,04-13-2024,Chicago,DRV-0192
VEH-0149,86.7,167317.1,04-28-2024,Chicago,DRV-0338
VEH-0024,38.5,100573.7 mi,11/06/2024 01:23,Phoenix,DRV-0226
VEH-0050,80.6,69918.5,2024/07/10 09:41:00,New York,
VEH-0004,65.6,124255.9,08-25-2024,New York,DRV-0157
VEH-0005,79.6,183756.3,2024/10/29 16:37:00,New York,
VEH-0125,147.5,225561.4,09-21-2024,Los Angeles,DRV-0269
VEH-0195,4.2,4468.5,2024-12-07 15:49:00,UNKNOWN,DRV-0245
VEH-0249,,153234.9,2024-04-15 07:04:00,Houston,DRV-0287
VEH-0248,28.4,237106.3,2024/05/31 05:06:00,Houston,DRV-0337
VEH-0059,45.4,96464.9,2024-12-24 18:57:00,UNKNOWN,DRV-0343
VEH-0203,74.7,54678.5,08-14-2024,,DRV-0251
VEH-0103,73.9,106579.6,10-02-2024,Phoenix,DRV-0240
VEH-0083,62.0,69345.3,2024/06/09 23:00:00,Phoenix,DRV-0286
VEH-0098,unknown,182234.8,2024/12/16 03:24:00,Los Angeles,
VEH-0025,41.0,233298.2,09-23-2024,UNKNOWN,DRV-0382
VEH-0022,95.6,7157.8,14/09/2024 10:39,n/a,DRV-0247
VEH-0059,81.3,179530.8,2024/02/27 05:43:00,Los Angeles,DRV-0397
VEH-0050,,57659.7 mi,2024/05/23 03:00:00,Houston,DRV-0388
VEH-0131,51.7,189694.1,2024/02/17 17:44:00,Phoenix,DRV-0227
VEH-0059,39.2,223918.7,02/07/2024 17:49,New York,DRV-0111
VEH-0195,96.7,67149.7,05-08-2024,,DRV-0370
VEH-0060,unknown,,06-07-2024,,DRV-0256
VEH-0051,,173012.6,2024/07/17 08:31:00,Chicago,DRV-0226
VEH-0157,94.3,24623.7,19/10/2024 06:34,New York,DRV-0374
VEH-0176,28.2,88262.6,20/03/2024 03:52,Houston,DRV-0157
VEH-0054,1.4,141714.6,2024/01/12 09:58:00,Chicago,DRV-0007
VEH-0202,62.1,194469.4,2024-11-10 11:42:00,Houston,DRV-0070
VEH-0045,50.8,39344.6,2024-05-30 18:45:00,,DRV-0067
VEH-0073,12.6,225774.4,2024-09-09 07:57:00,UNKNOWN,DRV-0008
VEH-0049,31.2,,02-03-2024,Chicago,DRV-0272
VEH-0180,75.6,113545.9 mi,03-21-2024,Houston,DRV-0094
VEH-0137,,21000.4,02-24-2024,Houston,DRV-0097
VEH-0069,23.6,233126.0 mi,09-16-2024,,DRV-0117
VEH-0145,25.9,48656.0,2024-02-14 07:41:00,New York,DRV-0265
VEH-0117,19.5,86335.5,09-06-2024,Los Angeles,DRV-0219
VEH-0072,4.7,167136.7,2024/10/16 00:22:00,Houston,DRV-0071
VEH-0129,51.2,235891.3,2024-04-11 10:07:00,Houston,DRV-0379
VEH-0238,95.8,43825.7,27/03/2024 07:09,Houston,DRV-0137
VEH-0072,33.9,126482.9,2024/06/05 04:53:00,New York,DRV-0358
VEH-0192,87.5,75364.0,09-05-2024,Phoenix,DRV-0180
VEH-0113,25.9,181051.2,2024-10-28 16:50:00,Los Angeles,DRV-0345
VEH-0055,76.0%,213246.0,20/12/2024 12:06,Chicago,DRV-0189
VEH-0249,86.0,114563.3,02-20-2024,,DRV-0147
VEH-0159,45.9%,62947.1,2024-08-19 01:04:00,n/a,DRV-0275
VEH-0162,43.4,22150.1,04-06-2024,Chicago,DRV-0353
VEH-0218,85.9,125014.6,2024-05-05 21:34:00,n/a,DRV-0262
VEH-0015,6.0,81375.8,02-07-2024,Houston,DRV-0094
VEH-0107,80.9,,2024/08/17 11:59:00,Los Angeles,DRV-0050
VEH-0094,75.2,197894.8,2024-10-19 06:44:00,New York,
VEH-0160,40.3,226810.8,08/02/2024 09:37,New York,DRV-0341
VEH-0034,94.1,162191.3,2024/03/18 00:25:00,Phoenix,DRV-0032
VEH-0001,63.9,99398.6,2024/11/29 23:21:00,UNKNOWN,DRV-0003
VEH-0187,43.9,9987.0,07-16-2024,Phoenix,DRV-0205
VEH-0165,60.3,56815.3,2024/10/16 17:06:00,Phoenix,DRV-0208
VEH-0026,8.5,227360.9,16/10/2024 11:23,n/a,DRV-0310
VEH-0183,132.8,6174.3,2024/05/24 08:07:00,n/a,DRV-0135
VEH-0059,88.8,87728.8,2024/05/04 03:54:00,Chicago,DRV-0125
VEH-0011,48.8,20568.1,03-08-2024,Phoenix,DRV-0071
VEH-0110,54.4,173742.5,20/06/2024 03:49,n/a,DRV-0254
VEH-0245,48.4,30811.9,2024/10/24 15:46:00,Phoenix,DRV-0151
VEH-0118,22.0,41141.5,12/05/2024 17:54,Los Angeles,DRV-0390
VEH-0004,,36128.8,01-17-2024,,DRV-0184
VEH-0002,93.7,,11-25-2024,Chicago,DRV-0025
VEH-0004,92.6,-161336.4,2024-06-15 12:00:00,n/a,DRV-0029
VEH-0091,88.2,,2024-05-24 12:25:00,Houston,DRV-0069
VEH-0059,79.1,113489.7,2024-05-02 21:42:00,Houston,DRV-0247
VEH-0232,31.6,126808.7,2024-06-16 06:20:00,,DRV-0251
VEH-0127,27.4,245994.4,2024/12/12 09:40:00,,DRV-0308
VEH-0171,36.0,171808.6,2024/11/14 01:23:00,n/a,DRV-0059
VEH-0089,21.2,7385.5,29/04/2024 22:09,New York,DRV-0051
VEH-0134,54.4,243944.7,2024-11-07 00:31:00,UNKNOWN,DRV-0090
  ,,233211.6,2024-10-30 10:30:00,UNKNOWN,DRV-0329
VEH-0094,98.4,12543.8,2024-10-17 02:02:00,UNKNOWN,DRV-0002
VEH-0006,125.8,241004.4,09/06/2024 09:14,n/a,DRV-0126
VEH-0206,92.5,45143.8,2024/07/01 03:32:00,,DRV-0395
VEH-0037,58.1,195196.4,05/04/2024 23:51,n/a,DRV-0282
VEH-0191,34.6,86992.2,12/02/2024 04:54,Phoenix,DRV-0303
VEH-0114,1.4,162344.7,2024/08/09 21:35:00,n/a,
VEH-0232,18.5%,242396.2,10-11-2024,UNKNOWN,DRV-0357
VEH-0074,2.3,111028.3,05/08/2024 22:20,Phoenix,DRV-0259
VEH-0194,45.0,,07/07/2024 08:56,Phoenix,DRV-0259
VEH-0230,,38614.9,2024-06-15 12:00:00,Phoenix,DRV-0318
VEH-0197,unknown,95706.1,2024/07/26 23:10:00,UNKNOWN,DRV-0388
VEH-0163,65.8,212645.4,2024-08-09 22:28:00,n/a,DRV-0077
VEH-0196,18.9,214858.6,2024-02-20 18:23:00,Phoenix,DRV-0243
VEH-0125,24.2,46082.8 mi,2024/08/13 19:02:00,Houston,DRV-0138
VEH-0075,unknown,22352.8,11-25-2024,UNKNOWN,DRV-0010
VEH-0174,60.4,69256.4 mi,08-17-2024,New York,DRV-0074
VEH-0221,20.4,85096.2,06-10-2024,Houston,DRV-0257
VEH-0144,20.0,79897.4,10-17-2024,Houston,DRV-0133
VEH-0098,65.4,49524.4,14/11/2024 04:28,Houston,DRV-0149
VEH-0074,4.1,80516.9,2024-06-18 10:32:00,n/a,DRV-0054
VEH-0124,,191712.2,10/07/2024 17:55,Phoenix,DRV-0393
VEH-0093,40.3,33503.8,27/12/2024 00:46,UNKNOWN,DRV-0156
VEH-0142,87.8%,,2024/03/19 09:00:00,,DRV-0339
VEH-0002,11.1,8897.6,2024-11-09 06:19:00,n/a,DRV-0150
VEH-0193,97.0,107808.5,2024/12/24 20:45:00,,DRV-0061
VEH-0191,96.7,109663.8,06/02/2024 13:13,New York,DRV-0136
VEH-0188,9.4,42923.5,2024/05/15 02:33:00,n/a,DRV-0055
VEH-0013,unknown,60511.3 mi,2024/11/06 13:01:00,Chicago,DRV-0304
VEH-0218,22.1,149556.3 mi,2024/01/13 20:26:00,,DRV-0380
VEH-0159,21.6,164721.4,26/07/2024 17:02,Chicago,DRV-0355
VEH-0155,42.3,10506.2,31/08/2024 19:49,,DRV-0342
VEH-0096,72.3,,2024/09/07 12:01:00,Phoenix,DRV-0186
VEH-0117,66.2,203734.9,2024/07/20 18:31:00,Houston,DRV-0219
VEH-0127,60.1,170458.3,2024-06-11 20:36:00,Los Angeles,DRV-0259
VEH-0198,6.0,110813.4,2024-12-03 22:07:00,New York,DRV-0326
VEH-0021,69.8,197565.0,2024-12-10 11:40:00,UNKNOWN,DRV-0097
VEH-0054,93.7,41131.3,2024-07-15 11:49:00,,DRV-0033
VEH-0034,35.5,103293.1,2024/09/10 15:16:00,Chicago,DRV-0170
VEH-0083,99.7,180039.4,25/10/2024 22:13,New York,DRV-0163
VEH-0069,0.9,N/A,2024-10-10 06:20:00,UNKNOWN,DRV-0292
VEH-0231,30.6,155974.0,2024/10/21 03:19:00,Houston,DRV-0320
VEH-0113,40.8,28486.3,29/09/2024 17:59,n/a,DRV-0307
VEH-0009,8.4%,202965.4 mi,2024/11/07 15:04:00,Phoenix,DRV-0326
VEH-0231,,52626.7,01-03-2024,New York,DRV-0191
VEH-0029,unknown,125636.9 mi,05/10/2024 00:45,n/a,DRV-0121
VEH-0044,10.1,41872.8,29/10/2024 14:42,,DRV-0084
VEH-0103,80.4,46010.3,02-07-2024,Houston,DRV-0041
VEH-0219,18.5,,20/07/2024 02:39,Houston,DRV-0368
VEH-0213,33.7,206880.9,2024-01-07 03:18:00,Los Angeles,DRV-0179
VEH-0232,58.0,135054.3,31/03/2024 01:09,UNKNOWN,DRV-0376
VEH-0212,71.9,183100.3,07-17-2024,UNKNOWN,DRV-0310
  ,86.6,60337.4 mi,11-19-2024,n/a,DRV-0206
VEH-0134,47.1,96974.6,2024-10-22 14:48:00,Los Angeles,DRV-0393
VEH-0209,99.4,,2024-11-28 20:05:00,,
VEH-0215,13.0,222187.0,2024-07-05 08:51:00,n/a,DRV-0368
VEH-0061,,112566.3,02-27-2024,,DRV-0035
VEH-0098,9.1,169736.4,07-09-2024,New York,DRV-0040
VEH-0190,18.6,24931.6,05-05-2024,Los Angeles,DRV-0326
VEH-0088,93.1,29091.6,2024/04/22 22:02:00,Los Angeles,DRV-0224
VEH-0032,90.7,47810.5,2024-10-09 18:06:00,New York,DRV-0179
VEH-0160,27.0,N/A,01/01/2024 00:37,Los Angeles,DRV-0127
VEH-0024,42.8,179399.4,12/04/2024 08:28,Los Angeles,DRV-0257
VEH-0009,90.1,11361.6,12/01/2024 09:25,Houston,DRV-0305
VEH-0061,29.2,140677.9,2024-06-11 04:09:00,Los Angeles,DRV-0263
VEH-0142,37.0,187819.7,2024-01-01 14:20:00,Houston,DRV-0259
VEH-0004,1.7%,240091.7,2024/01/27 07:23:00,Phoenix,DRV-0387
VEH-0168,8.8,194199.6,2024/02/12 01:39:00,UNKNOWN,DRV-0174
VEH-0006,12.3,231983.6,23/04/2024 21:49,Los Angeles,DRV-0001
VEH-0073,65.9,133073.0,05-29-2024,Los Angeles,DRV-0274
VEH-0108,31.6,13935.2,2024/08/06 08:11:00,New York,DRV-0046
VEH-0030,83.9,-219280.1,07-04-2024,,DRV-0171
VEH-0063,57.3,81302.8,05-27-2024,Phoenix,DRV-0063
VEH-0230,59.9,103535.3,01/09/2024 07:20,n/a,DRV-0224
VEH-0248,30.6,138783.4,2024/09/09 10:14:00,New York,DRV-0038
VEH-0026,2.1,78943.3,2024-10-09 11:02:00,New York,DRV-0152
VEH-0075,81.9,91563.3,06-11-2024,UNKNOWN,DRV-0054
VEH-0179,72.9,-218686.8,2024/03/25 08:31:00,New York,DRV-0231
VEH-0226,77.4,,06-18-2024,n/a,DRV-0260
VEH-0121,29.7,74979.8,01-10-2024,Los Angeles,DRV-0329
VEH-0020,24.5,170145.8,2024-06-06 19:58:00,n/a,DRV-0272
VEH-0191,2.2,67169.3,02-22-2024,Los Angeles,DRV-0352
VEH-0104,91.2,158294.7,2024/01/04 14:34:00,Houston,DRV-0182
VEH-0121,unknown,247009.0,30/07/2024 15:37,Chicago,DRV-0397
VEH-0117,17.3,94841.4,2024/03/24 13:01:00,Chicago,DRV-0287
VEH-0172,25.3,138824.0,09/09/2024 12:03,UNKNOWN,DRV-0114
VEH-0127,56.5,178876.5,29/08/2024 09:15,Houston,DRV-0037
VEH-0048,,120898.3,2024-08-31 04:27:00,n/a,DRV-0400
VEH-0138,43.2,31895.1,2024-08-13 16:00:00,Houston,DRV-0080
VEH-0017,75.9,241940.4,15/07/2024 15:29,Los Angeles,DRV-0173
VEH-0153,21.1,125360.4 mi,2024-04-03 18:28:00,Houston,DRV-0126
VEH-0073,30.1,4642.7,03-05-2024,Phoenix,DRV-0370
VEH-0204,47.1,99488.3,25/11/2024 04:23,Los Angeles,DRV-0399
VEH-0236,73.3,217819.2,2024-08-23 21:29:00,Phoenix,DRV-0075
VEH-0138,,184377.1,2024-11-20 04:01:00,n/a,DRV-0193
VEH-0099,94.3,162411.7,25/01/2024 09:38,UNKNOWN,DRV-0049
VEH-0149,80.3,,2024/03/18 13:04:00,New York,DRV-0222
VEH-0205,60.4,164876.5,30/01/2024 10:42,New York,DRV-0155
VEH-0022,87.3,159072.8,02-26-2024,Houston,DRV-0037
VEH-0077,67.6,-175524.3,2024/08/13 14:11:00,Phoenix,DRV-0347
VEH-0055,94.0,188783.4,15/06/2024 11:44,Chicago,DRV-0046
VEH-0068,76.2,147929.2,2024-09-29 01:44:00,UNKNOWN,DRV-0259
VEH-0145,80.1,N/A,2024/01/06 19:20:00,Houston,DRV-0367
VEH-0161,39.2,178330.4,17/06/2024 13:59,,DRV-0024
VEH-0130,86.8,,2024/10/17 02:59:00,Phoenix,DRV-0015
VEH-0023,50.6,N/A,25/05/2024 06:14,UNKNOWN,DRV-0213
VEH-0163,6.3,209834.6,2024-06-04 23:13:00,,DRV-0286
VEH-0134,48.0,156876.4,2024-05-13 21:38:00,Chicago,DRV-0339
VEH-0167,52.7,106520.8,21/10/2024 13:14,Phoenix,DRV-0276
  ,36.5,152873.7,2024-04-10 22:25:00,Phoenix,DRV-0262
VEH-0115,26.6,115535.1,2024-05-05 02:08:00,Houston,DRV-0117
VEH-0077,65.7,223766.7,02-02-2024,Los Angeles,DRV-0301
VEH-0062,99.8,65887.9,24/01/2024 08:29,Chicago,DRV-0358
VEH-0173,68.2,N/A,14/11/2024 12:48,,DRV-0056
VEH-0076,59.5,16769.1 mi,2024-05-07 05:08:00,Phoenix,DRV-0347
VEH-0210,unknown,17637.5,2024-01-06 07:36:00,Phoenix,DRV-0310
VEH-0122,35.0,195606.5,2024/12/23 04:58:00,Houston,DRV-0309
VEH-0113,25.8,114783.9,02-18-2024,New York,DRV-0059
VEH-0223,39.1,-222173.3,2024-01-14 02:39:00,Houston,DRV-0017
VEH-0165,45.9%,N/A,09-21-2024,n/a,DRV-0127
VEH-0089,26.2,,25/04/2024 10:13,,DRV-0168
VEH-0111,48.5,135206.8,17/12/2024 23:48,New York,DRV-0180
VEH-0034,31.7,169326.0,2024-07-19 08:43:00,Phoenix,DRV-0027
VEH-0215,51.1,29988.2,07/09/2024 00:41,,DRV-0275
VEH-0066,22.1,68565.5,11-11-2024,Phoenix,DRV-0003
VEH-0204,38.0,99705.7,2024/03/23 23:42:00,UNKNOWN,DRV-0060
VEH-0201,30.8,153409.5,05/07/2024 10:30,n/a,DRV-0078
VEH-0095,96.7,178781.3,2024/09/22 14:05:00,Phoenix,DRV-0126
VEH-0091,33.0,148838.9,2024-08-19 23:13:00,New York,DRV-0335
VEH-0134,92.6,,2024-09-04 02:47:00,Houston,
VEH-0042,40.9,223853.2,2024/10/31 17:12:00,Houston,DRV-0015
VEH-0182,8.0,,2024-04-02 03:19:00,Chicago,
VEH-0027,,19674.4,2024-12-09 08:40:00,New York,DRV-0300
VEH-0112,7.9,182874.1,2024/03/01 03:47:00,Houston,DRV-0374
VEH-0103,149.8,5642.1,09-30-2024,New York,DRV-0352
VEH-0126,53.2,18967.9,26/11/2024 11:16,Houston,DRV-0321
VEH-XXXX,62.7,159500.8,04-22-2024,Chicago,DRV-0348
VEH-0151,35.5,168498.6 mi,2024/06/14 02:45:00,UNKNOWN,DRV-0329
VEH-0229,25.5,210217.9,2024-03-29 02:02:00,Houston,DRV-0306
VEH-0097,17.9,98054.4,2024/10/20 16:17:00,Houston,DRV-0314
VEH-0044,42.9,187717.8,05-04-2024,New York,DRV-0015
VEH-0218,6.4,99061.8,11-15-2024,Chicago,DRV-0066
VEH-0151,68.5%,53020.3,2024-06-19 23:21:00,UNKNOWN,DRV-0373
VEH-0188,80.2,212872.3,2024-06-15 12:00:00,n/a,DRV-0017
VEH-0169,60.2,204797.2,2024/12/08 02:40:00,Chicago,DRV-0201
VEH-0113,88.3,123929.3,01/05/2024 06:12,,DRV-0291
VEH-0057,4.5,242643.3,2024/03/04 23:15:00,Chicago,
VEH-0242,67.2,130076.9,2024-07-15 10:30:00,Chicago,DRV-0221
VEH-0076,29.5,58096.1,20/09/2024 13:47,UNKNOWN,DRV-0060
VEH-0198,7.6,-237855.8,2024-11-20 02:47:00,New York,DRV-0062
VEH-0056,92.2,189367.3,15/10/2024 22:05,Los Angeles,DRV-0087
,56.4%,51244.8,2024-03-13 14:47:00,UNKNOWN,DRV-0234
VEH-0228,20.0,60577.7,07-20-2024,Houston,DRV-0275
VEH-0008,57.8,187328.8,12-08-2024,,DRV-0031
VEH-0083,44.9,134292.3,29/07/2024 03:19,Houston,DRV-0390
VEH-0122,,86819.3,2024-10-11 12:13:00,Los Angeles,DRV-0248
VEH-0126,56.7,88606.0,02-04-2024,Chicago,DRV-0281
VEH-0163,91.0,142238.9,2024-09-22 12:52:00,Los Angeles,DRV-0225
VEH-0166,17.3%,94937.9,2024-04-22 18:23:00,Chicago,DRV-0317
VEH-XXXX,47.2,,29/10/2024 21:49,Houston,DRV-0034
VEH-0070,16.8,47483.7,2024-03-03 21:04:00,New York,DRV-0118
VEH-0243,71.8,244154.4,08-03-2024,n/a,DRV-0016
VEH-0092,22.0,,08-06-2024,,DRV-0156
VEH-0058,89.4,163573.1,04-07-2024,New York,DRV-0195
VEH-0171,,1890.7 mi,31/03/2024 03:26,Houston,DRV-0180
VEH-0133,79.2,-209655.4,03-15-2024,,DRV-0274
VEH-0186,120.4,189559.6,2024/12/19 09:16:00,Phoenix,DRV-0251
VEH-0086,49.5,21529.0,07-11-2024,Los Angeles,DRV-0155
VEH-0214,51.0,26205.7,17/12/2024 06:17,n/a,DRV-0321
VEH-0102,120.0,67837.3,11-28-2024,Los Angeles,
VEH-0089,51.0%,115145.6,04-16-2024,UNKNOWN,DRV-0044
VEH-0186,72.2,70193.1,2024-09-23 08:22:00,,
VEH-0062,41.7,94216.7,2024/02/13 07:47:00,Phoenix,DRV-0325
VEH-0079,86.1,17465.5,2024-10-13 00:36:00,UNKNOWN,DRV-0042
,27.4,6652.1,09/12/2024 08:35,New York,DRV-0141
VEH-0197,98.8,106943.3,2024-06-17 08:46:00,n/a,DRV-0288
VEH-0194,2.2,80902.6,2024/11/15 21:03:00,n/a,DRV-0127
VEH-0077,68.4,220610.3 mi,30/08/2024 22:50,UNKNOWN,DRV-0192
VEH-0148,90.7,146842.5,2024/12/08 02:49:00,Houston,DRV-0331
VEH-0204,65.1,153542.2 mi,2024-01-06 16:05:00,Phoenix,DRV-0076
VEH-0069,,17348.5,11-08-2024,Phoenix,DRV-0147
VEH-0248,52.5,16513.8,03-02-2024,Los Angeles,DRV-0129
VEH-0246,45.6,222743.5,09-27-2024,New York,DRV-0143
VEH-0009,85.8,77441.1,2024/06/30 10:17:00,New York,DRV-0347
VEH-0218,78.3,69267.3,16/03/2024 04:10,n/a,DRV-0022
VEH-0143,76.2,223326.1,2024-05-02 11:17:00,Los Angeles,DRV-0315
VEH-0111,42.5,68861.7,2024-06-22 11:50:00,New York,DRV-0190
VEH-0156,34.1,119632.1,2024/01/07 16:00:00,Chicago,DRV-0061
VEH-0234,47.7%,74016.4,01-09-2024,Los Angeles,DRV-0266
VEH-0105,92.1,146112.2,12-07-2024,Houston,DRV-0340
VEH-0086,67.2,1334.8,25/03/2024 05:19,Houston,DRV-0078
VEH-0092,54.2,37025.2,2024-02-20 02:42:00,UNKNOWN,DRV-0028
VEH-0144,43.2,195445.0,2024/04/29 07:45:00,UNKNOWN,DRV-0304
VEH-0063,62.2,195330.5,2024-09-29 12:37:00,UNKNOWN,DRV-0052
VEH-0042,88.7,223483.4,2024-03-27 21:00:00,,
VEH-0154,30.6,129409.7,01-14-2024,New York,DRV-0336
VEH-0199,27.7%,148087.6,02-13-2024,Phoenix,DRV-0036
VEH-0086,70.4,161214.0,01-23-2024,New York,DRV-0254
VEH-0015,35.9,148237.7,2024-10-22 06:45:00,Houston,DRV-0342
,81.9,136781.9,2024/12/22 05:20:00,Phoenix,DRV-0096
VEH-0172,79.8,205605.6,2024/05/16 20:05:00,Los Angeles,DRV-0303
VEH-0171,52.1,121899.6,01-03-2024,,DRV-0173
VEH-0184,4.2,158383.8,2024-12-01 05:15:00,Phoenix,
VEH-0113,unknown,-68744.8,2024/11/22 03:16:00,Los Angeles,DRV-0110
VEH-0158,12.6,236444.1,13/08/2024 20:28,Chicago,DRV-0273
VEH-0106,29.3,136357.0,2024-08-01 16:18:00,Houston,DRV-0217
VEH-0169,54.5,165366.6,2024/11/01 20:30:00,UNKNOWN,DRV-0157
VEH-0117,57.7,10934.8,03-29-2024,Los Angeles,
VEH-0112,81.0%,209304.8,2024/11/06 18:19:00,Houston,DRV-0325
VEH-0031,67.5,104362.1,2024-04-02 12:31:00,Houston,DRV-0258
VEH-0195,79.2,81078.4,2024/06/05 17:45:00,Los Angeles,DRV-0294
VEH-0004,,133638.6,01/10/2024 23:28,Chicago,DRV-0282
VEH-0245,18.7,112056.6,09-02-2024,Los Angeles,DRV-0335
VEH-0103,42.2,99521.8,2024-10-13 22:30:00,n/a,DRV-0257
VEH-0163,80.3,143012.2,2024-06-15 12:00:00,Los Angeles,DRV-0009
VEH-0189,13.8,187040.4,2024-08-25 10:59:00,Phoenix,DRV-0149
VEH-0004,0.6,1916.0,08-07-2024,Los Angeles,DRV-0333
VEH-0013,23.3,156332.5,09-30-2024,,DRV-0211
VEH-0204,15.3,17247.5,06-02-2024,Phoenix,DRV-0386
VEH-0091,,120504.3,2024/06/15 05:17:00,Chicago,DRV-0217
VEH-0087,36.3,201428.6,2024-02-18 01:44:00,Phoenix,DRV-0321
VEH-0025,5.3,234387.6,02/04/2024 18:03,UNKNOWN,DRV-0187
VEH-0186,15.3,183332.0,12/01/2024 13:48,Phoenix,
VEH-0177,144.6,92866.8,28/03/2024 08:45,Chicago,DRV-0119
VEH-0217,43.0,109441.3,06/10/2024 17:54,UNKNOWN,DRV-0194
VEH-0144,34.3,216164.7,2024/12/10 17:47:00,n/a,DRV-0017
VEH-0237,70.1,114835.9,03-01-2024,UNKNOWN,DRV-0102
VEH-0151,53.0,153725.8,15/03/2024 14:30,Houston,DRV-0257
VEH-0131,34.2%,136619.1,2024-06-15 12:00:00,Los Angeles,DRV-0190
VEH-0244,9.0,84339.8,2024-09-27 07:41:00,Phoenix,DRV-0146
VEH-0091,83.2,53084.8,21/02/2024 23:50,Houston,DRV-0195
VEH-0121,93.3,180883.6,03-04-2024,,DRV-0128
VEH-0237,47.6,135756.1,2024/12/18 06:03:00,UNKNOWN,DRV-0093
VEH-0196,87.5,75616.6,09/03/2024 14:16,n/a,DRV-0158
VEH-0136,42.1,102630.7,2024-08-28 23:12:00,New York,DRV-0018
VEH-0005,11.1,202058.8,2024-09-14 06:58:00,Houston,DRV-0040
VEH-0101,33.8,31706.0,01-05-2024,n/a,DRV-0234
VEH-0056,99.9,-151940.7,2024/10/29 21:50:00,New York,DRV-0115
VEH-0149,17.7,145057.1,09-28-2024,Chicago,DRV-0127
VEH-0177,61.4,223117.3,2024-04-12 20:31:00,,DRV-0045
VEH-0006,18.6,31415.3,08-28-2024,UNKNOWN,DRV-0088
VEH-0231,63.5,227388.9,2024/05/09 15:21:00,Chicago,DRV-0373
VEH-0203,39.4,216765.0,2024/04/06 07:41:00,Phoenix,
VEH-0047,36.2,206597.6,01-01-2024,UNKNOWN,DRV-0120
VEH-0037,unknown,226345.5,2024/10/06 17:30:00,Houston,DRV-0082
VEH-0081,54.0,194961.3,05/03/2024 02:16,Houston,DRV-0235
VEH-0154,73.8,176138.6,2024-05-11 23:21:00,UNKNOWN,DRV-0170
VEH-0165,0.1,112395.8,2024/10/27 23:09:00,Chicago,DRV-0255
VEH-0249,unknown,110080.9,2024-06-30 20:57:00,Phoenix,DRV-0151
VEH-0009,92.1,173648.9,10-15-2024,New York,DRV-0248
VEH-0199,57.7,222664.6,2024/12/12 19:43:00,n/a,DRV-0212
VEH-0085,71.6,227258.1,2024/12/23 07:14:00,,DRV-0373
VEH-0231,44.7%,197466.2,04-12-2024,,DRV-0244
VEH-0217,5.4,129136.6,2024-12-14 07:10:00,n/a,DRV-0231
VEH-0126,19.0,167488.4,20/05/2024 04:19,Houston,DRV-0017
VEH-0248,,157183.5,2024-12-04 08:30:00,Chicago,DRV-0339
VEH-XXXX,46.0,54397.0,29/10/2024 03:20,Phoenix,DRV-0183
VEH-0135,54.1,38536.3,2024/09/17 08:47:00,n/a,DRV-0216
VEH-0195,22.1,9732.5,02-07-2024,Los Angeles,DRV-0060
VEH-0015,84.2,180593.4,2024-11-24 09:28:00,Houston,DRV-0400
VEH-0231,84.0,181228.2,2024-10-16 03:41:00,Phoenix,DRV-0119
VEH-0038,51.3,178257.9,2024/03/11 05:06:00,UNKNOWN,DRV-0067
VEH-0045,63.7,181522.8,24/02/2024 20:53,UNKNOWN,DRV-0289
VEH-0160,89.7,64047.9,2024-09-04 07:40:00,Houston,DRV-0055
VEH-0225,26.9,69380.7,2024-06-25 08:05:00,Los Angeles,DRV-0264
VEH-0088,6.2,220866.2 mi,2024-06-17 23:04:00,New York,DRV-0383
VEH-0057,11.9,245142.1,19/08/2024 09:11,UNKNOWN,DRV-0294
VEH-0082,30.8,,03-12-2024,Chicago,DRV-0349
VEH-0220,79.6,148853.7,2024-07-31 02:57:00,UNKNOWN,
VEH-0038,43.3,10975.0,07-19-2024,UNKNOWN,DRV-0125
VEH-0223,54.4,50070.5,12-20-2024,New York,DRV-0034
VEH-0022,24.7,226563.6,2024-09-06 03:32:00,Houston,DRV-0345
VEH-0090,54.9,134581.6,30/01/2024 15:38,,DRV-0112
VEH-0216,54.2,161600.4,2024-10-11 14:33:00,UNKNOWN,DRV-0119
VEH-0007,51.4,143287.3,2024-08-25 00:34:00,UNKNOWN,DRV-0162
VEH-0228,48.5,N/A,2024-06-15 10:31:00,New York,DRV-0082
VEH-0184,71.6,197039.9,2024/08/10 12:57:00,Chicago,DRV-0014
VEH-0085,52.8,52909.0,2024-04-30 20:06:00,Los Angeles,DRV-0365
VEH-0043,42.4,166887.5,13/11/2024 11:29,UNKNOWN,DRV-0039
VEH-0194,11.3,N/A,2024-02-21 17:02:00,,DRV-0376
VEH-0093,39.3,7163.1,12-26-2024,New York,DRV-0318
VEH-0190,75.7,83000.2,2024/06/21 01:15:00,n/a,
VEH-0230,59.9,103535.3,01/09/2024 07:20,n/a,DRV-0224
VEH-0044,84.7,110318.6,2024/06/18 01:16:00,Phoenix,
VEH-0055,62.3,14083.3,10-26-2024,Phoenix,DRV-0027
VEH-0122,44.0,-16810.2,2024-08-16 17:02:00,New York,
VEH-0054,84.1,183200.4,2024/06/19 16:10:00,Houston,DRV-0194
VEH-0048,113.4,202682.6,24/02/2024 08:25,n/a,DRV-0207
VEH-0008,3.1,138545.3,03-26-2024,Phoenix,DRV-0031
VEH-0007,135.1,142515.3,06-22-2024,New York,DRV-0027
VEH-0014,40.9,72298.3,11-14-2024,UNKNOWN,DRV-0177
VEH-0222,89.0,-113914.2,29/07/2024 15:14,n/a,DRV-0396
VEH-0043,39.0,215894.3,24/09/2024 06:20,Phoenix,DRV-0345
VEH-0180,86.9,55899.0,08/06/2024 01:01,Los Angeles,DRV-0271
VEH-0034,12.2,133509.0,2024/02/15 05:19:00,New York,DRV-0172
VEH-0179,16.6,236424.5,01/06/2024 17:55,Houston,DRV-0005
VEH-0033,11.9,56145.6,2024-01-05 19:50:00,Chicago,DRV-0297
VEH-0163,96.5,18390.8,28/03/2024 04:47,Chicago,DRV-0369
VEH-0182,15.0,148532.7,11-28-2024,New York,DRV-0342
VEH-0185,42.8,49371.6,2024/03/21 23:33:00,Chicago,DRV-0370
VEH-0169,98.1,157420.9,03/10/2024 16:47,Chicago,DRV-0387
,79.8,,2024/12/05 15:06:00,Chicago,DRV-0371
VEH-0133,77.6,85200.9,22/08/2024 22:54,n/a,DRV-0266
VEH-0042,128.2,105719.1,12-09-2024,New York,DRV-0013
,82.6,197827.7,2024-07-30 19:59:00,UNKNOWN,DRV-0400
VEH-0082,76.5,108191.8,11-29-2024,New York,DRV-0267
VEH-0140,34.1,111045.9,2024/10/02 09:42:00,New York,DRV-0128
VEH-0181,63.3,237850.8,2024/08/15 12:37:00,UNKNOWN,DRV-0292
VEH-0166,90.2,50868.2,2024-04-29 14:56:00,n/a,DRV-0321
VEH-0034,58.1,185421.0,16/10/2024 23:36,Phoenix,DRV-0227
VEH-0025,36.7,228453.6 mi,2024-09-29 21:47:00,,DRV-0335
VEH-0014,69.3,33608.8,12-20-2024,Los Angeles,DRV-0071
  ,14.8,246163.6,11-09-2024,Houston,DRV-0169
VEH-0137,72.7,76187.8,2024-06-15 12:00:00,Houston,DRV-0121
VEH-0231,unknown,96004.8,2024/08/25 09:45:00,,DRV-0304
VEH-0199,,192601.9,10-03-2024,,DRV-0381
VEH-0056,25.4,215521.0,12-09-2024,n/a,DRV-0299
VEH-0178,unknown,46433.3,2024-11-06 13:54:00,New York,DRV-0029
VEH-0047,66.3,77927.8,2024/02/24 21:26:00,Los Angeles,DRV-0277
VEH-0163,99.5,177930.7,01-14-2024,Houston,DRV-0148
VEH-0158,51.2,121843.7,2024-01-27 16:10:00,Phoenix,DRV-0029
VEH-0070,1.5,,2024/10/28 04:52:00,Phoenix,DRV-0098
VEH-0190,19.2,126065.9,01/10/2024 13:04,,DRV-0289
VEH-0184,69.6,198315.3,2024-08-10 05:32:00,Phoenix,DRV-0161
VEH-0077,49.4,14389.7,2024-06-15 12:00:00,UNKNOWN,DRV-0189
VEH-0233,,81109.6,2024/06/20 23:57:00,Chicago,DRV-0033
VEH-0049,72.9,215422.7,2024/10/22 09:22:00,Houston,DRV-0135
VEH-0199,unknown,19584.6,01-10-2024,Phoenix,DRV-0209
VEH-0080,62.1,83512.5,03/08/2024 16:32,,DRV-0039
VEH-0186,60.8,77343.2,2024-07-08 16:12:00,Phoenix,DRV-0074
VEH-0013,56.4,65290.6,13/05/2024 16:04,,DRV-0344
VEH-0178,80.1,151095.2,2024/01/22 05:24:00,Houston,DRV-0193
VEH-0121,,224903.1,2024/10/18 13:15:00,Los Angeles,DRV-0021
VEH-0243,12.6,244787.9,2024/06/30 07:10:00,UNKNOWN,DRV-0260
VEH-0170,95.5,37858.1,18/04/2024 19:51,Houston,DRV-0049
VEH-0051,94.9,67011.8,06-23-2024,n/a,DRV-0305
VEH-0171,64.3,49295.7,2024/01/30 19:23:00,Houston,
VEH-0212,110.1,6422.4,08/12/2024 05:53,Chicago,DRV-0313
VEH-XXXX,66.1,72338.1,30/03/2024 22:31,Chicago,DRV-0052
VEH-0053,60.3,81395.3,2024-10-28 06:05:00,,DRV-0209
VEH-0116,23.8,-24860.3,08-05-2024,Houston,DRV-0320
VEH-0245,26.2,220429.3,2024/09/28 14:51:00,,DRV-0028
VEH-0245,66.4,,2024-03-29 16:16:00,,DRV-0147
VEH-0233,38.9,183153.2,2024-05-26 04:45:00,Los Angeles,DRV-0030
VEH-0180,23.5,163070.3,09-25-2024,Phoenix,
VEH-0228,41.9,114507.2,10/09/2024 18:59,Los Angeles,DRV-0027
VEH-0151,96.0,121963.5,08-10-2024,Houston,DRV-0379
VEH-0179,137.9,-39651.3,2024/05/24 06:11:00,,DRV-0101
VEH-0082,19.9,106198.5 mi,2024/04/25 13:44:00,Chicago,DRV-0112
VEH-0089,20.2,46056.2,2024/01/31 20:13:00,Chicago,DRV-0392
VEH-0049,78.4,138556.6,11-24-2024,Los Angeles,DRV-0346
VEH-0191,99.5,169792.9,2024/06/01 00:42:00,,DRV-0122
VEH-0147,36.3,71788.1,24/06/2024 20:40,Houston,DRV-0224
VEH-0096,26.9,5259.2,16/08/2024 16:50,Houston,DRV-0275
VEH-0136,14.9,67043.6,17/02/2024 10:01,UNKNOWN,DRV-0351
VEH-0095,80.6,72374.5,2024/02/14 20:19:00,Los Angeles,DRV-0396
VEH-0017,64.3,65627.6,02/08/2024 18:13,UNKNOWN,DRV-0345
VEH-0227,32.2,61619.5,2024/01/16 04:43:00,Phoenix,DRV-0129
VEH-0009,72.1,-182117.7,2024-06-27 16:29:00,New York,DRV-0063
VEH-0036,37.0,5059.1 mi,09-08-2024,Phoenix,DRV-0180
VEH-0157,59.9,155912.2,2024/10/10 03:34:00,Los Angeles,DRV-0034
VEH-0067,unknown,22130.6,2024-11-27 13:42:00,Phoenix,DRV-0026
VEH-0035,33.5,142713.5,12-24-2024,n/a,DRV-0140
VEH-0158,56.4,150145.8,2024-08-24 16:39:00,Houston,DRV-0116
VEH-0168,97.3,244933.6,09-14-2024,UNKNOWN,DRV-0384
VEH-0239,unknown,241458.1,2024/12/30 12:35:00,Phoenix,DRV-0065
VEH-0122,34.3,213012.1,2024-11-17 09:40:00,Los Angeles,DRV-0254
VEH-0016,36.8,103532.4,2024-09-15 02:52:00,New York,DRV-0064
VEH-0120,,153401.0,2024/06/07 15:04:00,New York,DRV-0041
VEH-0018,62.4,1407.8,2024/04/21 15:26:00,,DRV-0204
VEH-0238,31.2,193497.8,2024/11/26 22:37:00,Chicago,DRV-0332
VEH-0005,45.9,196254.1,2024-11-19 11:28:00,n/a,DRV-0024
VEH-0140,33.8,117461.4,08/09/2024 19:09,Houston,DRV-0383
VEH-0056,15.5,75293.9,2024/01/07 07:38:00,,DRV-0378
VEH-0232,unknown,70619.7,2024/05/21 20:21:00,New York,DRV-0209
VEH-0240,40.9,116670.8,2024-03-15 23:41:00,,DRV-0356
VEH-0121,130.4,185898.5,2024/01/23 19:24:00,New York,DRV-0186
VEH-0017,45.3,131097.6,06-12-2024,Los Angeles,DRV-0373
VEH-0120,15.8,43502.6,2024-07-22 15:41:00,Houston,DRV-0025
VEH-0091,2.1,55772.5,03/07/2024 08:54,New York,DRV-0078
VEH-0019,,73662.2,02-27-2024,UNKNOWN,DRV-0272
VEH-0141,98.8,236014.8,09-10-2024,Phoenix,DRV-0100
VEH-0095,28.1,135674.0,2024-08-08 06:52:00,Phoenix,DRV-0054
VEH-0004,8.8,167045.2,2024-12-17 02:36:00,Chicago,DRV-0306
VEH-0019,15.3,177543.3,01-20-2024,UNKNOWN,DRV-0295
VEH-0090,27.0,192105.3,06-19-2024,,DRV-0173
VEH-0076,78.0,29554.7,03-08-2024,New York,DRV-0121
VEH-0063,92.4,205367.8,2024-04-01 22:20:00,Phoenix,DRV-0285
VEH-0078,73.0,191378.2,10-05-2024,,DRV-0373
VEH-0180,82.8,191131.9,2024-09-08 20:05:00,,DRV-0314
VEH-0167,37.2,108019.2,16/04/2024 00:58,UNKNOWN,DRV-0176
VEH-0122,15.3,146557.5,04-29-2024,Los Angeles,DRV-0198
VEH-0063,76.7,241568.6,09/05/2024 08:25,Chicago,DRV-0238
VEH-0233,53.8,67213.4,2024/04/08 17:45:00,UNKNOWN,DRV-0088
VEH-0188,85.9,,05-27-2024,Los Angeles,DRV-0105
VEH-0151,9.8,171058.3 mi,12/02/2024 20:53,Los Angeles,DRV-0170
VEH-0238,34.2,64855.9 mi,2024/08/07 07:03:00,n/a,DRV-0363
VEH-0170,40.7,82058.3,2024/07/18 10:42:00,New York,DRV-0222
VEH-0017,71.4,49058.6,2024-03-10 22:23:00,New York,DRV-0155
VEH-0102,51.2,235172.5,2024-08-05 15:52:00,Los Angeles,DRV-0079
VEH-0213,27.1,109742.9,2024/03/06 18:02:00,UNKNOWN,DRV-0379
VEH-0004,121.6,223775.0,02-19-2024,,DRV-0164
VEH-0162,92.8,16406.5,2024-01-10 19:33:00,Phoenix,DRV-0293
VEH-0044,70.9,9040.1,2024-06-03 15:53:00,Chicago,DRV-0040
VEH-0179,86.1,216508.9,05-29-2024,Phoenix,DRV-0136
VEH-0188,unknown,162574.2,07-18-2024,n/a,DRV-0277
VEH-0157,98.0,150470.4 mi,2024-02-10 15:00:00,Phoenix,DRV-0206
VEH-0038,45.2,199236.9,2024/06/28 17:58:00,New York,DRV-0002
VEH-0180,31.0,125836.3,10-28-2024,UNKNOWN,DRV-0264
VEH-0190,127.4,127176.5,30/10/2024 22:39,Chicago,DRV-0325
VEH-0153,,11306.8 mi,08-18-2024,Houston,DRV-0161
VEH-0106,33.7,146371.5,05-30-2024,UNKNOWN,DRV-0201
VEH-0083,67.5,51470.5,2024/04/29 17:55:00,Phoenix,DRV-0208
VEH-0091,61.4,59152.4,2024-09-15 05:32:00,n/a,DRV-0108
VEH-0133,62.5,95484.9,2024-06-12 12:15:00,Phoenix,DRV-0273
VEH-0107,9.8,3749.6,10-01-2024,n/a,DRV-0170
VEH-0223,24.2,53728.2,05-20-2024,,DRV-0116
VEH-0136,59.1,125943.4,01-04-2024,Phoenix,DRV-0272
VEH-0014,74.6,126333.0,2024/07/08 15:01:00,Phoenix,DRV-0028
VEH-0249,41.8,219779.6,03-15-2024,Phoenix,DRV-0225
  ,54.0,N/A,2024-01-22 23:03:00,Phoenix,DRV-0209
VEH-0098,76.9,15486.6,01/06/2024 04:00,Chicago,DRV-0286
VEH-0239,74.6,-2088.7,23/09/2024 18:32,UNKNOWN,DRV-0112
VEH-0036,8.9,104496.0,18/06/2024 07:56,UNKNOWN,DRV-0389
VEH-0153,26.0,44260.8,2024-11-18 16:51:00,,DRV-0282
VEH-0053,82.9,,11/12/2024 02:27,Los Angeles,DRV-0179
VEH-0218,21.2,184008.9,17/01/2024 16:55,,DRV-0379
VEH-0240,132.6,57456.7,09-27-2024,Los Angeles,DRV-0338
VEH-0090,37.0,121514.4,29/08/2024 08:32,Los Angeles,DRV-0277
VEH-0244,71.9,146558.9,2024-11-27 23:05:00,Los Angeles,DRV-0257
VEH-0078,99.4,58083.9,2024-06-24 06:22:00,UNKNOWN,DRV-0250
VEH-0218,38.8,23922.5,2024-09-11 20:37:00,Los Angeles,DRV-0085
VEH-0043,96.8,16641.2,2024/08/31 20:47:00,Los Angeles,DRV-0192
VEH-0197,44.9,146466.2,02/03/2024 00:19,New York,DRV-0190
VEH-0137,85.0,72287.6 mi,03-24-2024,,
VEH-0007,35.8,28967.3,26/10/2024 19:12,Phoenix,DRV-0360
VEH-0208,48.0,121471.4,02-20-2024,New York,DRV-0065
VEH-0002,54.7,136561.9,2024-05-14 16:57:00,Phoenix,DRV-0117
VEH-0175,93.3,5034.5,2024/05/12 06:43:00,,DRV-0108
VEH-0058,63.3,84757.4,2024-12-02 00:23:00,Chicago,DRV-0367
VEH-0187,62.3,55669.0,2024-01-18 11:57:00,Phoenix,DRV-0142
VEH-0241,unknown,104492.4,03-03-2024,New York,DRV-0377
VEH-0120,58.3,187496.7,05-05-2024,UNKNOWN,DRV-0195
VEH-0172,73.0,102733.2,2024/09/07 18:40:00,New York,DRV-0084
VEH-0085,63.8,80140.8,28/09/2024 05:31,Houston,DRV-0069
VEH-0219,59.3,46683.2,2024-03-14 15:09:00,New York,DRV-0092
VEH-0157,50.4,116082.9,09-07-2024,UNKNOWN,DRV-0384
VEH-0157,50.4,177191.4,21/06/2024 20:14,,DRV-0301
VEH-0005,61.3,159422.1,08-22-2024,New York,DRV-0054
VEH-0232,45.5,174518.6 mi,2024-06-15 12:00:00,,DRV-0331
VEH-0146,66.6,196846.8,03-02-2024,Los Angeles,DRV-0320
VEH-0237,67.2,195599.0,23/01/2024 15:44,UNKNOWN,DRV-0157
VEH-0045,21.6,154897.0,2024-01-24 06:42:00,n/a,DRV-0317
VEH-0055,96.9,121053.3,2024/08/07 20:59:00,New York,DRV-0239
VEH-0160,82.9,205722.0,12-25-2024,Chicago,DRV-0063
VEH-0093,107.0,50767.6,2024-11-25 04:30:00,n/a,DRV-0173
VEH-0150,34.6,92759.7,25/06/2024 01:42,n/a,DRV-0093
VEH-0022,68.8,93638.2,2024/10/16 00:49:00,n/a,DRV-0140
VEH-0240,42.3,198894.6,16/08/2024 22:51,n/a,DRV-0227
VEH-0160,74.0,229519.1,03-16-2024,UNKNOWN,DRV-0136
VEH-0239,80.1,26113.6,2024-10-19 05:26:00,UNKNOWN,DRV-0041
VEH-0003,79.5,8667.6,2024-05-26 21:24:00,Houston,DRV-0292
VEH-0028,36.0,-21910.7,2024/02/29 00:40:00,UNKNOWN,DRV-0138
VEH-0150,12.7,99321.8,2024-03-17 22:06:00,Phoenix,DRV-0177
VEH-0157,72.1,235319.7 mi,21/10/2024 20:24,Phoenix,DRV-0178
VEH-0172,65.5,N/A,09-02-2024,Los Angeles,DRV-0059
VEH-0010,41.9,149824.8,12/02/2024 13:24,Houston,DRV-0188
VEH-0186,26.4,3017.5,2024-10-27 20:27:00,Los Angeles,DRV-0354
VEH-0190,33.0,240546.5,06/01/2024 03:22,n/a,DRV-0097
VEH-0049,42.0,12655.6,08-25-2024,,DRV-0067
VEH-0051,85.4,109787.5,2024/01/14 04:13:00,New York,DRV-0194
VEH-0097,9.7,60473.5,11-05-2024,New York,DRV-0340
VEH-0115,11.0,187406.4,21/02/2024 20:53,Phoenix,DRV-0169
VEH-0082,80.8,61587.1,25/07/2024 21:42,Houston,DRV-0318
VEH-0113,53.3,101411.3,05-10-2024,Phoenix,DRV-0126
VEH-0188,unknown,32587.9,2024/07/09 21:13:00,Phoenix,DRV-0311
VEH-0227,82.3,10493.2,09-07-2024,Los Angeles,DRV-0166
VEH-0169,50.2,151267.8,08-03-2024,UNKNOWN,DRV-0176
VEH-0238,2.6,83889.3,11-13-2024,n/a,DRV-0095
VEH-0161,81.7,215252.2,2024/08/20 14:47:00,Houston,DRV-0076
VEH-0169,5.2,N/A,22/01/2024 06:41,n/a,DRV-0393
VEH-0023,15.0,142957.2,04/02/2024 06:15,Houston,DRV-0279
VEH-0230,81.2,81735.3,2024/02/23 00:57:00,n/a,DRV-0161
VEH-0092,10.2,90058.5,2024-06-08 10:05:00,Phoenix,DRV-0229
VEH-0009,44.7,85741.6,10-09-2024,Los Angeles,DRV-0252
VEH-0026,87.1,-191516.2,2024-01-09 14:01:00,,DRV-0057
VEH-0250,72.7,-179.2,2024/10/06 09:47:00,Chicago,DRV-0027
VEH-0059,48.1,154338.6,2024-06-27 09:20:00,Houston,DRV-0388
VEH-0125,36.9,115633.7,2024-02-05 06:00:00,Los Angeles,DRV-0236
VEH-0060,10.7%,4228.2,2024/12/07 07:31:00,Los Angeles,DRV-0193
VEH-0068,7.8,133090.1,13/11/2024 17:58,,DRV-0163
VEH-0146,82.3,233177.6,2024/04/23 11:46:00,Houston,DRV-0163
VEH-0195,unknown,244251.7,2024-05-27 04:24:00,UNKNOWN,DRV-0266
VEH-0053,25.2,194325.5,04/03/2024 00:32,n/a,DRV-0036
VEH-0030,78.3,42029.5,2024/05/21 14:36:00,Los Angeles,DRV-0124
VEH-0044,56.2,42703.4,16/07/2024 03:43,New York,DRV-0144
VEH-0159,48.3,104017.7,05/07/2024 08:45,Chicago,DRV-0089
VEH-0010,48.7%,223638.1 mi,2024-07-02 10:24:00,Houston,DRV-0209
VEH-0087,99.8,87678.0,2024-10-21 17:54:00,Los Angeles,DRV-0117
VEH-0189,30.7,136614.6 mi,2024-05-22 23:09:00,,DRV-0043
VEH-0141,4.9,143192.6,2024-06-28 09:17:00,,DRV-0202
VEH-0164,86.1,34325.0,01-08-2024,Chicago,DRV-0017
VEH-0003,128.4,85791.8,13/11/2024 06:06,Chicago,DRV-0371
VEH-0171,86.0,177446.3,10-23-2024,n/a,DRV-0118
VEH-0138,43.0,187465.0,07/12/2024 15:10,n/a,DRV-0033
VEH-0130,13.2,94096.9,17/07/2024 13:49,,DRV-0012
VEH-0119,15.6,109258.4,2024/07/18 16:18:00,Houston,DRV-0365
VEH-0110,94.7,99372.0 mi,2024/10/24 05:29:00,UNKNOWN,DRV-0005
VEH-0133,6.6,57058.8,2024/04/11 19:26:00,n/a,DRV-0194
VEH-0026,93.8,42771.5,2024-12-16 06:37:00,Chicago,DRV-0056
VEH-0067,105.8,67845.3,2024/12/20 12:34:00,New York,DRV-0102
VEH-0188,48.6,230184.9,2024/05/22 22:03:00,Phoenix,DRV-0275
VEH-0108,2.5,174172.2,2024-01-12 18:09:00,UNKNOWN,DRV-0315
VEH-0138,60.4,19244.9,04-22-2024,Chicago,DRV-0362
VEH-0241,144.0,66400.0,2024-05-27 03:35:00,UNKNOWN,DRV-0017
VEH-0039,6.1,195190.4,2024-03-16 20:00:00,UNKNOWN,DRV-0387
VEH-0044,89.3,104862.0,04-24-2024,UNKNOWN,DRV-0214
VEH-0221,115.7,177043.0,2024/04/08 11:42:00,Chicago,DRV-0290
VEH-0247,33.6,244631.4 mi,2024-11-29 02:13:00,Los Angeles,DRV-0152
VEH-0197,44.0,69592.1,2024/03/29 21:48:00,Phoenix,DRV-0183
VEH-0018,unknown,90974.9,2024/08/08 23:21:00,New York,DRV-0326
VEH-0031,97.2,128153.8,22/02/2024 19:46,UNKNOWN,DRV-0162
VEH-0110,40.1,200017.7,2024/06/01 14:45:00,UNKNOWN,DRV-0016
VEH-0122,29.8,159523.2,2024-07-16 01:29:00,Phoenix,DRV-0143
VEH-0117,62.5,17944.0,2024-07-22 09:06:00,Houston,DRV-0175
VEH-0228,95.8,125768.2,2024-11-26 17:57:00,Chicago,DRV-0309
VEH-0191,39.3,240440.6,06-07-2024,Houston,DRV-0121
VEH-0152,52.5,243507.8,04-23-2024,Houston,DRV-0119
VEH-0020,106.3,111853.1,2024-11-20 02:06:00,New York,DRV-0062
VEH-0080,71.5,165049.3,12/10/2024 09:57,Los Angeles,DRV-0193
VEH-0243,75.5,25781.0,2024/06/02 12:08:00,New York,DRV-0322
VEH-0004,35.2,10775.0,31/05/2024 13:27,New York,DRV-0010
VEH-0053,22.8,230555.8,05-23-2024,,DRV-0067
VEH-0091,67.7,193060.1,2024-06-17 04:45:00,n/a,DRV-0037
VEH-0147,82.8,183403.6,20/06/2024 22:05,n/a,DRV-0342
VEH-0043,39.0,215894.3,24/09/2024 06:20,Phoenix,DRV-0345
VEH-0042,28.6,,2024/10/30 19:36:00,Los Angeles,DRV-0279
VEH-0033,92.1,-15269.5,04-16-2024,Houston,DRV-0347
VEH-0225,81.4,153804.9,10-19-2024,n/a,DRV-0005
VEH-0078,56.1,-219163.4,2024/05/01 18:09:00,Phoenix,DRV-0248
VEH-0072,unknown,126489.5,16/02/2024 08:41,Phoenix,DRV-0117
VEH-0127,10.4,30893.1,02-06-2024,,DRV-0030
VEH-0035,86.3,,2024-04-20 04:42:00,Chicago,DRV-0119
VEH-0176,58.2,92793.1,15/03/2024 07:42,UNKNOWN,DRV-0382
VEH-0080,77.7,168354.9,2024/05/01 04:51:00,Chicago,DRV-0021
VEH-0212,32.9,78646.9,2024/04/10 07:59:00,Chicago,DRV-0171
VEH-0103,89.3,110845.0,2024/04/03 22:09:00,n/a,DRV-0320
VEH-0231,58.7,111432.5,11-01-2024,n/a,DRV-0139
VEH-0123,90.1,232501.3,2024-11-28 02:02:00,Houston,DRV-0218
VEH-0042,82.3,139047.7,2024-10-23 15:28:00,Houston,DRV-0369
VEH-0250,,83683.8,02-10-2024,Phoenix,DRV-0339
VEH-0204,96.4,94246.5,2024/07/05 01:40:00,New York,DRV-0151
VEH-0053,37.3,232157.6,2024-03-05 08:32:00,,DRV-0234
VEH-0249,57.3,53811.0,2024/12/26 20:50:00,New York,DRV-0287
VEH-0040,93.2,22252.4,2024/10/09 13:08:00,Los Angeles,DRV-0041
VEH-0057,27.6,176744.1,2024/04/20 06:29:00,Chicago,DRV-0145
VEH-0047,97.5,162581.4,2024-09-06 15:42:00,Chicago,DRV-0079
VEH-0161,56.8,68666.5,08-16-2024,Houston,DRV-0040
VEH-0222,31.8,199075.0,28/08/2024 16:25,New York,DRV-0253
VEH-0049,40.8,171866.2,10-05-2024,Houston,DRV-0355
VEH-0103,34.1,75289.8,2024/01/26 11:31:00,Chicago,DRV-0178
VEH-0138,24.8,185986.6,2024/06/20 14:08:00,Phoenix,DRV-0366
VEH-0044,40.8,221595.1,05-04-2024,Chicago,DRV-0161
VEH-0245,96.2,222555.2,14/06/2024 16:49,Phoenix,DRV-0178
VEH-0197,88.5,21676.6,28/02/2024 07:42,UNKNOWN,DRV-0079
VEH-0018,65.5,104590.8,2024/12/17 00:51:00,Houston,DRV-0315
VEH-0047,6.9,N/A,03/06/2024 18:59,Houston,DRV-0094
VEH-0096,1.0,,01/01/2024 21:21,UNKNOWN,DRV-0005
VEH-0236,13.4,157389.4,2024/11/10 18:23:00,Phoenix,DRV-0071
VEH-0093,85.2,-171006.2,2024/06/13 07:11:00,,DRV-0054
VEH-0073,62.4,207545.7,14/05/2024 09:49,,DRV-0106
VEH-0220,8.8%,158462.5,07/04/2024 15:38,UNKNOWN,DRV-0169
VEH-0084,47.4,111693.0,2024/03/04 21:46:00,New York,DRV-0183
VEH-0222,13.0,86406.8,2024/04/16 01:24:00,UNKNOWN,DRV-0378
VEH-0123,85.3,66149.3,10-23-2024,Phoenix,DRV-0188
VEH-0193,49.2,16052.2,01-24-2024,,DRV-0122
VEH-0023,4.9,586.9,17/05/2024 17:37,n/a,DRV-0020
VEH-0081,73.7,71629.9,2024-05-13 22:58:00,Chicago,DRV-0213
VEH-0090,18.3,143493.8,2024-07-31 10:11:00,n/a,DRV-0097
VEH-0216,28.5%,157692.6,2024/04/04 12:24:00,Phoenix,DRV-0270
VEH-0215,39.7,65731.1 mi,12-28-2024,Los Angeles,DRV-0351
VEH-0053,69.4,128163.7,14/07/2024 17:30,,DRV-0119
VEH-0033,,218404.6 mi,11-10-2024,UNKNOWN,DRV-0324
VEH-0107,62.6,32811.2,2024-06-03 14:52:00,Houston,DRV-0131
VEH-0249,,139973.3,2024-05-17 02:31:00,UNKNOWN,DRV-0049
VEH-0126,68.0,19059.8 mi,09-25-2024,,DRV-0152
VEH-0112,98.7,241279.7,2024-04-18 11:26:00,,DRV-0021
VEH-0221,2.6,6047.9 mi,2024/09/18 20:08:00,,DRV-0226
VEH-0070,,237857.5,28/10/2024 16:51,Phoenix,DRV-0307
VEH-0050,54.5,246167.4,2024/08/19 12:36:00,Houston,DRV-0391
VEH-0231,87.7,183767.8,08-20-2024,Los Angeles,DRV-0149
VEH-0111,87.5,42640.1,29/12/2024 09:18,New York,DRV-0002
VEH-0161,90.9,159482.6,2024/08/18 18:16:00,UNKNOWN,DRV-0357
VEH-0113,69.1%,,11-10-2024,Phoenix,
VEH-0232,26.1,213336.6,2024/07/20 15:13:00,n/a,DRV-0330
VEH-0006,37.2%,211753.0,2024/04/08 19:09:00,New York,DRV-0111
VEH-0216,35.8,247376.3,07-09-2024,,DRV-0167
VEH-0110,51.8,219343.3,2024-11-18 23:48:00,Los Angeles,DRV-0076
VEH-0165,unknown,157890.1,2024-07-07 14:17:00,New York,DRV-0293
VEH-0062,74.2,13069.8,01-21-2024,Los Angeles,DRV-0235
VEH-0160,40.6,231646.3,09-20-2024,UNKNOWN,DRV-0216
VEH-0157,66.3,209072.8,06-23-2024,n/a,DRV-0182
VEH-0207,76.2,,2024/02/27 01:35:00,Houston,DRV-0322
VEH-0139,54.5,39969.9,2024-04-05 16:36:00,Los Angeles,DRV-0057
VEH-0031,55.9,80290.5,2024-02-21 22:41:00,Phoenix,DRV-0061
VEH-0064,66.6,71556.1,08-06-2024,UNKNOWN,DRV-0353
VEH-0156,22.8,69900.4,2024-06-05 01:32:00,,DRV-0166
VEH-0197,109.1,229122.3,25/12/2024 00:48,Los Angeles,DRV-0238
VEH-0242,16.0,5838.0,01-30-2024,Los Angeles,DRV-0233
VEH-0047,34.6,-224197.1,2024/10/09 20:53:00,Chicago,DRV-0217
VEH-0181,,156059.5,2024/04/30 03:32:00,Chicago,DRV-0170
VEH-0080,71.5,42796.2,02-08-2024,UNKNOWN,DRV-0003
VEH-0063,50.5%,37387.3,01-05-2024,Phoenix,DRV-0282
VEH-0109,78.0,192806.2 mi,2024-02-25 02:53:00,New York,DRV-0188
VEH-0048,50.5,,2024/11/09 16:50:00,Houston,DRV-0264
VEH-0128,44.3,149823.4,02-06-2024,Chicago,DRV-0149
VEH-0186,80.1,98023.4,2024/08/11 21:53:00,Phoenix,DRV-0125
VEH-0017,18.2,227112.6,2024-04-08 18:39:00,Chicago,DRV-0103
VEH-0070,2.0,146650.4,10-07-2024,Los Angeles,DRV-0170
VEH-0078,16.8,184218.4,16/08/2024 04:14,,DRV-0320
VEH-0058,50.7,171847.5,2024-04-23 07:10:00,Phoenix,DRV-0372
  ,,117451.1,07-05-2024,Houston,DRV-0368
VEH-0050,9.1,128469.0 mi,2024-07-04 09:44:00,UNKNOWN,DRV-0310
VEH-0133,33.3,109574.7,10-07-2024,Phoenix,DRV-0382
VEH-0075,28.9,225020.8,2024/08/09 02:35:00,Phoenix,DRV-0151
VEH-0043,72.0,160942.7,04-14-2024,Phoenix,DRV-0037
VEH-0226,34.2,192443.1,07/12/2024 18:10,Houston,DRV-0012
VEH-0231,40.7,190590.3,12-12-2024,New York,DRV-0025
VEH-0151,3.9,5461.7,30/01/2024 01:24,n/a,DRV-0279
VEH-0061,69.0,9828.0,2024/09/12 07:43:00,Chicago,DRV-0106
VEH-0223,95.7,106776.3,06-18-2024,Los Angeles,DRV-0167
VEH-0175,13.8,153041.6,2024-12-18 06:46:00,New York,DRV-0093
VEH-0186,57.7,68513.8,17/09/2024 01:26,Houston,DRV-0318
VEH-0117,85.5,220640.0,09-28-2024,Chicago,DRV-0328
VEH-0214,37.7,103379.1,06-16-2024,Phoenix,DRV-0139
VEH-0220,79.8,230364.4,2024-11-17 06:21:00,UNKNOWN,DRV-0219
VEH-0092,24.3,186187.7,2024/10/04 10:57:00,Chicago,
VEH-0204,35.7,231548.5,03-21-2024,Chicago,DRV-0370
VEH-0207,78.4,141545.2,2024-02-26 02:30:00,Los Angeles,DRV-0092
VEH-0241,7.3,175820.0,11-13-2024,New York,DRV-0398
VEH-0226,38.0,112121.3,2024/04/30 14:53:00,New York,DRV-0139
VEH-0213,53.6,77381.9,2024-01-29 19:08:00,Houston,DRV-0301
VEH-0050,12.9,179999.2,09-10-2024,n/a,DRV-0133
VEH-0024,36.3,219819.9 mi,09/12/2024 22:03,Chicago,DRV-0238
VEH-0024,9.4,144570.0,2024/11/01 17:06:00,n/a,DRV-0160
VEH-0056,unknown,8356.6,2024-08-25 15:31:00,New York,DRV-0103
VEH-0165,37.5,200953.6,2024-05-17 03:19:00,Los Angeles,DRV-0037
VEH-0152,4.9,96571.9,2024-06-15 12:00:00,Chicago,DRV-0300
VEH-0209,23.3,6100.2,2024/03/11 02:59:00,n/a,DRV-0185
VEH-0027,34.5,26620.4,2024/12/17 20:24:00,New York,DRV-0250
VEH-0018,1.1,206637.8,26/11/2024 11:53,Los Angeles,DRV-0161
VEH-0210,41.9,175274.4,06/05/2024 20:00,New York,DRV-0096
VEH-0147,0.7,204849.6,03-20-2024,Chicago,DRV-0398
VEH-0244,85.7,99013.6,07/06/2024 09:13,New York,DRV-0233
VEH-0158,50.1,-113986.5,03-09-2024,Phoenix,DRV-0230
VEH-0040,,N/A,2024-04-28 04:13:00,Los Angeles,DRV-0022
VEH-0198,17.9,200000.9,07-19-2024,n/a,DRV-0129
VEH-0158,65.9,156175.2,2024/02/19 22:17:00,New York,DRV-0266
VEH-0129,99.2,52078.8,13/12/2024 08:40,Phoenix,DRV-0081
VEH-0091,79.8,81563.5,2024-07-01 05:53:00,Los Angeles,DRV-0084
VEH-0134,43.5,230172.9,2024-03-17 07:42:00,Chicago,DRV-0327
VEH-0190,32.9,146948.9,2024-11-09 22:27:00,n/a,DRV-0213
VEH-0149,57.6,105859.7,2024-01-10 04:19:00,Houston,DRV-0230
VEH-0119,,39375.1,2024/01/30 00:26:00,UNKNOWN,DRV-0309
VEH-0095,85.9,187089.0,2024/01/13 21:30:00,n/a,DRV-0108
VEH-0023,35.7,88447.3,2024-09-20 05:19:00,Phoenix,DRV-0164
VEH-0174,28.8,134555.0,2024/11/04 03:15:00,Los Angeles,DRV-0028
VEH-0227,9.1,40361.9,2024/08/28 10:09:00,,DRV-0086
VEH-0051,24.0,18965.8,04/01/2024 05:46,Houston,DRV-0361
VEH-0166,41.2,34599.4,2024-04-30 01:22:00,UNKNOWN,DRV-0236
VEH-0189,56.0,197418.4 mi,07/11/2024 12:42,Houston,DRV-0079
VEH-0143,71.2,44612.7,05-23-2024,n/a,DRV-0119
VEH-0064,70.4,242564.3 mi,20/07/2024 03:15,,DRV-0379
VEH-0164,38.6,17758.7,2024/02/07 06:42:00,Houston,DRV-0283
VEH-0147,43.6,39225.7,11-12-2024,,DRV-0299
VEH-0040,83.7,59955.0,06-21-2024,n/a,DRV-0277
VEH-0175,53.8,113620.7,01-12-2024,n/a,DRV-0172
VEH-0079,,187843.8,2024-12-24 01:29:00,Los Angeles,DRV-0357
VEH-0061,80.4,69690.0,2024-11-26 10:04:00,New York,DRV-0018
VEH-0175,9.2,229328.4,17/12/2024 07:44,n/a,DRV-0248
VEH-0182,28.1,167004.9,09-30-2024,Los Angeles,DRV-0211
VEH-0115,23.4,130316.9,2024/05/27 21:55:00,Los Angeles,
VEH-0102,78.8,64758.8,10/11/2024 14:12,Houston,DRV-0278
VEH-0235,18.1,67199.4,2024/06/29 03:43:00,Houston,DRV-0232
VEH-0200,77.1,18511.2,22/04/2024 13:00,Chicago,DRV-0091
VEH-0150,62.3,2511.7,04-16-2024,Phoenix,DRV-0389
VEH-0088,43.0,80074.7,2024/06/06 20:01:00,Phoenix,DRV-0393
VEH-0059,71.4,229160.8,2024/01/30 19:46:00,New York,DRV-0106
VEH-0130,57.6,237648.5,25/05/2024 16:36,Phoenix,DRV-0019
VEH-0061,51.2,131751.9,2024-01-11 11:56:00,Los Angeles,DRV-0159
VEH-0163,140.3,197008.8,2024-03-08 23:12:00,Chicago,DRV-0039
VEH-0181,26.5,171522.8,22/09/2024 21:43,,DRV-0347
VEH-0192,,205905.9,2024-08-19 17:53:00,,DRV-0350
VEH-0212,87.7,249083.6,2024/08/27 11:47:00,UNKNOWN,DRV-0021
VEH-0054,unknown,,2024/05/22 14:39:00,Los Angeles,DRV-0344
VEH-0238,22.0,50293.2,2024/01/12 01:14:00,,DRV-0314
VEH-0101,96.2,78211.2,2024-07-29 09:25:00,Chicago,DRV-0208
VEH-0051,7.0,46411.7,2024/05/15 11:43:00,Phoenix,DRV-0304
VEH-0202,16.7%,125089.9,2024/04/30 14:08:00,Los Angeles,DRV-0236
VEH-0233,78.4,113315.4,2024-04-18 21:17:00,New York,DRV-0051
VEH-0090,54.4,20431.3,07-25-2024,Houston,DRV-0281
,100.0,192362.2,2024-01-23 02:21:00,n/a,DRV-0381
  ,35.5,12290.2,06-28-2024,,DRV-0002
VEH-0147,7.3,70150.2,2024/10/20 20:15:00,UNKNOWN,DRV-0290
VEH-0209,80.6,197507.6,2024-02-29 13:01:00,Los Angeles,DRV-0237
VEH-0195,107.1,218783.4 mi,2024-09-01 06:40:00,,DRV-0101
,47.5,224488.8,2024/12/29 02:52:00,Phoenix,DRV-0080
VEH-0096,2.6,85312.0,2024-04-28 17:08:00,Houston,DRV-0114
VEH-0079,79.8,108895.8,04/03/2024 18:53,UNKNOWN,DRV-0213
VEH-0188,92.0,,22/08/2024 15:04,New York,DRV-0321
VEH-0116,57.8,208152.9,2024/03/05 19:51:00,Houston,DRV-0178
VEH-0086,5.8,93061.3,26/11/2024 21:30,Chicago,DRV-0029
VEH-0118,21.6,20951.0,18/02/2024 19:53,n/a,DRV-0198
VEH-0216,unknown,75241.6,08-12-2024,New York,DRV-0333
VEH-0223,43.1,94760.1,2024/03/29 01:24:00,Chicago,DRV-0352
VEH-0211,83.9,2854.5,2024/06/25 13:20:00,Chicago,DRV-0201
VEH-0164,70.6,155672.4,31/07/2024 19:19,Houston,DRV-0245
VEH-0093,35.7,41067.6,06-23-2024,Los Angeles,DRV-0210
VEH-0061,64.9,186511.2,08-28-2024,New York,DRV-0185
VEH-0055,33.2,38735.4,31/08/2024 12:33,UNKNOWN,DRV-0215
VEH-0174,140.7,173919.4,2024-07-15 19:08:00,Chicago,DRV-0064
VEH-0229,32.5,23684.7,08-03-2024,n/a,DRV-0373
VEH-0069,49.4,51342.0,2024-08-10 15:21:00,New York,DRV-0159
VEH-0198,67.2,4927.6,2024/04/08 00:56:00,New York,DRV-0025
VEH-0175,22.9,,29/08/2024 09:16,New York,DRV-0138
VEH-0021,49.9,154538.9,05/12/2024 02:36,Los Angeles,DRV-0358
VEH-0170,78.5,48928.2,05-03-2024,,DRV-0264
VEH-0052,89.7,211531.1,2024-04-20 22:35:00,Houston,DRV-0096
VEH-0179,,167826.1,2024/05/15 10:43:00,New York,DRV-0214
VEH-0091,88.5,144255.1,28/03/2024 11:21,n/a,DRV-0374
VEH-0172,77.9%,32753.7,2024-03-07 16:39:00,New York,DRV-0241
VEH-0102,4.2,124073.8,2024-04-26 14:59:00,UNKNOWN,DRV-0139
VEH-0003,35.6,246628.8,07/07/2024 18:40,n/a,DRV-0400
VEH-0246,unknown,25355.2,2024/10/03 10:15:00,Houston,DRV-0209
VEH-0249,60.8,191220.8,2024-01-21 22:36:00,Houston,DRV-0356
VEH-0205,5.8,27878.1,10-05-2024,Phoenix,DRV-0378
VEH-0123,64.2,,16/02/2024 02:27,Houston,DRV-0384
VEH-0036,3.1,236725.7,2024-06-15 12:00:00,Houston,DRV-0122
VEH-0218,96.6,98788.8,16/05/2024 00:28,UNKNOWN,DRV-0029
VEH-0099,31.3,115590.4,2024-04-26 08:56:00,Chicago,DRV-0301
VEH-0104,20.0%,N/A,10-02-2024,UNKNOWN,DRV-0032
VEH-0002,25.3,129350.3,2024-08-21 11:37:00,Los Angeles,DRV-0280
VEH-0086,68.8,79829.2,06-19-2024,New York,DRV-0323
VEH-0164,27.6,219272.6,2024/07/02 20:40:00,UNKNOWN,DRV-0116
VEH-0136,128.0,109544.7,30/03/2024 12:34,,DRV-0138
VEH-0222,60.3,246497.9,2024/02/01 03:00:00,UNKNOWN,DRV-0358
VEH-0186,101.5,102295.6,10-15-2024,Los Angeles,DRV-0082
VEH-0195,50.3,12869.7,2024/12/23 09:43:00,New York,DRV-0114
VEH-0131,77.5,,29/01/2024 22:35,New York,DRV-0014
VEH-0160,96.4,134745.2,07-15-2024,New York,DRV-0099
VEH-0073,36.0,239200.0,2024/06/27 02:56:00,New York,DRV-0373
VEH-0141,11.3,-142546.8,16/03/2024 08:43,Phoenix,DRV-0071
VEH-0028,46.0,14540.9,2024-03-15 04:16:00,Los Angeles,DRV-0061
VEH-0079,45.6,,03/12/2024 05:15,Chicago,DRV-0307
VEH-0181,34.6,43152.3,20/11/2024 06:15,UNKNOWN,DRV-0305
VEH-0228,57.4,239011.8,2024-07-15 23:28:00,Los Angeles,
VEH-0089,81.3,135440.1,04-05-2024,Chicago,DRV-0032
VEH-0159,8.0,22456.4,08/11/2024 02:30,UNKNOWN,DRV-0009
VEH-0165,127.2,N/A,2024/02/24 14:55:00,n/a,DRV-0251
VEH-0104,62.3,77229.4,2024/03/12 13:48:00,UNKNOWN,DRV-0065
VEH-0087,5.2,221061.3,07-13-2024,New York,DRV-0265
VEH-0115,21.5,30120.5,21/01/2024 00:32,UNKNOWN,DRV-0215
VEH-0157,5.0,64265.7,04/01/2024 01:14,UNKNOWN,DRV-0366
VEH-0033,74.2,,2024-03-29 12:01:00,Houston,DRV-0041
VEH-XXXX,21.0,5761.8,04/03/2024 23:44,UNKNOWN,DRV-0156
VEH-XXXX,48.3,54007.9,2024-02-24 07:37:00,n/a,DRV-0024
VEH-0163,67.4%,201065.3,2024-10-29 17:58:00,,DRV-0381
VEH-0064,,100212.9 mi,19/09/2024 10:00,Phoenix,DRV-0238
VEH-0023,93.2,25627.4,2024/06/14 14:35:00,Houston,DRV-0219
VEH-0238,19.1,129279.5,2024/06/04 02:56:00,New York,DRV-0309
VEH-0139,58.2,100365.4,03/07/2024 10:20,New York,DRV-0060
VEH-0123,149.6,101973.6,12/10/2024 05:56,New York,DRV-0396
VEH-0125,62.3,185406.8,2024/11/21 19:02:00,Los Angeles,DRV-0004
VEH-0178,47.7,87704.8,11-11-2024,Phoenix,DRV-0153
  ,108.1,79073.1,02-27-2024,,DRV-0352
VEH-0213,58.2,67248.4,08/08/2024 03:23,Los Angeles,DRV-0020
VEH-0246,93.8,68891.7,21/07/2024 09:17,New York,DRV-0356
VEH-0174,3.1,96996.7,05-07-2024,n/a,DRV-0201
VEH-0080,35.3,160552.4,08/11/2024 07:21,,DRV-0376
VEH-0038,135.2,170035.2 mi,2024/02/05 21:46:00,Phoenix,DRV-0257
VEH-0075,36.7,26451.3,11/05/2024 13:59,Phoenix,DRV-0189
VEH-0069,unknown,147021.6,06-12-2024,UNKNOWN,DRV-0292
VEH-0042,11.0,72296.9,2024/08/04 01:32:00,Phoenix,DRV-0129
VEH-0126,3.5,9313.5,2024/05/13 05:17:00,n/a,DRV-0070
VEH-0193,76.5,,2024/01/03 01:50:00,UNKNOWN,DRV-0075
VEH-0046,10.8,84715.2,2024/11/13 09:29:00,Phoenix,DRV-0353
VEH-0138,52.6,42919.8 mi,06-01-2024,Houston,DRV-0331
VEH-0132,64.1,77913.2,2024-09-29 07:42:00,New York,DRV-0357
VEH-0139,66.5,43842.8,2024/09/23 09:08:00,Houston,DRV-0302
VEH-0224,42.5,9392.8,12-24-2024,n/a,DRV-0377
VEH-0173,61.0,N/A,2024-11-14 23:37:00,Los Angeles,DRV-0206
VEH-0109,9.6,106143.2,08-27-2024,Phoenix,DRV-0233
VEH-0180,16.6,94934.4,2024-05-11 04:54:00,Chicago,DRV-0061
VEH-0235,44.9,134423.0,2024/09/20 10:41:00,Houston,DRV-0239
VEH-0110,135.7,197153.7,09-16-2024,Chicago,
VEH-0054,24.5,N/A,14/06/2024 21:31,n/a,DRV-0194
  ,62.7,N/A,10/07/2024 21:48,UNKNOWN,DRV-0017
,97.1,44288.4,2024/06/17 01:40:00,UNKNOWN,DRV-0204
VEH-0150,65.9,68139.4 mi,2024-07-17 09:45:00,Phoenix,DRV-0394
VEH-0146,unknown,136653.7,07/07/2024 16:22,n/a,DRV-0264
VEH-0160,92.9,,2024-07-31 18:37:00,n/a,DRV-0287
VEH-0084,76.6,124487.1,2024/05/12 05:17:00,UNKNOWN,DRV-0283
VEH-0019,27.9,239718.0,06-26-2024,,DRV-0249
VEH-XXXX,99.1,,13/11/2024 03:34,UNKNOWN,DRV-0389
VEH-0089,96.9,216376.8,01-07-2024,New York,DRV-0193
VEH-0069,69.5,104499.8,2024/01/11 04:25:00,Los Angeles,DRV-0329
VEH-0096,14.7,18311.4,2024/09/27 18:57:00,Houston,DRV-0311
VEH-0213,85.8,24341.7,26/11/2024 08:32,UNKNOWN,DRV-0137
VEH-0079,13.7,237559.3,16/10/2024 21:49,Los Angeles,DRV-0229
VEH-0250,30.0,,2024-09-25 04:32:00,Phoenix,DRV-0303
VEH-0018,94.9,19568.6,2024-06-15 12:00:00,Phoenix,DRV-0307
VEH-0086,50.2,181367.0,15/06/2024 20:09,,DRV-0138
VEH-0053,77.3,84742.5,2024-11-22 00:24:00,Chicago,DRV-0196
VEH-0162,27.5,98644.0,08/07/2024 11:51,n/a,DRV-0048
VEH-0099,147.9,213654.4,2024-12-05 22:43:00,New York,
VEH-0159,93.3%,-160641.3,12-29-2024,Houston,DRV-0105
VEH-0187,26.3,8937.1,05-27-2024,n/a,DRV-0197
VEH-0154,68.1,178996.2,2024/07/16 08:23:00,New York,DRV-0167
VEH-0104,59.1,228301.5,2024/08/23 07:55:00,Phoenix,DRV-0348
VEH-0046,31.7,64539.5,2024/08/09 04:24:00,,DRV-0052
VEH-0078,63.2,N/A,15/07/2024 14:11,,DRV-0054
VEH-0095,99.3,11227.8,11/08/2024 07:19,Phoenix,DRV-0226
VEH-0024,12.6,147332.9,11-23-2024,Houston,DRV-0027
VEH-0194,82.8,192810.8,2024/08/28 04:49:00,Los Angeles,DRV-0270
VEH-0141,26.9,163558.9,2024/09/19 21:03:00,Los Angeles,DRV-0207
VEH-0126,3.3,75986.6,2024-07-24 09:04:00,Phoenix,DRV-0091
VEH-0202,7.1,160604.8,2024/10/11 07:40:00,New York,DRV-0192
VEH-0020,55.1,89885.8 mi,2024/10/14 20:13:00,UNKNOWN,DRV-0220
VEH-0207,unknown,130324.0,21/04/2024 13:13,Chicago,DRV-0062
VEH-0174,2.3,203617.1,2024-11-19 06:24:00,Chicago,DRV-0204
VEH-0003,22.2,67372.5,2024-04-19 23:42:00,n/a,DRV-0091
VEH-0040,36.7,N/A,2024/09/21 00:31:00,Phoenix,DRV-0153
VEH-0237,,133400.6,21/09/2024 00:20,UNKNOWN,DRV-0306
VEH-0008,112.2,2881.5,05-18-2024,UNKNOWN,DRV-0035
VEH-0153,94.2,16079.8,2024/09/20 18:01:00,Los Angeles,DRV-0324
VEH-0197,91.5,52163.0,12-25-2024,n/a,DRV-0093
VEH-0153,32.6%,118913.8,03-03-2024,UNKNOWN,DRV-0175
VEH-0211,29.7,,05-25-2024,,DRV-0137
VEH-0137,87.8,146463.0,06/10/2024 13:37,Phoenix,DRV-0025
VEH-0154,17.0,179615.0,2024/07/18 13:01:00,UNKNOWN,DRV-0214
VEH-0200,15.2%,166677.2,2024/08/24 00:56:00,UNKNOWN,DRV-0281
VEH-0146,57.6,40364.5,16/02/2024 16:01,Houston,DRV-0015
VEH-0005,45.5,128899.0,2024-11-30 10:32:00,UNKNOWN,DRV-0071
VEH-0174,35.5,101791.1 mi,2024-10-02 21:21:00,Phoenix,DRV-0328
VEH-0192,99.2,24794.5,2024/12/07 07:47:00,n/a,DRV-0161
VEH-0151,30.8,228447.1,2024/10/25 08:35:00,UNKNOWN,DRV-0207
VEH-0063,40.9,223524.8,2024-05-31 04:43:00,Chicago,DRV-0335
VEH-0024,93.3,230661.3,11-19-2024,,DRV-0314
VEH-0103,4.5,35765.5,18/04/2024 16:04,Chicago,DRV-0097
VEH-0164,98.5,202478.3,2024-03-10 22:01:00,UNKNOWN,DRV-0351
VEH-0237,35.6,197228.5,15/08/2024 16:12,UNKNOWN,DRV-0392
VEH-0196,34.5,7526.0,07-06-2024,Los Angeles,DRV-0114
VEH-0157,16.4,95352.2,23/03/2024 17:43,Chicago,DRV-0322
VEH-0099,55.1,38286.1,16/12/2024 00:34,UNKNOWN,DRV-0032
VEH-0129,76.2,154554.5,15/02/2024 08:26,Houston,DRV-0340
VEH-0088,115.8,125657.8,09/07/2024 11:34,UNKNOWN,DRV-0043
VEH-0033,39.3,-147659.5,2024-12-08 02:34:00,New York,DRV-0108
VEH-0144,45.4,183621.8,08/12/2024 17:53,UNKNOWN,DRV-0239
VEH-0098,56.6,39308.9,2024/10/04 08:32:00,Houston,DRV-0093
VEH-0117,2.4,161368.1,2024/07/09 21:36:00,n/a,DRV-0120
VEH-0020,39.7%,61319.8,08-31-2024,New York,DRV-0094
VEH-0027,84.7,126291.4,2024-10-01 03:27:00,UNKNOWN,DRV-0297
VEH-0090,13.5,57868.8,2024-02-18 01:44:00,Houston,DRV-0292
,82.6,197827.7,2024-07-30 19:59:00,UNKNOWN,DRV-0400
VEH-0052,34.5,124537.7,2024/11/01 13:10:00,n/a,DRV-0289
VEH-0112,30.5,53161.1,2024/03/09 05:22:00,Chicago,DRV-0091
VEH-0151,3.8,145798.8,03/06/2024 06:40,n/a,DRV-0294
VEH-0248,4.1,213865.1,04-10-2024,New York,DRV-0191
VEH-0111,67.7,175657.4 mi,2024-06-14 12:01:00,UNKNOWN,DRV-0055
VEH-0176,65.3,234576.2 mi,2024/02/22 11:08:00,Houston,DRV-0331
VEH-0202,63.1,198702.8,2024-04-05 16:35:00,Phoenix,DRV-0213
VEH-0097,34.4%,173435.3,05-07-2024,New York,DRV-0145
VEH-0157,23.0,101520.5,07-22-2024,Phoenix,DRV-0084
VEH-0002,6.5,190663.1,06-12-2024,n/a,DRV-0185
VEH-0116,90.2,16611.0,05/10/2024 18:55,New York,DRV-0330
VEH-0059,43.5,61600.5,10-04-2024,Los Angeles,DRV-0131
VEH-0167,20.0,27316.1,2024-06-14 20:18:00,New York,
VEH-0033,65.9,223779.4,02/03/2024 02:24,Chicago,DRV-0087
VEH-0087,124.6,165608.5,17/12/2024 09:53,Phoenix,DRV-0329
VEH-0094,94.1,,06/11/2024 20:03,UNKNOWN,DRV-0178
VEH-0181,135.2,175984.0,2024-01-20 19:23:00,New York,DRV-0314
VEH-0129,23.3,-113342.7,2024/02/04 04:38:00,n/a,DRV-0055
VEH-0213,59.6,,09-18-2024,UNKNOWN,DRV-0205
VEH-0097,6.2,128125.7,2024/03/06 06:04:00,,DRV-0335
VEH-0072,49.5,212283.1,26/04/2024 03:17,Phoenix,DRV-0376
VEH-0087,24.5,220371.5,07/09/2024 14:13,Chicago,DRV-0220
VEH-0153,77.3,32718.4,2024/05/27 13:24:00,n/a,DRV-0378
VEH-0047,12.8,162546.8,2024-07-10 07:09:00,Phoenix,DRV-0014
VEH-0238,22.8,241007.2,07/07/2024 18:18,n/a,DRV-0298
VEH-0055,61.3,N/A,2024-07-21 11:14:00,,DRV-0223
VEH-XXXX,47.4,42005.0,2024-08-12 12:36:00,n/a,DRV-0358
VEH-0047,28.4,72242.1,2024-08-17 23:06:00,Houston,DRV-0241
VEH-0078,86.6%,8027.4 mi,2024/01/02 23:26:00,n/a,DRV-0386
VEH-0250,104.8,174072.2,2024-08-17 20:24:00,New York,DRV-0195
VEH-0205,36.5,160241.4,2024/08/04 22:26:00,Chicago,DRV-0170
VEH-0159,46.7,71394.9,2024-11-23 12:25:00,Houston,DRV-0055
VEH-0222,65.9,100448.4,12/12/2024 22:01,,DRV-0082
VEH-0146,93.7,172981.8,2024-05-19 17:15:00,Houston,DRV-0157
VEH-0220,85.0,167255.6,2024/04/17 11:35:00,,DRV-0087
VEH-0163,46.2,236820.8,06-25-2024,UNKNOWN,DRV-0091
VEH-0244,98.1,38923.1,12/04/2024 09:05,Los Angeles,DRV-0377
VEH-0062,90.8,117017.3,24/02/2024 00:15,Los Angeles,DRV-0276
VEH-0202,,127463.5,2024/01/30 09:44:00,UNKNOWN,
VEH-0041,24.6,N/A,24/03/2024 23:36,New York,DRV-0007
VEH-0217,61.2,104900.0,01-28-2024,Chicago,DRV-0079
VEH-0050,28.2,65426.4,2024/10/24 16:09:00,Los Angeles,DRV-0086
VEH-0177,74.4,125804.8,26/05/2024 06:26,Phoenix,DRV-0065
VEH-0130,8.4,4782.2,2024-11-04 00:18:00,Phoenix,DRV-0074
VEH-0128,30.3,65778.1,01-19-2024,Los Angeles,DRV-0303
VEH-0155,14.9,76401.1,2024/05/27 19:12:00,Phoenix,DRV-0074
VEH-0138,4.6,35006.0,11-14-2024,,DRV-0288
VEH-0107,,74513.1,2024-04-20 13:43:00,,DRV-0311
VEH-0220,,238408.2 mi,01/05/2024 05:47,UNKNOWN,DRV-0381
VEH-0101,28.4,90770.6,02-18-2024,,DRV-0123
VEH-0143,38.7,20145.2 mi,25/10/2024 10:20,Chicago,DRV-0388
VEH-0218,75.5,151679.9,16/03/2024 09:26,New York,DRV-0279
VEH-0099,0.8,,2024/10/19 12:16:00,New York,DRV-0133
VEH-0013,16.7,107632.3,03/11/2024 17:16,Phoenix,DRV-0091
VEH-0067,103.9,140574.2,2024-05-03 21:06:00,New York,DRV-0223
VEH-0079,85.8,123745.7,30/10/2024 16:52,Chicago,
,76.4,27170.6,20/04/2024 21:04,Chicago,DRV-0104
VEH-0221,88.9,N/A,11-14-2024,n/a,DRV-0152
  ,23.2,45304.5,2024-06-28 11:04:00,New York,DRV-0052
VEH-0246,81.1%,,2024-02-24 03:01:00,New York,DRV-0323
VEH-0225,15.4,221542.8,06-18-2024,Chicago,DRV-0255
VEH-0033,35.2,-135871.1,2024-03-10 18:52:00,UNKNOWN,DRV-0188
VEH-0091,94.1,121593.0,2024/02/17 05:42:00,Chicago,DRV-0244
VEH-0107,81.0,163810.5,02-12-2024,New York,DRV-0156
VEH-0070,68.6,17410.3 mi,30/06/2024 07:43,Los Angeles,
VEH-0216,31.1,81295.8,03-24-2024,Chicago,DRV-0136
VEH-0164,62.8,30343.0,2024-08-26 14:22:00,Phoenix,DRV-0009
VEH-0055,54.1,5929.1,2024/09/18 23:46:00,Chicago,DRV-0011
VEH-0149,49.2,220162.6,05-09-2024,Chicago,DRV-0042
VEH-0055,38.9,237925.6,2024/07/03 11:16:00,n/a,DRV-0234
VEH-0116,,31410.9,2024-05-21 06:08:00,Phoenix,DRV-0138
VEH-0209,21.0,113832.2,14/08/2024 10:00,Houston,DRV-0325
VEH-0162,23.3,123000.4,13/03/2024 15:34,,DRV-0391
VEH-0158,8.2,241965.0,2024-11-26 12:56:00,,DRV-0333
VEH-0160,40.5,-149010.9,01-01-2024,n/a,DRV-0112
VEH-0022,109.6,246775.0,01-10-2024,UNKNOWN,DRV-0052
VEH-0194,79.3,150950.8,22/02/2024 20:13,,DRV-0313
VEH-0200,31.3,163585.5,10/05/2024 06:55,Chicago,DRV-0005
VEH-0155,7.9,59877.5,06-23-2024,Chicago,DRV-0034
  ,97.7,101727.0,2024/08/03 05:13:00,Phoenix,DRV-0387
VEH-0136,41.0,117675.2,2024/11/19 08:37:00,Phoenix,DRV-0187
VEH-0029,7.1,47340.2,2024/01/16 14:54:00,n/a,DRV-0273
VEH-0032,99.9,12053.0,29/12/2024 15:56,UNKNOWN,DRV-0080
VEH-0232,26.6,9751.6,2024/06/23 10:27:00,New York,DRV-0170
VEH-0135,90.4,80165.7,04/05/2024 14:10,UNKNOWN,DRV-0375
VEH-0115,13.3,193668.2,02/02/2024 08:55,Los Angeles,DRV-0346
VEH-0047,75.7,64341.4,2024/02/17 03:15:00,Houston,DRV-0249
VEH-0207,36.5,-210403.9,27/06/2024 01:42,Los Angeles,DRV-0189
VEH-0037,15.0,242019.1,07-11-2024,New York,DRV-0156
VEH-0148,35.7,158686.0,22/09/2024 13:11,Los Angeles,DRV-0377
VEH-0197,41.7,,2024/05/23 13:06:00,Houston,DRV-0267
VEH-0235,40.8,40304.7,2024/09/03 01:01:00,Chicago,DRV-0176
VEH-0109,67.4,64976.2,2024/09/09 13:56:00,New York,DRV-0312
VEH-0046,56.6,219508.4 mi,05-15-2024,UNKNOWN,DRV-0100
VEH-0101,69.5,54678.9,11-30-2024,Chicago,DRV-0037
VEH-0091,78.9,111604.9,2024-05-29 22:12:00,Los Angeles,DRV-0031
VEH-0074,unknown,160062.7,2024/02/18 00:40:00,Los Angeles,DRV-0197
VEH-0049,57.0,226588.6,2024-10-22 17:10:00,New York,DRV-0391
VEH-0081,,209713.5,04-09-2024,n/a,DRV-0112
VEH-0092,4.4,180093.3,2024-06-03 01:30:00,,DRV-0110
VEH-0015,17.1,7615.9,19/01/2024 19:36,n/a,DRV-0345
VEH-0120,6.2,36825.8,2024/03/14 20:10:00,New York,DRV-0066
VEH-0010,40.2,38422.8 mi,2024-01-29 18:33:00,Houston,DRV-0201
VEH-0221,48.4,,2024-11-19 14:58:00,Chicago,DRV-0357
VEH-0023,93.4,172271.9,23/03/2024 05:52,n/a,DRV-0308
VEH-0052,5.6,121408.6,07-19-2024,Los Angeles,DRV-0101
VEH-0066,73.6%,142834.9,2024/09/12 00:05:00,New York,DRV-0062
VEH-0040,51.5,42669.4,07-17-2024,Chicago,DRV-0289
VEH-0131,90.7,42187.4,05-11-2024,New York,DRV-0263
VEH-0011,99.8,123375.1,2024/10/09 01:38:00,Chicago,DRV-0030
VEH-0011,48.8,20568.1,03-08-2024,Phoenix,DRV-0071
VEH-0133,41.0,131233.5,04-21-2024,New York,DRV-0332
VEH-0196,8.7,167288.5,05/07/2024 08:36,n/a,DRV-0160
VEH-0101,88.0,108430.9,09-10-2024,UNKNOWN,DRV-0167
VEH-0078,38.6,85096.8,01/12/2024 19:15,,DRV-0224
VEH-0209,94.0,143868.5,2024/12/04 07:52:00,Chicago,DRV-0033
VEH-0058,40.2,-221146.7,2024/11/09 00:36:00,New York,DRV-0359
VEH-0113,,173069.1,27/07/2024 06:19,New York,DRV-0262
VEH-0113,21.0,122969.0,2024/08/13 00:41:00,Phoenix,DRV-0206
VEH-0112,12.9,93955.3,2024/11/27 12:13:00,Phoenix,DRV-0313
VEH-0128,93.8,30629.8,12-25-2024,Chicago,DRV-0371
VEH-0146,84.4,121005.1,26/10/2024 23:10,Los Angeles,DRV-0168
VEH-0003,123.5,12989.1 mi,22/12/2024 05:42,New York,DRV-0294
VEH-0192,59.4,169775.6,2024/06/23 06:47:00,,DRV-0256
VEH-0032,11.0,136989.9 mi,2024/02/02 12:52:00,UNKNOWN,DRV-0290
VEH-0201,66.4,240848.6,2024/04/03 02:32:00,Los Angeles,DRV-0345
VEH-0052,147.5,42439.6,2024/08/31 04:20:00,Phoenix,DRV-0370
VEH-0155,63.6,75930.2 mi,2024-09-26 21:42:00,Houston,DRV-0391
VEH-0017,30.4,131189.1,17/08/2024 03:23,UNKNOWN,DRV-0330
VEH-0226,3.7,152391.1,08/01/2024 09:24,Los Angeles,DRV-0209
VEH-0051,8.6,115952.5,2024-11-03 01:22:00,UNKNOWN,DRV-0381
VEH-0210,132.2,176618.9,01/01/2024 03:13,Chicago,DRV-0150
VEH-0243,9.4,247218.9,2024-09-30 15:18:00,New York,DRV-0306
VEH-0237,98.7,93567.7,14/12/2024 20:31,Houston,DRV-0139
VEH-0147,67.3,206087.6,2024/09/29 04:36:00,New York,DRV-0032
VEH-0024,8.7,139196.2,2024-06-24 15:27:00,UNKNOWN,DRV-0278
VEH-0076,37.5,71428.0,2024/04/07 06:17:00,Chicago,DRV-0311
VEH-0154,65.3,63916.6,10-17-2024,Los Angeles,DRV-0053
VEH-0091,79.5,231794.5,2024-02-03 03:22:00,Phoenix,DRV-0196
VEH-0141,,143765.1,2024/11/10 13:35:00,,
VEH-0067,85.1,152298.8,04-18-2024,Los Angeles,DRV-0329
VEH-0049,93.2,51718.0,05/01/2024 21:19,n/a,DRV-0318
VEH-0081,78.7,135333.8,24/02/2024 19:51,Phoenix,DRV-0292
VEH-0077,,20731.8,03-30-2024,UNKNOWN,DRV-0354
VEH-0105,90.6,80373.9,07-08-2024,n/a,DRV-0042
VEH-0144,,82904.2,11-28-2024,UNKNOWN,DRV-0181
VEH-0070,54.3,71635.3,2024/11/17 21:16:00,Phoenix,DRV-0263
VEH-0105,135.2,20558.3,11-02-2024,New York,DRV-0207
VEH-0242,8.1,248145.4,2024-12-13 10:33:00,Phoenix,DRV-0182
VEH-0002,unknown,4167.9,2024-04-20 08:30:00,New York,DRV-0369
VEH-0121,26.8,N/A,25/10/2024 22:28,Chicago,DRV-0299
VEH-0152,72.1,125076.3,08-10-2024,UNKNOWN,DRV-0105
VEH-0188,7.3,100718.3,2024/02/07 10:49:00,UNKNOWN,DRV-0100
VEH-0121,99.1,57917.9,2024/07/01 02:27:00,New York,DRV-0394
VEH-0231,45.2,35214.3,2024/04/30 01:32:00,New York,DRV-0373
VEH-0248,50.4,136220.4,12-09-2024,Chicago,DRV-0334
VEH-0250,47.8,55873.6,2024-08-29 15:03:00,Houston,DRV-0292
VEH-0246,3.6,13186.0 mi,08-30-2024,Houston,DRV-0278
VEH-0128,39.9,153850.2,05-25-2024,Los Angeles,DRV-0027
VEH-0015,16.1,249003.2,03-21-2024,Phoenix,DRV-0396
VEH-0010,29.2,110979.9,09-30-2024,n/a,DRV-0218
VEH-0008,16.6,222713.9,02-27-2024,UNKNOWN,DRV-0076
VEH-0246,48.9,100444.7,2024/07/19 09:08:00,,DRV-0055
VEH-0066,59.4,18270.4,2024/02/27 05:47:00,n/a,DRV-0383
VEH-0117,37.6,N/A,2024/04/27 14:42:00,UNKNOWN,DRV-0182
VEH-0109,unknown,83600.3,2024-01-19 03:44:00,Los Angeles,DRV-0302
VEH-0115,95.3,13386.2,15/05/2024 07:25,UNKNOWN,DRV-0285
VEH-0146,29.3,193285.5 mi,2024-12-03 03:36:00,Los Angeles,DRV-0094
VEH-0072,56.6,119012.6,2024-09-20 18:18:00,Houston,DRV-0170
VEH-0005,57.6,161287.5,2024-01-14 02:53:00,Los Angeles,DRV-0077
VEH-0036,91.5,22759.1,2024-10-29 10:09:00,New York,DRV-0390
VEH-XXXX,,238055.4,2024-10-23 20:16:00,,DRV-0370
VEH-0214,43.2,77954.0,2024/09/19 07:55:00,Chicago,DRV-0145
VEH-0086,87.9,199356.5,2024-10-30 07:14:00,Houston,DRV-0309
VEH-0190,20.7,17789.6,11-16-2024,Los Angeles,DRV-0083
VEH-0167,56.4,89644.6,09/01/2024 21:13,Houston,DRV-0017
VEH-0101,55.3,N/A,2024-09-12 12:47:00,Chicago,DRV-0034
VEH-0092,35.3,74133.9,2024-01-07 03:20:00,UNKNOWN,DRV-0099
VEH-0010,12.3,100242.6,09-04-2024,Chicago,DRV-0234
VEH-0037,46.4,33321.1,17/06/2024 04:27,Phoenix,DRV-0262
VEH-0112,36.5,98196.4,28/07/2024 03:07,Houston,DRV-0388
VEH-0152,,N/A,07-09-2024,Houston,DRV-0325
VEH-0054,49.3,20484.6,12-13-2024,New York,DRV-0072
VEH-0082,4.2,21198.0,2024/07/09 07:36:00,Phoenix,DRV-0165
VEH-0163,55.5,225407.8,09/01/2024 16:34,n/a,DRV-0309
VEH-0229,4.1,78752.1,09-22-2024,UNKNOWN,DRV-0279
VEH-0220,38.1,40758.8,2024/04/20 17:17:00,Houston,DRV-0206
VEH-0057,19.7,13833.1,22/09/2024 19:16,Houston,DRV-0104
VEH-0076,20.5,73286.9,2024/09/18 04:25:00,Los Angeles,DRV-0346
VEH-0218,24.7,112636.0,2024/08/29 13:23:00,Chicago,DRV-0353
VEH-0201,89.2,49110.3,2024-08-07 13:28:00,New York,DRV-0389
VEH-0026,53.7,233705.5,2024/12/05 02:33:00,Los Angeles,DRV-0352
VEH-0176,32.0,N/A,2024/02/11 10:04:00,Los Angeles,DRV-0193
  ,17.0,79026.2,2024/08/10 08:05:00,Chicago,DRV-0337
VEH-0169,5.3,156460.3,09/01/2024 03:49,Phoenix,DRV-0088
VEH-0011,86.1,1738.0,2024-05-25 04:04:00,Chicago,DRV-0243
VEH-0105,44.1,146189.2,2024-06-15 12:00:00,Chicago,DRV-0065
VEH-0103,75.5,62151.2,2024-06-15 12:00:00,Chicago,DRV-0391
VEH-0240,,238833.7,2024-10-29 03:32:00,n/a,DRV-0047
VEH-0032,53.8,210027.0,2024-12-28 09:32:00,Los Angeles,DRV-0098
VEH-0204,39.4,162808.2,01-30-2024,Chicago,DRV-0190
VEH-0233,80.8,190571.3,11-07-2024,,DRV-0146
VEH-XXXX,69.6%,234471.7,2024/08/16 01:13:00,New York,DRV-0312
VEH-0179,32.0,,09-01-2024,Phoenix,DRV-0307
VEH-0004,83.6,66241.8,2024/01/15 03:57:00,Phoenix,DRV-0356
VEH-0085,unknown,156218.5,2024/01/21 15:52:00,Phoenix,DRV-0350
VEH-0037,6.8,224349.3 mi,05-30-2024,Houston,DRV-0206
  ,41.2,83237.6,01-01-2024,UNKNOWN,DRV-0109
VEH-0202,81.4%,194215.1 mi,2024/10/17 11:54:00,UNKNOWN,DRV-0195
VEH-0226,79.4,235248.1,10-06-2024,UNKNOWN,DRV-0062
VEH-0035,46.5,3420.6,2024-10-11 02:15:00,Los Angeles,DRV-0144
VEH-0179,54.1,114551.2,2024-06-22 01:19:00,Houston,DRV-0027
VEH-0016,55.5,24983.0,2024-11-24 15:57:00,UNKNOWN,DRV-0334
VEH-0184,33.2,213757.6,01-18-2024,,DRV-0167
VEH-0203,88.7,161452.7,03/01/2024 16:36,Houston,DRV-0110
VEH-0243,0.0,238480.2,2024/02/05 18:23:00,n/a,DRV-0159
VEH-0163,38.3,,2024-12-24 23:39:00,,DRV-0123
VEH-0232,16.6,111385.4,2024-11-29 19:27:00,Los Angeles,DRV-0020
VEH-0061,44.0,30509.6,2024/04/06 08:19:00,Houston,DRV-0209
VEH-0202,44.9%,110030.2,12-21-2024,New York,DRV-0351
VEH-0022,30.7,N/A,2024-06-15 12:00:00,Phoenix,DRV-0228
VEH-0095,26.9,-94321.0,06/04/2024 22:53,Los Angeles,DRV-0005
VEH-0147,4.0,120126.7 mi,2024-06-15 12:00:00,New York,DRV-0242
VEH-0183,64.8,30730.2,2024-09-02 03:13:00,New York,DRV-0182
VEH-0148,70.9,53713.7,11-14-2024,Los Angeles,DRV-0274
VEH-0225,7.3,212579.4 mi,2024-12-29 18:29:00,Phoenix,
VEH-0211,3.9,48532.2,2024/01/29 08:34:00,Houston,DRV-0227
VEH-0058,34.2,170924.9,2024-09-10 04:36:00,n/a,DRV-0122
VEH-0100,63.1,196101.4,2024/07/14 13:28:00,n/a,DRV-0206
VEH-0155,96.0,205115.3,03-10-2024,Phoenix,DRV-0094
VEH-0223,5.1,124091.6,26/10/2024 02:40,Chicago,DRV-0262
VEH-0184,57.2,201358.1,2024-07-15 06:50:00,n/a,DRV-0363
VEH-0109,50.2,199573.8,07-28-2024,n/a,DRV-0260
VEH-0220,1.4,1739.4,2024/03/29 15:51:00,New York,DRV-0236
VEH-0191,49.8,51170.0,2024/10/13 13:38:00,New York,DRV-0207
VEH-0111,56.6,128615.3,11-03-2024,Los Angeles,DRV-0332
VEH-0219,0.2,95060.3,2024/03/24 23:16:00,n/a,DRV-0019
VEH-0202,35.3,145914.0,24/10/2024 06:50,Phoenix,DRV-0387
VEH-0119,91.3,152590.8,2024/09/20 14:37:00,,DRV-0386
VEH-0158,15.1,233162.0,04-21-2024,Chicago,DRV-0032
VEH-0027,81.9,135198.4,11/05/2024 22:29,Chicago,DRV-0068
VEH-0125,36.9,115633.7,2024-02-05 06:00:00,Los Angeles,DRV-0236
VEH-0175,51.9,140672.2,08/12/2024 18:42,n/a,DRV-0177
VEH-0202,68.4,125805.1,07-03-2024,Houston,DRV-0371
VEH-0182,24.7,173829.7,2024/01/28 01:35:00,n/a,DRV-0217
VEH-0004,79.2%,76698.6,11-28-2024,Los Angeles,DRV-0275
VEH-0047,unknown,391.3,20/09/2024 03:52,,DRV-0012
VEH-0106,21.9,9180.3,11-06-2024,Los Angeles,DRV-0235
VEH-0197,90.6%,29940.0,2024-11-16 00:41:00,Houston,DRV-0294
VEH-0053,85.1%,79230.5,30/05/2024 20:20,Houston,DRV-0076
VEH-0158,23.8,56095.7,05-07-2024,Phoenix,DRV-0153
VEH-0087,5.2,221061.3,07-13-2024,New York,DRV-0265
VEH-0058,34.7,184375.3,2024-04-03 21:13:00,,DRV-0157
VEH-0207,44.8,127608.1,11/01/2024 20:22,New York,DRV-0065
VEH-0023,51.2,N/A,04-11-2024,,DRV-0259
VEH-0194,21.9,81555.1,02/11/2024 18:23,Phoenix,DRV-0112
VEH-0174,39.8,N/A,21/05/2024 06:19,New York,DRV-0211
VEH-0226,57.3,157959.3,2024-07-27 01:48:00,Los Angeles,DRV-0136
VEH-0186,76.0%,84705.9,2024-11-01 16:06:00,,DRV-0397
VEH-0127,95.0,145405.6,12-17-2024,Phoenix,DRV-0273
VEH-0153,,11306.8 mi,08-18-2024,Houston,DRV-0161
VEH-0055,35.5,120475.0,06-09-2024,Los Angeles,DRV-0102
VEH-0008,4.9,47765.5,2024/11/04 22:46:00,,
VEH-0063,97.4,243900.5,11-29-2024,,DRV-0223
VEH-0144,99.6,145678.6,01-11-2024,Los Angeles,DRV-0003
VEH-0021,47.1,143350.4,22/01/2024 20:38,,DRV-0202
VEH-0231,78.6,183611.0,2024/12/13 00:14:00,n/a,DRV-0154
VEH-0028,80.7,27339.0,02-05-2024,n/a,
VEH-0036,82.3,3320.3,11-24-2024,Houston,DRV-0377
VEH-0235,52.0,35719.0,18/03/2024 06:34,Phoenix,DRV-0106
VEH-0066,78.1,210112.4,2024-01-07 15:56:00,Chicago,DRV-0182
VEH-0149,50.5,,2024/10/01 22:41:00,New York,DRV-0094
VEH-0150,33.4,130457.7,2024/08/05 15:35:00,,DRV-0054
VEH-0093,,,05-24-2024,Chicago,DRV-0135
VEH-0198,62.4,115080.3,09/07/2024 08:40,Los Angeles,DRV-0285
VEH-0070,12.9,236905.9,2024/08/10 20:49:00,,DRV-0175
VEH-0182,99.8,60374.1 mi,02-06-2024,Los Angeles,DRV-0131
VEH-0167,37.7,98330.2,18/01/2024 13:17,Phoenix,DRV-0355
VEH-0041,48.3,128520.2,16/06/2024 12:11,New York,DRV-0320
VEH-0173,,105989.0,30/04/2024 01:59,Los Angeles,DRV-0025
VEH-0234,70.4,135174.6,2024-06-12 12:56:00,Chicago,DRV-0357
VEH-0138,55.3,28685.5,2024/09/22 23:46:00,n/a,DRV-0054
VEH-0109,88.0,53935.2,20/12/2024 18:19,,DRV-0152
VEH-0172,51.5,247571.3,01-06-2024,UNKNOWN,DRV-0096
VEH-0168,34.5,N/A,17/01/2024 23:53,Phoenix,DRV-0151
VEH-0023,64.6,N/A,02-10-2024,Chicago,DRV-0363
VEH-0018,31.6,,16/05/2024 15:50,Los Angeles,DRV-0170
VEH-0002,38.4%,142968.1,2024-05-20 03:34:00,Chicago,DRV-0065
VEH-0218,32.3,59313.6,2024-09-01 21:02:00,Houston,DRV-0351
VEH-0024,5.8,242275.7,2024-02-13 17:29:00,n/a,DRV-0360
VEH-0177,2.0,183910.7,2024/02/17 01:29:00,Phoenix,DRV-0167
VEH-0073,45.6,151424.8 mi,2024/10/28 07:06:00,,DRV-0023
VEH-0096,65.6,44357.2,2024-11-11 19:46:00,Los Angeles,DRV-0067
VEH-0150,33.4,129828.2,10/09/2024 18:24,Houston,DRV-0004
VEH-0090,43.4,64677.9,2024/02/11 02:09:00,,DRV-0150
VEH-0180,41.9,114607.9,2024/01/13 06:23:00,Houston,DRV-0065
VEH-0243,0.4,-80014.9,04-30-2024,Chicago,DRV-0115
VEH-0195,28.6,231780.9,2024/06/14 17:12:00,New York,DRV-0053
VEH-0192,25.8,34839.0,02/08/2024 19:07,Phoenix,DRV-0374
VEH-0112,85.8,224377.2,12-13-2024,Los Angeles,DRV-0380
VEH-0229,62.6,36593.3,04-18-2024,Los Angeles,DRV-0144
VEH-0017,54.7,225603.3 mi,2024-07-22 08:11:00,Phoenix,DRV-0038
VEH-0166,114.5,192145.3,07-08-2024,n/a,DRV-0195
VEH-0156,75.7,224491.2,2024-03-25 10:05:00,,DRV-0067
VEH-0056,91.4,66321.3,10-22-2024,UNKNOWN,DRV-0357
VEH-0249,13.6,157600.2,2024-02-28 11:55:00,Houston,DRV-0345
VEH-0240,67.1,158070.5,26/02/2024 02:22,n/a,DRV-0360
VEH-0052,51.5,40340.7,03-28-2024,New York,DRV-0100
VEH-0211,35.0,,09-30-2024,n/a,DRV-0008
VEH-0239,2.9,151275.4,2024-02-26 03:02:00,n/a,DRV-0380
VEH-0087,76.2,202951.7,2024/01/17 11:33:00,Chicago,DRV-0347
VEH-0203,8.5,112451.0,07-06-2024,Houston,DRV-0102
VEH-0199,56.6,91362.9,2024/04/29 03:49:00,Houston,DRV-0344
VEH-0079,43.3,249295.6,2024-06-01 08:48:00,Houston,
VEH-0144,64.3,150236.4,2024-08-29 18:23:00,Los Angeles,DRV-0036
VEH-0198,7.9,89101.2,2024-12-02 14:00:00,Los Angeles,DRV-0348
VEH-0058,98.1,64132.5,02-17-2024,,DRV-0381
VEH-0185,27.9,54677.5,17/07/2024 00:31,,DRV-0309
VEH-0044,23.2,3595.4,2024-01-16 02:04:00,,DRV-0025
VEH-0002,56.7,-138357.4,2024-06-03 17:54:00,Chicago,DRV-0271
VEH-0089,86.9,-165475.4,30/11/2024 09:37,Houston,DRV-0194
VEH-0225,47.4,83444.1,2024/01/29 23:24:00,Houston,DRV-0034
VEH-0023,44.0,127615.0,2024-01-06 20:03:00,New York,DRV-0301
VEH-0171,17.9,161767.5,29/08/2024 22:15,Chicago,DRV-0083
VEH-0233,3.0,82036.8,2024/08/11 06:19:00,n/a,DRV-0221
VEH-0225,80.3,-249309.5,12/04/2024 04:38,UNKNOWN,DRV-0104
VEH-0064,10.3%,56862.1,2024-04-05 11:44:00,Chicago,DRV-0217
VEH-0059,83.8,18089.3,2024/09/12 18:52:00,Houston,DRV-0169
VEH-0237,6.7,243835.8,11-23-2024,Phoenix,DRV-0020
VEH-0037,41.1,106871.6,2024/06/26 01:29:00,Phoenix,DRV-0065
VEH-0106,33.7,146371.5,05-30-2024,UNKNOWN,DRV-0201
VEH-0073,96.1,149819.4,2024-11-09 11:05:00,New York,DRV-0361
VEH-0159,20.0,52751.7,2024/08/11 17:07:00,,DRV-0320
VEH-0036,31.5,33302.5,2024/04/12 14:38:00,n/a,DRV-0039
VEH-0206,85.2,137100.2,2024/03/06 05:23:00,Chicago,DRV-0018
VEH-0077,47.0,195733.5,04-10-2024,Chicago,DRV-0253
VEH-0089,85.6,28095.7,2024/10/20 15:56:00,Phoenix,DRV-0310
VEH-0075,59.0,98061.0 mi,2024/10/24 22:16:00,Chicago,DRV-0124
VEH-0076,22.0,97132.8,07-05-2024,UNKNOWN,DRV-0210
VEH-0158,82.7,10478.8,11-07-2024,New York,DRV-0004
VEH-0201,76.0,38475.0,01-28-2024,UNKNOWN,DRV-0203
VEH-0106,27.0,14271.7,2024-06-09 16:21:00,UNKNOWN,DRV-0028
VEH-0002,,153888.2,07-30-2024,New York,DRV-0374
VEH-0132,85.8,229158.8,2024/08/15 01:32:00,Chicago,DRV-0055
VEH-0113,88.3,123929.3,01/05/2024 06:12,,DRV-0291
VEH-0186,27.0,47731.6,05-29-2024,Chicago,DRV-0255
VEH-0017,5.1,123133.8,2024-12-11 21:17:00,New York,DRV-0137
VEH-0021,54.5,12801.6,06-23-2024,New York,DRV-0320
VEH-0109,111.9,179350.9,10-03-2024,Phoenix,DRV-0289
VEH-0155,82.4,51021.9 mi,2024/11/06 13:06:00,New York,DRV-0066
VEH-0077,82.0,162186.8,11-29-2024,UNKNOWN,DRV-0190
VEH-0228,54.9,237278.1,30/05/2024 21:18,Chicago,DRV-0344
VEH-0191,13.8,245684.9,2024-10-16 10:38:00,Phoenix,DRV-0203
VEH-0190,3.2,19025.0 mi,12/07/2024 15:09,n/a,DRV-0303
VEH-0226,35.3,78908.3,03-16-2024,Phoenix,DRV-0174
VEH-0206,,215538.2,01-02-2024,n/a,DRV-0248
VEH-0088,6.0,,11-24-2024,n/a,DRV-0099
VEH-0150,82.6,N/A,2024-05-17 13:45:00,n/a,DRV-0180
VEH-0086,73.9,N/A,2024-04-03 03:20:00,Houston,DRV-0171
VEH-0088,21.1%,66292.7,2024-06-15 12:00:00,Los Angeles,DRV-0295
VEH-0018,77.2,207053.2,15/07/2024 09:06,Phoenix,DRV-0329
VEH-0031,84.5,181790.7,18/02/2024 18:38,,DRV-0400
VEH-0180,74.2,42470.3 mi,07-10-2024,UNKNOWN,DRV-0125
VEH-0244,35.7,144263.3,2024-12-07 19:14:00,Houston,DRV-0177
VEH-0035,75.0,32521.6,29/09/2024 07:24,,DRV-0071
VEH-0007,3.9,143487.5 mi,2024-04-23 17:16:00,Chicago,DRV-0028
VEH-0106,17.5,162007.6,25/07/2024 12:48,Chicago,
VEH-0164,,9816.3,02/12/2024 07:35,Houston,DRV-0010
VEH-0005,57.6,161287.5,2024-01-14 02:53:00,Los Angeles,DRV-0077
VEH-0108,38.9,135440.2,2024-01-31 13:37:00,New York,DRV-0282
VEH-0058,,,2024/04/11 19:33:00,,DRV-0354
VEH-0238,48.3,221707.9,2024/11/10 00:21:00,Houston,DRV-0365
VEH-0124,66.4,234207.4,2024/04/27 09:58:00,New York,DRV-0066
VEH-0192,10.7,205277.6,2024/03/25 18:52:00,Los Angeles,DRV-0100
VEH-0132,68.7,60903.7,17/10/2024 03:44,,DRV-0155
VEH-0089,5.4,N/A,10-03-2024,Houston,DRV-0348
VEH-0102,57.8,89802.2,01-29-2024,Houston,DRV-0312
VEH-0232,94.6%,73956.0,05-05-2024,Phoenix,DRV-0344
VEH-0002,62.3,51956.0 mi,28/10/2024 05:16,Chicago,DRV-0077
VEH-0125,6.8,176958.8,2024-04-25 22:06:00,,DRV-0348
VEH-0179,54.3,124288.5,01-28-2024,Los Angeles,DRV-0173
VEH-0063,44.2,86679.7,2024/08/23 05:34:00,,DRV-0247
VEH-0058,93.2,141283.3,08-10-2024,,DRV-0179
VEH-0166,12.0%,222631.8,2024-07-26 11:21:00,Phoenix,DRV-0311
VEH-0176,32.4,,04/12/2024 23:51,Phoenix,DRV-0101
VEH-0082,26.0,109249.0,2024/12/02 09:07:00,Houston,DRV-0088
VEH-0173,52.0,249131.6,02-27-2024,Phoenix,DRV-0318
VEH-0012,29.1,117497.1,2024/09/04 06:42:00,Chicago,DRV-0146
VEH-0008,44.2,40841.7,2024/03/29 19:47:00,n/a,DRV-0073
VEH-0107,36.1,102113.9,2024-08-01 01:50:00,,DRV-0051
VEH-0179,55.9,176757.8,22/02/2024 05:56,Houston,DRV-0213
VEH-0084,13.7,145174.8 mi,2024-04-10 01:40:00,n/a,DRV-0136
VEH-0137,66.0,199060.4,07-02-2024,Phoenix,DRV-0305
VEH-0195,16.9,13408.7,2024-01-15 04:53:00,UNKNOWN,DRV-0330
VEH-0234,67.6,164540.0,02-12-2024,,DRV-0231
VEH-0098,28.0,39937.4,15/03/2024 08:03,n/a,DRV-0189
VEH-0213,82.5,36652.1 mi,11/09/2024 00:37,Houston,
VEH-0243,81.0,33759.5,2024/09/01 03:14:00,UNKNOWN,DRV-0206
VEH-0182,24.2,125150.9,2024/11/27 07:30:00,New York,DRV-0021
VEH-0064,40.9,165492.5,2024/05/15 22:36:00,Chicago,
VEH-0134,53.1,169359.5,26/04/2024 14:50,UNKNOWN,DRV-0273
VEH-0196,9.3,184694.5,06-19-2024,UNKNOWN,DRV-0381
VEH-0115,97.6,129075.1,08-23-2024,Chicago,DRV-0241
VEH-0235,90.8,24238.0,2024-06-15 12:00:00,UNKNOWN,DRV-0345
VEH-0076,46.1,,12-29-2024,UNKNOWN,DRV-0156
VEH-0056,15.5,75293.9,2024/01/07 07:38:00,,DRV-0378
VEH-0250,8.6,22733.9,2024-03-11 18:11:00,Los Angeles,DRV-0030
VEH-0153,75.6,98438.8,07-03-2024,UNKNOWN,DRV-0042
VEH-0096,72.0,132358.9,05-09-2024,,DRV-0143
VEH-0067,50.0,210110.7,03-20-2024,Los Angeles,DRV-0016
VEH-0172,66.2,35305.9,2024/05/13 05:14:00,New York,DRV-0011
VEH-XXXX,46.9%,67140.5,2024-12-15 10:14:00,Los Angeles,DRV-0384
VEH-0245,63.8,N/A,05/03/2024 03:29,UNKNOWN,DRV-0160
VEH-0172,51.5,247571.3,01-06-2024,UNKNOWN,DRV-0096
VEH-0189,43.0,149227.7,07-20-2024,New York,
VEH-0008,88.6,223922.5,2024-07-07 22:56:00,Los Angeles,DRV-0351
VEH-0176,54.7,95100.1,2024/03/22 20:29:00,Chicago,DRV-0115
VEH-0020,86.6,181105.6,11-14-2024,n/a,
VEH-0170,96.3%,147367.7,2024-02-16 15:47:00,Los Angeles,DRV-0084
VEH-0173,53.2,120589.1,2024-07-21 03:19:00,New York,DRV-0296
VEH-0204,45.9,141147.7,2024-04-21 20:32:00,,DRV-0205
VEH-0177,77.5,58606.4,02-11-2024,Houston,DRV-0111
VEH-0166,23.8,N/A,2024/07/20 20:43:00,Los Angeles,DRV-0186
VEH-0169,120.2,200600.4,2024/06/23 18:01:00,UNKNOWN,DRV-0015
VEH-0103,67.1,188484.4,2024/03/26 04:13:00,Los Angeles,DRV-0282
VEH-0033,71.9,222564.5,2024-06-21 05:13:00,n/a,DRV-0306
VEH-0022,45.6,92263.3,07-13-2024,UNKNOWN,DRV-0048
VEH-0019,68.8,-54930.7,2024-05-15 21:22:00,Houston,DRV-0235
VEH-0189,5.5,209109.9,2024-06-16 03:23:00,,DRV-0126
  ,80.4,-45163.7,2024/07/24 08:40:00,,DRV-0228
VEH-0211,8.7,154266.6,2024-10-15 05:15:00,n/a,DRV-0260
VEH-XXXX,77.6,201989.3,04/05/2024 09:05,Los Angeles,DRV-0175
VEH-XXXX,89.6,79500.9,2024/03/02 03:05:00,Chicago,DRV-0094
VEH-XXXX,50.1,80415.6,08/12/2024 08:27,Chicago,DRV-0293
VEH-0148,97.2,152131.8,2024/05/18 06:00:00,,DRV-0187
VEH-0046,43.7,100887.2,04/08/2024 09:26,n/a,DRV-0215
VEH-0091,94.2,167143.2,2024/02/16 19:08:00,Chicago,DRV-0262
VEH-0080,23.4,120162.0,05-29-2024,Phoenix,DRV-0023
VEH-0151,96.2,111213.1,2024-10-29 03:37:00,Los Angeles,DRV-0388
VEH-0004,109.1,195790.4,2024-05-03 16:05:00,Chicago,DRV-0017
VEH-0010,87.1,157854.7,01-06-2024,Los Angeles,DRV-0189
VEH-0158,29.7,57498.4,22/11/2024 15:30,Los Angeles,DRV-0228
VEH-0141,62.8,-83726.4,2024-09-19 17:56:00,,DRV-0339
VEH-0015,,83374.8,02/05/2024 18:35,UNKNOWN,DRV-0400
VEH-0151,21.1,239362.0,2024-03-02 12:37:00,Phoenix,DRV-0197
VEH-0142,29.8,197322.7,2024/07/21 19:06:00,Los Angeles,DRV-0350
VEH-0167,94.3,198768.2,2024-10-03 14:10:00,Los Angeles,DRV-0012
VEH-0233,64.9,181347.4,10-30-2024,New York,DRV-0135
VEH-0044,26.0,N/A,04-15-2024,n/a,DRV-0055
VEH-0189,97.0,23475.2,01/06/2024 18:24,n/a,DRV-0137
VEH-0050,60.7,41696.8,08-09-2024,Houston,DRV-0133
VEH-0151,24.1,,01-23-2024,Houston,DRV-0277
VEH-0102,64.8,18526.4,06-08-2024,,DRV-0055
VEH-0220,,194432.0,03-06-2024,Chicago,DRV-0144
VEH-0045,8.9,173498.0,2024/02/22 03:43:00,Los Angeles,DRV-0120
VEH-0018,94.9,19568.6,2024/02/24 06:12:00,Phoenix,DRV-0307
VEH-0082,,73732.8,20/08/2024 22:49,Phoenix,DRV-0251
VEH-0080,35.6,202214.6,2024/02/19 19:03:00,Los Angeles,DRV-0255
VEH-0088,17.1,185409.5,2024/11/23 23:21:00,UNKNOWN,DRV-0376
VEH-0239,62.2,9699.9,2024/12/08 07:43:00,Los Angeles,DRV-0056
VEH-0076,10.3,164140.7,2024-07-18 20:26:00,Houston,
VEH-0158,57.1,236407.4,12/05/2024 00:45,UNKNOWN,DRV-0282
VEH-0208,93.3,151237.5,2024-08-06 18:55:00,Los Angeles,DRV-0335
VEH-0250,57.2,208207.6,02-04-2024,UNKNOWN,DRV-0326
VEH-0230,68.0,163627.8,07-01-2024,Chicago,DRV-0064
VEH-0178,83.6,205347.1 mi,2024-10-01 19:58:00,New York,DRV-0239
VEH-0240,49.8,138542.4,2024-10-23 14:38:00,n/a,DRV-0190
VEH-0035,,144828.6,2024/12/19 19:45:00,Houston,DRV-0283
VEH-0050,55.4,162855.1,10/08/2024 14:03,n/a,DRV-0220
VEH-0033,86.5%,-74125.4,2024/10/31 12:55:00,Houston,DRV-0232
VEH-0214,143.4,80155.0,2024-04-21 23:40:00,Houston,DRV-0307
VEH-0124,20.1,201279.8,20/02/2024 22:49,n/a,DRV-0180
VEH-0159,unknown,164119.7,2024/01/19 21:53:00,n/a,DRV-0056
VEH-0126,0.8,184020.5,2024/12/07 13:57:00,Chicago,DRV-0111
VEH-0171,28.7,219938.1,13/11/2024 09:45,UNKNOWN,DRV-0079
VEH-0183,,56944.6,06-24-2024,,DRV-0128
VEH-0196,94.3,180377.9,2024/10/22 16:32:00,New York,DRV-0061
VEH-0096,,181227.6,12-24-2024,Phoenix,DRV-0396
VEH-0029,29.2,187152.2,04-09-2024,Phoenix,DRV-0113
  ,64.6,38943.3,2024-03-05 11:53:00,New York,DRV-0318
VEH-0128,56.5,172221.3,2024/05/10 18:08:00,Houston,DRV-0039
VEH-0224,67.9,105224.1,2024-04-08 18:47:00,,DRV-0114
VEH-0075,77.7,218115.7,2024-06-07 00:50:00,,DRV-0241
VEH-0007,37.5,237678.6,2024-04-11 14:36:00,Los Angeles,DRV-0017
VEH-0146,45.6%,,12-14-2024,Los Angeles,DRV-0336
VEH-0035,25.5,122237.7,24/01/2024 09:10,Los Angeles,DRV-0326
VEH-0151,36.8,223836.5,17/11/2024 01:55,UNKNOWN,DRV-0252
VEH-0018,93.2,236826.7,03-08-2024,n/a,DRV-0364
VEH-0178,13.8,241544.5,12-24-2024,Phoenix,DRV-0379
VEH-0130,21.1,210405.5,2024/12/29 13:14:00,n/a,DRV-0389
VEH-0048,59.4,2532.8 mi,2024-06-15 12:00:00,Chicago,DRV-0063
VEH-0083,83.9,36331.7,2024-01-03 11:30:00,Phoenix,DRV-0331
VEH-0009,69.5,141847.7,11-29-2024,Chicago,DRV-0107
VEH-0182,67.1,155118.4,2024/03/18 10:13:00,UNKNOWN,
VEH-0137,45.1,28309.5,09-18-2024,Chicago,DRV-0286
VEH-0239,93.5,2941.3,2024-03-04 04:02:00,UNKNOWN,DRV-0082
VEH-0103,,102963.1,2024/02/26 09:01:00,New York,
VEH-0211,4.8,88057.7,04-21-2024,New York,DRV-0044
VEH-0111,70.4,147432.3,27/08/2024 03:34,New York,DRV-0240
VEH-0031,38.9,11853.9,11/01/2024 00:49,Houston,DRV-0238
VEH-0029,96.7,236176.8,2024-10-12 18:05:00,New York,DRV-0274
VEH-0185,78.5,50002.2,03-28-2024,Los Angeles,DRV-0184
VEH-0003,6.1,203430.8,2024-01-09 01:11:00,UNKNOWN,DRV-0195
VEH-0014,66.4,241325.7,12-14-2024,Houston,DRV-0357
VEH-0153,12.8,84566.9,20/05/2024 23:39,Phoenix,DRV-0247
VEH-0048,51.8,87023.9,15/01/2024 15:24,New York,DRV-0192
VEH-0055,97.3,66664.0,09-26-2024,Phoenix,DRV-0033
VEH-0076,61.4,21929.4,09-26-2024,UNKNOWN,DRV-0393
VEH-0048,58.8,125349.1,2024/06/23 23:48:00,Phoenix,DRV-0111
VEH-0220,90.0,N/A,10-07-2024,Houston,DRV-0267
VEH-0003,84.9,164403.2,28/07/2024 10:43,Los Angeles,DRV-0177
VEH-0146,37.7,,19/06/2024 19:32,Los Angeles,DRV-0318
VEH-0099,87.2,72234.3,26/06/2024 23:55,n/a,DRV-0331
VEH-0178,78.6,50340.9,2024/05/11 20:53:00,UNKNOWN,DRV-0360
VEH-0077,59.1,99750.7,19/04/2024 19:02,Houston,DRV-0292
VEH-0050,98.1,87568.1,07-03-2024,,DRV-0054
VEH-0248,,10146.4,2024/02/18 16:03:00,Houston,DRV-0237
VEH-0157,9.5,,08-02-2024,Chicago,DRV-0363
VEH-0165,10.8,218983.3,2024/11/06 05:12:00,n/a,DRV-0350
VEH-0240,9.1,79828.4,2024/04/26 00:42:00,UNKNOWN,DRV-0158
VEH-0227,39.4,79150.6,2024-01-03 08:24:00,Phoenix,DRV-0002
VEH-0116,32.5,117777.6,10-28-2024,New York,DRV-0031
VEH-0170,67.7,207117.3,2024-09-10 06:19:00,n/a,DRV-0135
VEH-0248,65.6,242787.7,10/06/2024 09:39,n/a,DRV-0352
VEH-0065,40.2,5864.8,2024-10-11 05:02:00,,DRV-0290
VEH-0152,29.5,,2024/11/12 02:01:00,New York,DRV-0284
VEH-0161,,154461.8,2024/04/06 03:20:00,n/a,DRV-0378
VEH-0123,13.9,,05-04-2024,Los Angeles,DRV-0060
VEH-0061,80.4,69690.0,2024-06-15 12:00:00,New York,DRV-0018
VEH-0053,57.7,115995.4,2024-04-29 14:52:00,Los Angeles,DRV-0001
VEH-0176,60.7,22144.6,08/10/2024 16:10,Houston,DRV-0318
VEH-0025,51.9,,2024/02/20 13:37:00,Chicago,DRV-0033
VEH-0174,99.2,192609.5,11-03-2024,New York,DRV-0013
VEH-0123,1.2,117192.0,22/01/2024 23:32,n/a,DRV-0126
VEH-0151,37.3,17178.4,2024/01/31 11:48:00,New York,DRV-0180
VEH-0218,32.5,225240.2,16/07/2024 20:42,UNKNOWN,DRV-0269
VEH-0230,,211637.7,20/02/2024 06:56,Phoenix,DRV-0353
VEH-0170,59.9,22232.4,04-01-2024,n/a,DRV-0154
VEH-0223,10.1,124054.9,2024-06-15 12:00:00,UNKNOWN,DRV-0167
VEH-0187,99.3,32872.3,2024/04/25 09:00:00,Houston,DRV-0065
VEH-0099,10.6,38707.2,2024/02/08 04:22:00,Chicago,DRV-0349
VEH-0153,30.5,42214.8,02-28-2024,Houston,DRV-0141
VEH-0211,29.4,96274.4,2024-01-16 13:14:00,n/a,DRV-0065
VEH-0237,49.3,144782.5,01/06/2024 02:11,Chicago,DRV-0119
VEH-0125,68.0,,12-15-2024,Houston,DRV-0090
VEH-0200,0.7,170062.7,2024/07/05 17:31:00,New York,DRV-0368
VEH-0201,77.5,234874.7,22/04/2024 17:16,Phoenix,DRV-0030
VEH-0063,110.3,205312.5,2024-01-09 23:22:00,UNKNOWN,DRV-0237
VEH-0100,132.2,97041.4,2024/04/07 05:32:00,n/a,DRV-0346
VEH-0023,10.1,-59968.5,2024-03-28 15:20:00,Houston,DRV-0229
VEH-0196,80.3,114546.7,2024/09/10 19:51:00,n/a,DRV-0334
VEH-0113,43.6,,04-29-2024,Phoenix,DRV-0193
VEH-0249,31.2,195730.9,2024-05-16 19:45:00,Chicago,DRV-0192
VEH-0007,50.4,200410.6,2024/12/02 07:06:00,UNKNOWN,DRV-0026
VEH-0172,81.7,213136.9,2024-07-12 05:36:00,Houston,DRV-0231
VEH-0057,2.4,146207.0,2024-11-17 02:33:00,Los Angeles,DRV-0220
VEH-0218,37.8%,187431.4,07-25-2024,n/a,DRV-0354
VEH-0017,39.5,-9864.9,2024/09/04 01:32:00,Chicago,DRV-0391
VEH-0196,69.0,236256.0,2024-08-09 17:44:00,UNKNOWN,DRV-0203
VEH-0183,28.0,214585.4,18/04/2024 05:43,n/a,DRV-0229
VEH-0020,9.0,151503.8,10/05/2024 07:09,Los Angeles,
VEH-0059,68.3,143839.8,14/10/2024 13:07,,DRV-0211
VEH-0093,18.3,189600.9,2024-07-01 13:10:00,UNKNOWN,DRV-0107
VEH-0013,26.8,102649.7,01-14-2024,Chicago,DRV-0298
VEH-0038,51.2,192360.6,01/08/2024 10:55,Chicago,DRV-0048
VEH-0026,78.7,78851.7,05-13-2024,Los Angeles,DRV-0209
VEH-0126,77.8,190212.8,10-08-2024,Los Angeles,DRV-0063
VEH-0195,84.2,130239.5,13/11/2024 07:43,n/a,DRV-0252
VEH-0176,7.5,246721.7,12-21-2024,New York,DRV-0217
VEH-0011,44.2,236246.2 mi,2024-03-22 08:09:00,,DRV-0178
VEH-0114,26.3,52466.2,08/10/2024 05:14,Los Angeles,DRV-0358
VEH-0054,72.0,188453.4,11-13-2024,Chicago,DRV-0384
VEH-0119,77.5,140536.2,07-28-2024,Houston,DRV-0338
VEH-0072,97.7,189327.6,03-17-2024,,DRV-0207
VEH-0146,29.2,73704.3,2024-02-12 11:48:00,n/a,DRV-0322
VEH-XXXX,85.3%,N/A,02-28-2024,Phoenix,DRV-0187
VEH-0060,,,2024/08/28 10:28:00,Los Angeles,DRV-0006
VEH-0123,,217424.0,07-05-2024,Chicago,
VEH-0015,98.4,N/A,15/04/2024 19:36,UNKNOWN,DRV-0144
VEH-0032,56.5%,84800.9,2024/01/30 09:10:00,UNKNOWN,DRV-0211
VEH-0236,14.0,198816.8,2024-02-13 08:48:00,Chicago,DRV-0073
VEH-0242,47.2,N/A,2024/12/17 11:21:00,Chicago,DRV-0399
VEH-0206,72.6,153353.8,21/08/2024 04:28,n/a,DRV-0024
VEH-0087,30.7,88239.6,25/04/2024 22:31,n/a,
VEH-0044,73.9,8110.9,2024/04/12 13:33:00,Phoenix,DRV-0049
VEH-0205,31.5,98286.8,02-19-2024,Los Angeles,DRV-0369
VEH-0037,10.3,43131.0,29/12/2024 20:09,Chicago,DRV-0083
VEH-0210,10.4,96127.8 mi,2024/03/19 21:31:00,,DRV-0169
VEH-0090,43.8,57683.6,10-05-2024,,DRV-0275
VEH-0103,13.5,,13/10/2024 19:18,,DRV-0061
VEH-0003,79.8,91847.7,2024/07/23 04:32:00,Houston,DRV-0122
VEH-0069,8.2,218394.7,10/03/2024 08:10,,DRV-0142
VEH-0094,98.4,12543.8,2024-10-17 02:02:00,UNKNOWN,DRV-0002
VEH-0108,53.3,39488.7,2024/09/14 18:37:00,Phoenix,DRV-0220
VEH-0250,96.0,169636.8,17/04/2024 16:41,,DRV-0088
VEH-0227,72.5,241257.9,04-23-2024,UNKNOWN,DRV-0298
VEH-0073,,39153.2,2024/01/17 09:41:00,,DRV-0042
VEH-0127,0.9,58867.9,2024-06-15 12:00:00,Phoenix,DRV-0399
VEH-0240,,238425.9,09/06/2024 10:29,UNKNOWN,DRV-0266
VEH-0249,39.6,33252.4,31/07/2024 17:51,Phoenix,DRV-0038
VEH-0117,35.4,163955.2,2024-04-03 20:33:00,Chicago,DRV-0262
VEH-0068,17.9,84437.0,2024/08/11 04:48:00,,DRV-0087
VEH-0073,74.3%,63017.5,2024/01/23 08:21:00,,DRV-0397
VEH-0102,46.5,157647.2,2024-10-02 21:07:00,Chicago,DRV-0254
VEH-0213,70.9,2090.9,2024/11/27 02:13:00,n/a,DRV-0241
VEH-0219,25.2,124312.1,2024/07/22 02:37:00,Houston,DRV-0292
VEH-0218,91.4,29437.8,2024-12-01 21:11:00,Phoenix,DRV-0129
VEH-0184,20.0,9446.1,07-30-2024,Chicago,DRV-0242
VEH-0246,32.9,158350.2,14/05/2024 07:31,,DRV-0378
VEH-0034,58.1,185421.0,16/10/2024 23:36,Phoenix,DRV-0227
VEH-0226,81.1,208956.5,28/10/2024 07:17,Chicago,DRV-0294
VEH-0165,49.6,109212.7,2024-06-15 12:00:00,,DRV-0219
VEH-0134,98.5,193003.1,2024-06-01 19:12:00,New York,DRV-0097
VEH-0102,8.1,21209.4,04-16-2024,New York,DRV-0366
VEH-0218,87.3,28145.1,2024/08/02 14:12:00,Chicago,DRV-0283
VEH-0025,69.9,92086.8,2024-05-29 04:45:00,New York,
VEH-0090,0.3,75877.5,06/02/2024 15:16,Phoenix,DRV-0037
VEH-0140,12.4,,2024/12/04 11:46:00,n/a,
VEH-0184,131.3,-39848.7,2024/01/18 20:07:00,Houston,DRV-0190
VEH-0211,19.9,222553.8,08-10-2024,,DRV-0288
VEH-0036,11.7,68289.9,03/07/2024 07:54,Houston,DRV-0226
VEH-0198,19.9,123707.1,12-17-2024,New York,DRV-0328
VEH-0090,26.6,224863.3,10-03-2024,n/a,DRV-0166
VEH-0190,33.2%,175202.1,2024/03/22 07:09:00,UNKNOWN,DRV-0003
VEH-0234,24.2,127430.8,2024/04/25 15:55:00,Houston,DRV-0156
VEH-0092,9.7,-75766.4,07-30-2024,n/a,DRV-0171
VEH-0238,72.9,241711.4,08/08/2024 14:04,,DRV-0120
VEH-0241,85.4,,02/04/2024 16:35,Houston,DRV-0054
VEH-0147,89.3,N/A,2024/10/10 00:12:00,UNKNOWN,DRV-0280
VEH-0169,20.4,206616.2,2024/01/03 00:33:00,,DRV-0270
VEH-0031,19.6,N/A,2024-04-29 16:46:00,Phoenix,DRV-0279
VEH-0043,7.4,125922.9,06/07/2024 19:23,New York,DRV-0208
VEH-0136,54.6,-176697.6,30/08/2024 21:26,New York,DRV-0345
VEH-0087,5.8,N/A,19/07/2024 16:19,Houston,DRV-0330
VEH-0214,49.3,211695.8,24/05/2024 11:21,,DRV-0366
VEH-0084,34.0,181191.7,05-16-2024,Houston,DRV-0314
VEH-0060,1.5,55032.3,2024/11/13 14:31:00,UNKNOWN,DRV-0004
VEH-0049,114.9,44022.3,22/09/2024 11:44,,DRV-0060
VEH-0070,119.6,N/A,2024-10-23 05:01:00,n/a,DRV-0186
VEH-0043,,83559.6,08-26-2024,Houston,DRV-0278
,85.7,236023.7,2024/09/12 20:14:00,Los Angeles,DRV-0149
VEH-0243,13.7,126692.5,03-22-2024,Los Angeles,DRV-0053
VEH-0137,21.4,102786.1,2024-07-21 10:00:00,Houston,DRV-0297
VEH-0140,,150617.3,16/03/2024 04:59,New York,DRV-0396
VEH-0138,22.1,,17/07/2024 12:13,Chicago,DRV-0329
VEH-0085,61.5,193658.4,2024-03-11 10:24:00,UNKNOWN,DRV-0013
VEH-0170,64.3,195686.4,06/05/2024 04:05,n/a,DRV-0276
VEH-0200,48.2%,210227.2,2024/12/01 23:39:00,UNKNOWN,DRV-0077
VEH-0167,51.4,-237569.8,2024/06/25 10:21:00,Phoenix,DRV-0348
VEH-0057,22.5,N/A,20/01/2024 15:25,Chicago,DRV-0348
VEH-0056,79.5,40838.6,2024-05-31 16:31:00,n/a,DRV-0256
VEH-0246,unknown,74373.2 mi,04-28-2024,Los Angeles,DRV-0360
VEH-0220,134.7,N/A,2024/03/13 12:54:00,Los Angeles,DRV-0276
VEH-0152,19.5,126227.9,01-06-2024,UNKNOWN,DRV-0221
VEH-0183,47.7,111906.0,2024/08/22 16:34:00,Chicago,DRV-0004
VEH-0138,63.7,153483.4,2024-11-24 22:45:00,New York,DRV-0318
VEH-0213,21.0,244140.3,2024/10/09 07:50:00,Phoenix,DRV-0205
VEH-0042,77.2,124723.9,23/06/2024 06:20,UNKNOWN,DRV-0103
VEH-0117,30.3,,31/03/2024 21:29,Phoenix,DRV-0091
VEH-0112,,181792.3,2024/11/22 19:42:00,n/a,DRV-0350
VEH-0023,9.0,140663.5,09/10/2024 17:51,Houston,DRV-0279
VEH-0078,48.7,-151563.2,2024-11-03 04:52:00,Los Angeles,DRV-0079
VEH-0170,27.5,76578.4,17/12/2024 11:54,Los Angeles,DRV-0152
VEH-0068,8.3,,05-30-2024,,DRV-0233
VEH-0212,35.2,138727.5,25/04/2024 02:21,Phoenix,
VEH-0005,52.2,192498.4 mi,2024/08/15 23:07:00,,DRV-0214
VEH-0137,7.1,121969.2,04/08/2024 19:15,New York,DRV-0342
VEH-0066,132.7,N/A,2024/02/13 15:55:00,Chicago,DRV-0014
VEH-0243,84.6,173123.2,10-03-2024,Chicago,DRV-0299
VEH-0009,80.4,216605.8,2024/01/17 18:53:00,Houston,DRV-0358
VEH-0068,2.1,8607.8,2024/02/26 14:46:00,UNKNOWN,
VEH-0033,76.1,140319.3,03/10/2024 02:02,Phoenix,DRV-0001
VEH-0206,79.0,22801.5,04-11-2024,n/a,DRV-0316
VEH-0057,38.0,147573.7,2024/04/26 01:12:00,,DRV-0114
VEH-0202,87.2,11895.8,2024/10/29 16:21:00,New York,DRV-0143
VEH-0118,117.4,200713.4,2024-05-11 07:57:00,UNKNOWN,DRV-0091
VEH-0095,91.8,221867.2,04-13-2024,Chicago,DRV-0097
VEH-0010,73.3,N/A,07-03-2024,n/a,DRV-0210
VEH-0126,8.3,,2024-07-22 12:25:00,New York,DRV-0160
VEH-0227,61.8,28274.9,2024-10-27 20:58:00,UNKNOWN,DRV-0337
VEH-0012,34.2,162116.1,2024-04-09 02:38:00,UNKNOWN,DRV-0194
VEH-0138,4.6,35006.0,11-14-2024,,DRV-0288
VEH-0141,70.9,,2024-09-18 14:15:00,Phoenix,DRV-0121
VEH-0185,17.3,224191.4,2024-09-28 11:17:00,New York,DRV-0265
VEH-0128,50.6,140087.2,04-17-2024,Chicago,DRV-0104
VEH-0234,unknown,37126.7,10/04/2024 07:45,UNKNOWN,DRV-0393
VEH-0072,28.2,N/A,2024/05/15 11:25:00,,DRV-0061
VEH-0077,12.5,171391.3,14/01/2024 15:07,n/a,DRV-0182
VEH-0206,7.4,25943.7,29/06/2024 18:40,Chicago,DRV-0346
VEH-0005,,80183.4 mi,2024/11/23 23:50:00,Chicago,DRV-0099
VEH-0238,65.6,220463.7,2024/07/17 23:34:00,n/a,DRV-0358
VEH-0127,110.8,92817.7,2024/06/06 09:47:00,New York,DRV-0046
VEH-0176,48.4,122612.3,2024-07-15 15:35:00,,DRV-0044
VEH-0236,46.4,117581.0,2024/08/23 00:21:00,Houston,DRV-0130
VEH-0192,44.3,8543.9 mi,03/08/2024 01:33,New York,DRV-0353
VEH-0070,88.9,116962.3,2024/08/01 08:30:00,,DRV-0338
VEH-0009,3.9%,3617.7,12-10-2024,UNKNOWN,DRV-0047
VEH-0003,89.5%,,2024/12/20 09:43:00,Chicago,DRV-0329
VEH-0082,110.4,115984.1,10/10/2024 22:37,New York,DRV-0032
VEH-0098,30.1,71210.1,24/08/2024 16:02,UNKNOWN,DRV-0133
VEH-0184,31.4%,158911.3 mi,04-10-2024,New York,DRV-0362
VEH-0155,72.8%,112909.7,11-30-2024,,DRV-0307
VEH-0067,69.7,157235.7,2024/07/26 22:49:00,Houston,DRV-0038
VEH-0137,84.9,2489.9,2024/09/16 17:27:00,n/a,DRV-0297
VEH-0040,38.8,39978.3,30/07/2024 05:32,Houston,DRV-0183
VEH-0200,90.8,58921.8,2024/02/07 20:31:00,UNKNOWN,DRV-0034
VEH-0087,32.9,134217.1,12-17-2024,Houston,DRV-0081
VEH-0102,70.8,91961.8,2024/09/15 06:03:00,Phoenix,DRV-0187
VEH-0112,47.1,176660.6,2024/11/16 14:04:00,Chicago,DRV-0178
VEH-0039,88.5,53639.1,2024-01-29 00:34:00,,DRV-0087
VEH-0177,98.7,35623.9,08-15-2024,Houston,DRV-0344
VEH-0005,9.8,,2024-08-06 12:39:00,Phoenix,DRV-0365
VEH-0043,14.1,32580.1,2024-04-05 13:47:00,,DRV-0328
VEH-0082,29.2,173745.5,17/07/2024 12:58,Chicago,DRV-0008
VEH-0171,16.3,213586.5,2024-01-12 10:47:00,,DRV-0277
VEH-0130,47.6,56507.2,24/05/2024 06:07,UNKNOWN,
VEH-0027,22.6,204326.3,06-15-2024,Los Angeles,DRV-0148
VEH-XXXX,76.4,102417.8,2024/04/23 18:33:00,n/a,DRV-0055
VEH-0210,95.1,95902.3,2024-02-25 15:22:00,Los Angeles,DRV-0353
VEH-0250,1.2,139203.0,2024-09-15 05:11:00,,DRV-0254
VEH-0004,145.6,204906.2,2024-07-15 12:27:00,Chicago,DRV-0341
VEH-0248,75.3,179081.3,2024-09-13 03:14:00,,DRV-0362
VEH-0171,45.0,187240.8,11-18-2024,Los Angeles,DRV-0354
VEH-0239,7.5,33550.6,06-18-2024,Phoenix,DRV-0305
VEH-0175,120.0,164922.6,07/06/2024 14:24,Phoenix,DRV-0358
VEH-0219,4.5,183537.8,09-02-2024,New York,DRV-0324
VEH-0228,98.4,N/A,11/01/2024 02:55,New York,DRV-0360
VEH-0116,7.8,6337.7,05-17-2024,UNKNOWN,DRV-0032
VEH-0123,104.7,127598.2,10/11/2024 10:07,New York,DRV-0045
VEH-0224,46.5,56744.6 mi,12/02/2024 13:33,Chicago,DRV-0358
VEH-0222,20.6,185391.5,02-09-2024,,DRV-0386
VEH-0236,0.0,31734.0,2024/01/21 05:16:00,New York,DRV-0127
VEH-0116,69.2,168573.4,2024-02-01 11:31:00,,DRV-0228
VEH-0169,71.6,98564.6,2024/07/23 05:09:00,UNKNOWN,DRV-0224
VEH-0179,86.7,177090.7 mi,2024/10/13 02:07:00,Los Angeles,DRV-0149
VEH-0174,78.6,115614.2,2024/04/04 02:15:00,UNKNOWN,DRV-0113
VEH-0104,67.3,96782.6,27/05/2024 04:57,,DRV-0079
VEH-0114,91.0,94329.5,02-09-2024,UNKNOWN,DRV-0174
VEH-0012,84.4,108099.1 mi,02/09/2024 11:47,Chicago,DRV-0254
VEH-0241,6.2,23090.1 mi,2024-06-15 12:00:00,Phoenix,DRV-0183
VEH-0077,38.9,112173.4,2024-12-10 02:15:00,Phoenix,DRV-0252
VEH-0088,72.9,88711.4,2024-01-25 15:30:00,n/a,DRV-0268
VEH-0181,21.8,N/A,21/08/2024 09:07,Los Angeles,DRV-0234
VEH-0104,3.9,176393.8,2024-10-23 11:11:00,Los Angeles,DRV-0175
VEH-0173,unknown,184748.0,01-17-2024,Houston,DRV-0012
VEH-0243,,97881.4,04-25-2024,Phoenix,DRV-0035
VEH-0150,69.1,N/A,11/05/2024 23:08,UNKNOWN,DRV-0157
VEH-0113,9.5,N/A,04-16-2024,Los Angeles,DRV-0188
VEH-0050,11.6,11500.7,2024/11/16 19:59:00,Phoenix,DRV-0258
VEH-0022,4.2,124532.5,2024-02-21 11:58:00,Phoenix,DRV-0079
VEH-0233,unknown,174882.0,09-27-2024,Los Angeles,DRV-0109
VEH-0026,96.4,213252.4,2024-09-18 04:16:00,,DRV-0063
VEH-0045,57.7,N/A,06-18-2024,Phoenix,DRV-0386
VEH-XXXX,0.1,202535.0,13/09/2024 12:49,n/a,DRV-0261
VEH-0061,28.1,243057.4,2024/05/07 04:15:00,Chicago,DRV-0098
VEH-0002,10.4,59379.0,2024/03/07 02:10:00,,DRV-0046
VEH-0122,1.9,64953.3 mi,2024/10/20 06:37:00,Phoenix,DRV-0326
VEH-0108,85.8%,76225.8,2024-05-10 14:10:00,Chicago,DRV-0319
VEH-0239,27.9,237552.8,05-16-2024,n/a,DRV-0146
VEH-0126,81.1%,N/A,06-05-2024,Los Angeles,DRV-0119
VEH-0155,25.0,18341.0,2024-06-15 12:00:00,n/a,DRV-0301
VEH-0050,83.5,,2024/01/02 21:41:00,Houston,DRV-0081
VEH-0035,83.5,243672.6,2024-04-03 19:04:00,Houston,DRV-0188
VEH-0141,64.5,186303.7,2024/04/27 20:20:00,Chicago,DRV-0290
VEH-0161,62.9,138432.1,06-28-2024,Los Angeles,DRV-0071
VEH-0135,69.6,-102238.2,09-28-2024,,DRV-0174
VEH-0114,28.1,200870.7,2024-09-20 12:19:00,n/a,DRV-0040
VEH-0004,51.7,110049.7,02-18-2024,n/a,DRV-0112
VEH-0012,,49678.9,09/07/2024 18:00,UNKNOWN,DRV-0219
VEH-0168,28.9,88918.2 mi,2024/07/02 04:47:00,Houston,DRV-0181
VEH-0151,73.7,9178.2,2024/01/11 20:10:00,Chicago,DRV-0138
VEH-0177,13.2,-49172.0,06-14-2024,Houston,DRV-0082
VEH-0215,58.9,130163.8 mi,2024/03/12 21:26:00,Phoenix,DRV-0335
VEH-0231,41.5,191965.2,24/06/2024 12:33,Chicago,DRV-0320
VEH-0069,44.1,158560.8,09-23-2024,Phoenix,
VEH-0071,61.8,161105.8,07-03-2024,UNKNOWN,DRV-0268
VEH-0131,7.2,,12/10/2024 06:27,n/a,DRV-0297
VEH-0248,20.7,229548.3,2024/08/11 03:27:00,Houston,DRV-0360
VEH-0246,19.2,80842.9,29/03/2024 21:02,UNKNOWN,DRV-0202
VEH-0080,36.6,201776.8 mi,16/01/2024 10:32,Chicago,DRV-0336
VEH-0200,22.2,195117.8,2024-12-17 15:22:00,New York,DRV-0339
VEH-0021,42.7,204503.7,02-07-2024,Houston,DRV-0400
VEH-0081,83.0,51605.3,11-13-2024,n/a,DRV-0376
VEH-0105,53.9,77826.9,2024-05-17 11:15:00,UNKNOWN,DRV-0189
VEH-0018,78.5,59329.4,2024/10/22 22:06:00,,DRV-0120
VEH-0218,98.0,98429.8 mi,2024-02-07 06:24:00,Phoenix,DRV-0362
VEH-0137,89.5,164811.1,10-22-2024,Los Angeles,DRV-0231
VEH-0127,13.8,99760.1,2024/11/28 00:58:00,Phoenix,DRV-0346
VEH-0138,17.4,94675.8,2024/12/23 04:08:00,Chicago,DRV-0155
VEH-0007,51.8,28152.3,04-13-2024,New York,DRV-0374
,5.9,76353.4,2024/02/11 06:40:00,New York,DRV-0145
VEH-0108,13.1,197627.4 mi,2024-07-01 09:31:00,New York,DRV-0038
VEH-0157,43.6,187168.0,2024/02/09 11:02:00,,DRV-0161
VEH-0226,97.1,29465.0,2024/02/14 23:35:00,Los Angeles,DRV-0394
VEH-0184,68.9,128642.8,22/09/2024 10:52,UNKNOWN,DRV-0308
VEH-0070,12.9,236905.9,2024/08/10 20:49:00,,DRV-0175
VEH-0009,116.6,211218.8,09-23-2024,,DRV-0017
VEH-0118,45.2,233468.8,06-09-2024,Chicago,DRV-0327
VEH-0156,0.7,,01-17-2024,Los Angeles,DRV-0374
VEH-0250,49.4,175564.7,2024-10-13 09:43:00,,DRV-0326
VEH-0145,74.4,154861.3,04-11-2024,Phoenix,
VEH-0148,45.0,,2024-01-05 03:40:00,Los Angeles,DRV-0193
VEH-0032,unknown,165840.7,2024-05-19 13:18:00,Los Angeles,DRV-0394
VEH-0096,54.1,161393.0,04/06/2024 06:05,Chicago,DRV-0328
VEH-0020,63.6,,2024-02-23 15:32:00,New York,DRV-0195
VEH-0201,44.9,149752.8,2024-02-10 07:53:00,n/a,DRV-0213
VEH-0242,19.4,214704.2,2024-06-15 12:00:00,Phoenix,DRV-0174
VEH-0227,unknown,180855.0,10-19-2024,Chicago,DRV-0308
VEH-0104,35.1,8300.8,2024-08-25 06:59:00,Phoenix,DRV-0206
VEH-0063,57.3,81302.8,05-27-2024,Phoenix,DRV-0063
VEH-0102,70.4,1090.8,04-27-2024,n/a,DRV-0284
VEH-0008,113.2,,2024/11/13 10:06:00,,DRV-0393
VEH-0241,42.8,,26/09/2024 19:28,UNKNOWN,DRV-0121
VEH-0043,10.1,4555.5,01-31-2024,,DRV-0030
VEH-0027,52.3,N/A,2024/08/11 05:20:00,Los Angeles,DRV-0359
VEH-0236,5.6,122773.9,2024-08-20 00:10:00,New York,DRV-0391
VEH-0098,76.5,121322.7,10-31-2024,Houston,DRV-0138
VEH-0166,72.8,,04/06/2024 13:05,New York,DRV-0179
VEH-0114,41.1,86835.8,02-29-2024,,DRV-0244
VEH-0147,46.6,90416.5,2024/02/08 23:53:00,Chicago,DRV-0059
VEH-0100,122.7,154453.3,03/09/2024 01:39,UNKNOWN,DRV-0237
VEH-0069,10.0,4007.0 mi,27/12/2024 07:54,Houston,DRV-0220
VEH-0021,86.6,25710.6,17/03/2024 03:46,n/a,DRV-0202
VEH-0162,80.0,106303.4,2024-10-10 15:02:00,New York,DRV-0317
VEH-0163,47.4,166889.4,06/05/2024 03:29,UNKNOWN,DRV-0096
VEH-0021,60.6%,112874.0,04-24-2024,n/a,DRV-0282
VEH-0211,13.1,N/A,2024/01/03 08:38:00,Phoenix,DRV-0022
VEH-0160,14.2,176199.0,20/06/2024 01:22,Phoenix,
VEH-0129,17.6,240066.6 mi,2024-07-03 02:28:00,Los Angeles,DRV-0069
VEH-0166,26.2,60441.1,2024/09/06 23:04:00,New York,DRV-0143
VEH-0008,87.1,20881.2,31/08/2024 00:55,Houston,DRV-0081
VEH-0128,48.4,201498.1,2024-09-07 05:07:00,New York,DRV-0061
VEH-0203,59.2,175658.4,06/01/2024 18:48,Los Angeles,DRV-0082
VEH-0078,32.3,198796.5,2024-09-13 06:38:00,Phoenix,DRV-0020
  ,5.8,239447.5,2024/11/12 17:37:00,UNKNOWN,DRV-0130
VEH-0199,93.2,99253.8,2024/05/22 09:39:00,Los Angeles,DRV-0238
VEH-0134,25.3,-207411.0,25/12/2024 17:06,n/a,DRV-0383
VEH-0071,23.3,216100.7,2024-05-31 14:24:00,Chicago,DRV-0217
VEH-0194,,51583.4,2024/06/08 03:17:00,Los Angeles,DRV-0335
VEH-0030,17.1,N/A,2024/12/01 05:06:00,UNKNOWN,DRV-0072
VEH-0125,72.8,150062.9,12/01/2024 14:40,UNKNOWN,DRV-0038
VEH-0110,98.7,111025.9,2024/02/26 11:00:00,,
VEH-0063,27.9,39713.2,2024-10-05 00:57:00,Houston,DRV-0087
VEH-0111,21.4,146280.4,2024-08-26 13:23:00,UNKNOWN,DRV-0365
VEH-0215,39.9,153962.5,16/04/2024 08:23,New York,DRV-0242
VEH-0206,11.8,62999.6,2024/09/20 19:31:00,Chicago,DRV-0058
VEH-0104,59.1,228301.5,2024/08/23 07:55:00,Phoenix,DRV-0348
VEH-0207,42.4,184111.1,10-21-2024,Chicago,DRV-0336
VEH-0010,55.8,106055.5,26/12/2024 17:27,Phoenix,DRV-0005
VEH-0039,4.0,100722.4,2024/11/19 06:43:00,Los Angeles,DRV-0384
VEH-0062,7.8,243598.7,2024/04/15 02:43:00,New York,DRV-0214
VEH-0150,63.9,84499.7,2024-09-08 19:45:00,Houston,DRV-0092
VEH-0155,57.4,210457.2,01-01-2024,Houston,DRV-0175
VEH-0132,19.2,25469.7,2024-05-06 14:33:00,n/a,DRV-0385
VEH-0170,66.1,19614.0,2024/04/24 16:12:00,Chicago,DRV-0266
VEH-0048,6.5,78822.6,09-28-2024,,DRV-0093
VEH-0135,3.9,219720.3 mi,11-17-2024,Los Angeles,DRV-0173
VEH-0195,74.2,N/A,16/09/2024 03:38,New York,DRV-0184
VEH-XXXX,,208223.4,2024-08-30 01:24:00,,DRV-0355
VEH-0089,80.4,N/A,2024/07/18 09:50:00,UNKNOWN,DRV-0087
VEH-0119,61.3,,28/02/2024 10:00,New York,DRV-0201
VEH-0010,18.2,197424.6,08-09-2024,New York,DRV-0297
VEH-0238,41.4,58182.6,2024/05/19 16:50:00,Phoenix,DRV-0290
VEH-0099,21.1,59180.1,27/05/2024 01:35,Chicago,DRV-0244
VEH-0118,11.9,72221.2,06-27-2024,n/a,DRV-0228
VEH-0230,9.7,N/A,2024-12-19 09:08:00,n/a,
VEH-0023,33.2,173404.5,07-08-2024,New York,DRV-0395
VEH-0106,unknown,73372.2,2024/03/13 14:25:00,New York,DRV-0216
VEH-0145,82.9,89188.3 mi,06-04-2024,Chicago,DRV-0036
VEH-0208,1.3,198886.1,2024/01/27 22:08:00,Los Angeles,DRV-0038
VEH-0093,93.9,201273.3,2024-07-19 04:03:00,,DRV-0152
VEH-XXXX,53.9,201860.0,2024/04/30 04:21:00,Chicago,DRV-0274
VEH-0226,26.9,71865.4,02-13-2024,Los Angeles,DRV-0271
VEH-0012,96.4,22322.4,01/05/2024 06:24,Los Angeles,DRV-0315
VEH-0165,60.8,70262.4,28/12/2024 22:59,Houston,DRV-0392
VEH-0191,69.2,51563.0,05/08/2024 10:35,Phoenix,DRV-0028
VEH-0057,33.1,215127.9,2024-06-12 19:48:00,Houston,DRV-0270
VEH-0202,29.2,227692.5,2024/03/23 09:41:00,Phoenix,DRV-0166
VEH-0235,5.6,143490.4,2024/04/08 15:59:00,New York,DRV-0111
VEH-0169,58.8,175284.9,2024/05/08 22:18:00,Houston,DRV-0206
VEH-0078,,101027.5,10/04/2024 07:51,UNKNOWN,
VEH-0095,98.3,68534.0,2024/05/29 02:49:00,n/a,
VEH-0155,29.0,217853.5,01-30-2024,UNKNOWN,DRV-0294
VEH-0101,58.2,46647.5,06-18-2024,Houston,DRV-0358
VEH-0161,27.7,249170.8,06/09/2024 05:44,,DRV-0400
VEH-0082,84.4,65602.1 mi,12/10/2024 07:01,Chicago,DRV-0180
VEH-0164,97.6,31387.6,21/07/2024 01:16,New York,DRV-0345
VEH-0002,61.0,60201.0,05-29-2024,UNKNOWN,DRV-0133
VEH-0211,69.3,246842.1,2024/01/18 01:00:00,Chicago,DRV-0236
VEH-0025,46.2,102941.4,2024-02-08 05:01:00,n/a,DRV-0077
VEH-0126,84.1,249212.3,06-27-2024,Los Angeles,DRV-0366
VEH-0005,98.5,188562.1,2024-08-23 09:34:00,Chicago,DRV-0091
VEH-0243,11.7,35747.9,11-17-2024,,DRV-0354
VEH-0223,41.1,180104.0,2024/11/21 07:59:00,n/a,DRV-0219
VEH-0248,85.5,64238.1,2024-12-05 23:31:00,n/a,DRV-0131
VEH-0163,52.4,143025.0,15/05/2024 13:50,,DRV-0170
VEH-0045,46.6,18924.9,09-09-2024,Chicago,DRV-0385
VEH-0105,55.4,-242325.6,11-02-2024,,DRV-0194
VEH-0210,81.6,56110.1,2024/01/01 12:34:00,Chicago,DRV-0318
VEH-0116,48.2,17615.2,2024-06-29 15:26:00,Houston,DRV-0346
VEH-0219,unknown,238979.7,06-28-2024,New York,DRV-0354
VEH-0069,4.5,N/A,05-02-2024,Phoenix,DRV-0400
VEH-0073,39.9%,42538.2,2024-11-22 13:46:00,Houston,DRV-0072
VEH-0108,9.7,153751.8,2024/12/12 19:00:00,n/a,DRV-0056
VEH-0085,5.4,3045.0,2024/08/22 23:12:00,Phoenix,DRV-0318
VEH-0217,39.3,96941.1 mi,06-21-2024,,DRV-0069
VEH-0116,54.8,16615.8,07-30-2024,,DRV-0080
VEH-0144,27.1,149417.1,12-28-2024,New York,DRV-0022
VEH-0049,49.1,218116.4,2024-10-01 18:18:00,Phoenix,DRV-0137
VEH-0044,9.2,114475.1,04-08-2024,Los Angeles,DRV-0020
VEH-0014,unknown,87839.0,2024/07/09 03:12:00,,DRV-0190
VEH-0198,73.7,119004.5,2024-03-31 03:14:00,Houston,DRV-0278
VEH-0121,6.8,200089.1,2024/08/30 06:44:00,Los Angeles,DRV-0358
VEH-0123,1.1,34221.4,2024/08/10 10:30:00,Los Angeles,DRV-0311
VEH-0098,59.4,,2024-03-23 13:36:00,UNKNOWN,DRV-0350
VEH-0187,66.7,194262.3,2024-06-22 05:48:00,,DRV-0342
VEH-0058,,108461.0,2024/11/12 05:02:00,,DRV-0029
VEH-0132,13.9,133105.2,2024-08-22 14:33:00,n/a,DRV-0377
VEH-0166,62.3,142344.3,2024-11-19 15:50:00,n/a,DRV-0240
VEH-0011,120.3,25061.4,21/11/2024 02:59,n/a,DRV-0271
VEH-0205,94.7,124064.7,05-01-2024,Chicago,DRV-0085
VEH-0198,20.6,177324.0,2024/02/25 22:07:00,Los Angeles,DRV-0327
VEH-0245,94.5%,170812.0,22/03/2024 13:46,UNKNOWN,DRV-0105
VEH-0143,77.2,N/A,03-06-2024,Los Angeles,DRV-0167
VEH-0226,64.2,74537.6,2024-10-15 18:27:00,Phoenix,DRV-0295
VEH-0107,82.6,80012.4,04-14-2024,n/a,DRV-0177
VEH-0207,60.6,212361.6,06-25-2024,Phoenix,DRV-0196
VEH-0140,28.3,94506.2,2024-03-05 01:49:00,n/a,DRV-0391
VEH-0068,32.7,156989.7,2024/12/25 13:36:00,Houston,DRV-0212
VEH-0242,31.5,135470.0,2024/10/24 16:10:00,,DRV-0285
VEH-0113,58.4,230049.2,07/05/2024 07:31,New York,DRV-0186
VEH-0063,27.4,249281.1,2024/01/29 13:58:00,New York,DRV-0226
VEH-0236,41.9,4531.0,26/07/2024 18:43,Los Angeles,DRV-0001
VEH-0231,,121019.3,2024-09-18 07:57:00,Chicago,DRV-0172
VEH-0033,16.9,205450.4,2024-06-15 12:00:00,n/a,DRV-0357
VEH-0207,unknown,174272.8,2024/07/15 19:51:00,Phoenix,DRV-0221
VEH-0235,65.6,9949.3,2024-03-10 14:19:00,Phoenix,DRV-0014
VEH-0202,96.7,142799.8,22/04/2024 16:01,,DRV-0372
VEH-0249,36.8,244758.0,2024/12/26 18:18:00,Chicago,DRV-0400
VEH-0226,42.3,2327.6,02-09-2024,Los Angeles,DRV-0044
VEH-0210,56.6,66757.1,2024-08-06 17:45:00,,DRV-0029
VEH-0158,60.6,57160.7,2024-08-25 15:50:00,Phoenix,DRV-0231
VEH-0209,45.8,136404.2,05-19-2024,n/a,DRV-0025
VEH-0140,45.8,-189880.0,12/03/2024 18:06,Chicago,DRV-0121
VEH-0112,24.2,240156.7,05-15-2024,New York,DRV-0093
VEH-0224,92.9,85476.3,2024/09/15 08:07:00,New York,DRV-0246
VEH-0228,18.5,85526.9,11-12-2024,New York,DRV-0076
VEH-0093,24.2,,04-02-2024,New York,DRV-0284
VEH-0069,115.1,46381.5,06-18-2024,,DRV-0178
VEH-0149,,207220.8 mi,30/09/2024 21:21,New York,DRV-0042
VEH-0126,41.7,57279.2,07-24-2024,New York,DRV-0293
VEH-0205,29.6,143071.0,2024/07/17 17:13:00,Phoenix,DRV-0295
  ,44.5,128704.3,2024/08/12 01:59:00,UNKNOWN,DRV-0009
VEH-0081,112.0,62741.7,2024/06/08 09:37:00,UNKNOWN,DRV-0146
VEH-0048,92.2%,22123.1 mi,2024/06/20 06:29:00,Los Angeles,DRV-0292
VEH-0245,51.8,115451.6,2024/11/25 19:16:00,New York,DRV-0170
VEH-0204,45.8,129722.4,2024/09/20 12:43:00,Phoenix,DRV-0310
VEH-0212,98.1,84439.0,21/09/2024 21:17,UNKNOWN,DRV-0200
VEH-0168,19.6,235941.6,2024/07/29 05:13:00,Los Angeles,DRV-0201
VEH-0164,0.7,53111.8,2024-08-28 13:21:00,Phoenix,
VEH-0018,92.7,100652.9,05-14-2024,,DRV-0337
VEH-0235,44.9,142666.1 mi,2024/12/30 03:53:00,UNKNOWN,DRV-0066
VEH-0085,94.1,96525.7,2024/11/14 04:16:00,UNKNOWN,DRV-0198
VEH-0085,unknown,240874.8,2024-07-03 18:46:00,Phoenix,
VEH-0246,99.8,112934.9,06-26-2024,n/a,DRV-0186
VEH-0140,11.5,220818.4,2024-07-10 08:12:00,Houston,DRV-0257
VEH-0039,92.2,106473.3,26/08/2024 10:01,Los Angeles,DRV-0044
VEH-0090,26.6,191808.3,2024/02/10 14:56:00,Chicago,DRV-0272
VEH-0001,78.0,160507.9,22/12/2024 13:05,UNKNOWN,DRV-0177
VEH-0173,17.9,242669.1,23/10/2024 11:19,n/a,DRV-0313
VEH-0087,45.9,183183.4,29/05/2024 22:37,Houston,DRV-0292
VEH-0135,47.1,205409.2,17/06/2024 12:29,n/a,DRV-0032
VEH-0109,95.2,208742.4,2024-12-27 13:04:00,Houston,DRV-0260
VEH-0181,76.6,84700.3,10-22-2024,,DRV-0383
VEH-0138,8.8,85556.4,2024-06-26 03:47:00,Houston,DRV-0224
VEH-0250,46.1,222706.0,2024/05/29 08:24:00,Chicago,DRV-0058
VEH-0095,,88251.2,2024-08-20 17:40:00,Phoenix,DRV-0120
VEH-0102,77.9,152424.4,06-20-2024,Houston,DRV-0085
VEH-0155,unknown,27799.4,2024/07/26 05:04:00,UNKNOWN,DRV-0069
VEH-0228,141.5,147000.1,2024/07/24 03:38:00,Chicago,DRV-0342
VEH-0081,47.2,22855.5,05-06-2024,n/a,DRV-0041
VEH-0246,51.2,229630.4,2024/03/31 13:29:00,,DRV-0018
VEH-0055,100.0,208807.3,2024/01/08 09:46:00,UNKNOWN,DRV-0338
VEH-0132,63.4,148365.3,2024/10/08 01:46:00,Chicago,DRV-0392
VEH-0142,9.4,106778.1,2024/05/20 14:46:00,UNKNOWN,DRV-0121
VEH-0089,41.2,233682.5,2024/07/08 01:21:00,n/a,
VEH-0133,42.9%,163066.0,12/05/2024 13:45,Chicago,DRV-0396
VEH-0072,31.7,108649.0,21/02/2024 19:09,UNKNOWN,DRV-0243
VEH-0095,62.2,245294.5,2024/11/24 18:31:00,New York,DRV-0300
VEH-0051,30.3,107362.0,2024-07-24 17:24:00,Houston,DRV-0210
VEH-0156,97.3,242219.5,18/06/2024 01:41,New York,DRV-0353
  ,44.0,75583.3 mi,02-09-2024,Los Angeles,DRV-0050
VEH-0211,34.5,40246.1,2024-06-30 06:36:00,New York,DRV-0336
VEH-0127,56.5,178876.5,29/08/2024 09:15,Houston,DRV-0037
VEH-0037,74.4,,2024-01-28 14:58:00,,DRV-0233
VEH-0107,2.1,104733.2,2024/03/03 14:08:00,Houston,DRV-0308
VEH-0121,94.0,85756.7,2024-09-17 03:55:00,UNKNOWN,DRV-0337
VEH-0177,unknown,230028.5,2024/09/30 07:38:00,Chicago,DRV-0074
VEH-0154,58.7,145237.6,2024/03/25 03:08:00,,DRV-0192
VEH-0243,66.1,9600.2,29/06/2024 13:12,n/a,DRV-0377
VEH-0129,12.9,238512.8,2024/03/12 03:10:00,Houston,DRV-0175
VEH-0023,67.8%,43205.0,2024/04/04 07:42:00,Chicago,DRV-0195
VEH-0017,87.1,-198148.7,2024-10-02 07:32:00,Chicago,DRV-0273
VEH-0016,87.4,,2024/08/23 06:12:00,UNKNOWN,DRV-0010
VEH-0233,62.2,126435.6,04-07-2024,Phoenix,DRV-0013
VEH-0140,8.5,116673.3,22/05/2024 17:09,New York,DRV-0232
VEH-0227,5.9,138091.5,14/09/2024 13:45,Los Angeles,DRV-0238
VEH-0173,43.8,58743.4,07-19-2024,New York,DRV-0267
VEH-0089,14.4,177483.3,11-03-2024,Chicago,DRV-0062
VEH-0045,96.1,97370.5,22/08/2024 19:44,Houston,DRV-0214
VEH-0192,95.6,132835.0,14/12/2024 22:00,UNKNOWN,DRV-0169
VEH-0213,53.3,28848.7,01-06-2024,Phoenix,DRV-0262
VEH-0191,86.4,116145.7,28/06/2024 16:18,New York,DRV-0328
VEH-0130,6.6,87205.1,31/01/2024 13:13,New York,DRV-0133
VEH-0159,unknown,N/A,2024/03/18 09:05:00,Houston,DRV-0399
VEH-0130,70.5,113793.0,11-01-2024,Phoenix,DRV-0084
VEH-0237,21.5%,N/A,2024/08/26 19:49:00,New York,DRV-0078
VEH-0101,40.6,169888.0,03/08/2024 01:44,n/a,
VEH-0141,62.4,68410.1,02-28-2024,Phoenix,DRV-0207
VEH-0095,8.5,137218.2 mi,06/03/2024 18:02,Phoenix,
VEH-0147,68.7,197976.6,2024-08-18 21:26:00,Los Angeles,DRV-0153
VEH-0008,61.0,146298.7,10-20-2024,New York,DRV-0325
VEH-0200,79.7,180027.8,27/06/2024 02:47,Los Angeles,DRV-0346
VEH-0051,50.0,89378.3,12-11-2024,Los Angeles,DRV-0076
VEH-0078,67.2,206516.2,2024/03/28 13:23:00,n/a,DRV-0378
VEH-0212,89.2,46332.5 mi,2024/09/27 12:03:00,Houston,DRV-0054
VEH-0018,54.9%,147716.6,08-12-2024,,DRV-0308
VEH-0040,48.4,244567.4,2024-06-15 12:00:00,Chicago,DRV-0354
VEH-0120,69.5,26431.1 mi,2024-09-22 22:09:00,Los Angeles,DRV-0145
VEH-0218,73.7,174928.3,22/10/2024 00:59,Chicago,DRV-0149
VEH-0097,40.2,237269.9 mi,2024/10/15 23:29:00,n/a,DRV-0012
VEH-0245,35.2,210361.9,2024/05/18 11:49:00,UNKNOWN,DRV-0263
VEH-0139,0.8,209802.0,2024/11/26 14:27:00,UNKNOWN,DRV-0182
VEH-0166,14.6,205750.9 mi,16/04/2024 11:27,n/a,DRV-0368
VEH-0204,147.7,15056.7,11/07/2024 23:28,Chicago,DRV-0056
VEH-0249,63.7,161319.4,2024/06/05 11:48:00,Houston,
VEH-0029,55.0,110382.6,2024/01/20 09:41:00,Phoenix,DRV-0398
VEH-0033,43.0,-168241.7,2024/10/27 22:50:00,Los Angeles,DRV-0124
,94.5,212411.8,2024-10-17 00:43:00,Phoenix,DRV-0124
VEH-0095,85.9,57088.9,22/07/2024 08:18,UNKNOWN,DRV-0181
VEH-0242,43.4,69458.2,28/06/2024 04:52,UNKNOWN,DRV-0143
VEH-0057,43.1,79716.7,25/11/2024 10:49,,DRV-0143
VEH-0008,unknown,118868.9,11-07-2024,Los Angeles,DRV-0139
VEH-0242,81.4,,2024-09-03 10:17:00,New York,DRV-0006
VEH-0081,26.5,171990.7,03-01-2024,New York,
VEH-0005,74.6,151153.2 mi,2024-09-09 08:22:00,Los Angeles,DRV-0064
VEH-0071,9.9,22680.2,17/09/2024 15:58,UNKNOWN,DRV-0077
VEH-0024,73.3,101131.8,10-21-2024,Chicago,DRV-0273
VEH-0062,65.7,109757.3,2024-06-11 01:41:00,Houston,DRV-0032
VEH-0170,137.7,68078.8,18/12/2024 11:08,UNKNOWN,DRV-0359
VEH-0215,43.2,241647.7,03/11/2024 12:46,Chicago,DRV-0029
VEH-0096,50.0,108182.3,25/11/2024 07:59,New York,DRV-0119
VEH-0029,51.8,21966.6,05-04-2024,n/a,DRV-0066
VEH-0184,71.6,33854.7,2024-04-08 08:28:00,Los Angeles,DRV-0172
VEH-0094,84.4,201417.5,2024/08/31 10:13:00,New York,DRV-0027
VEH-0063,125.9,226891.6,2024/03/18 14:44:00,Houston,DRV-0357
VEH-0207,20.9,32588.3,2024/05/29 10:56:00,Houston,DRV-0087
VEH-0115,,197149.3,10/07/2024 19:15,Phoenix,DRV-0078
VEH-0056,4.2,37085.8,2024-07-22 06:51:00,,DRV-0127
VEH-0077,24.5,186532.7,03-08-2024,New York,DRV-0245
VEH-0178,117.1,203936.3,2024/06/07 15:52:00,UNKNOWN,DRV-0209
VEH-0105,54.0,19370.9,2024-09-16 04:36:00,Los Angeles,DRV-0005
VEH-0165,97.7,198454.5,06-12-2024,,DRV-0399
VEH-0176,77.4,33608.4,2024/01/16 07:43:00,New York,DRV-0165
VEH-0169,31.3,188416.5,18/01/2024 06:09,Phoenix,DRV-0135
VEH-0141,85.4,3307.2,2024-12-11 03:04:00,UNKNOWN,DRV-0126
VEH-0110,1.8,100082.5,2024/04/08 23:06:00,Houston,DRV-0228
VEH-0172,44.2,-122653.4,07/10/2024 20:32,Los Angeles,DRV-0172
VEH-0218,80.3,70508.6,05-06-2024,Houston,DRV-0103
VEH-0038,53.1,234151.4,2024/05/09 15:50:00,n/a,DRV-0369
VEH-0224,90.1,67595.8,18/11/2024 03:54,New York,DRV-0021
VEH-0232,22.1,8699.8,06-27-2024,Chicago,DRV-0297
VEH-0202,93.3,90783.1,03/01/2024 06:24,UNKNOWN,DRV-0333
VEH-0036,95.2,,10-18-2024,New York,
VEH-0174,32.1,131523.5,2024-07-21 06:50:00,Phoenix,DRV-0362
VEH-0081,98.9,13686.2,04-14-2024,UNKNOWN,DRV-0283
VEH-0103,66.8,148305.4,2024-06-15 12:00:00,UNKNOWN,DRV-0335
VEH-0190,9.5,N/A,2024/01/30 05:38:00,Los Angeles,
VEH-0082,50.6,36019.7,2024-06-03 14:23:00,Houston,DRV-0160
VEH-0117,94.5,70666.8,2024-05-16 22:27:00,Los Angeles,DRV-0040
VEH-0127,81.6,108016.8,01-05-2024,n/a,DRV-0371
VEH-0088,35.9,248911.3,02/12/2024 10:29,UNKNOWN,DRV-0221
,54.2,218236.5,2024-11-13 00:46:00,Los Angeles,DRV-0190
VEH-0004,30.4,23254.4,23/04/2024 06:20,n/a,DRV-0303
  ,25.3,101659.1,13/11/2024 20:31,Phoenix,DRV-0012
VEH-0011,39.6,173866.8,2024/08/09 07:17:00,UNKNOWN,DRV-0002
VEH-0219,84.7,2384.7,05-07-2024,,DRV-0083
VEH-0173,unknown,86524.9,2024/01/05 06:11:00,Los Angeles,
VEH-0225,19.3,24404.7,03/08/2024 11:07,Phoenix,DRV-0367
VEH-0157,5.8,,07-25-2024,New York,DRV-0029
VEH-0092,,174517.6,2024/10/24 01:21:00,Los Angeles,DRV-0396
  ,28.7,154231.7,05/07/2024 00:25,New York,DRV-0357
VEH-0067,69.0,169128.3,2024-07-28 19:43:00,Chicago,DRV-0234
VEH-0184,30.3,195472.7,2024-05-10 09:03:00,Houston,DRV-0157
VEH-0203,34.5,223412.2,02/05/2024 02:15,Los Angeles,DRV-0292
VEH-0113,50.7,140707.6,10-27-2024,,DRV-0092
VEH-0128,48.4,201498.1,2024-09-07 05:07:00,New York,DRV-0061
VEH-0206,,31828.0,08-04-2024,Los Angeles,DRV-0023
VEH-0077,56.8,23418.7,2024/07/01 02:46:00,Phoenix,DRV-0197
VEH-0170,86.0,62953.7,04/10/2024 20:32,UNKNOWN,DRV-0041
VEH-0193,74.3,12035.7,2024/10/15 15:25:00,UNKNOWN,DRV-0133
VEH-0231,6.1,147729.0 mi,2024-03-20 09:46:00,New York,DRV-0291
VEH-0062,34.9,185451.6,2024/12/29 04:25:00,n/a,DRV-0334
VEH-0080,92.9,,02/07/2024 23:02,New York,DRV-0123
VEH-0045,62.6,137632.9,2024/07/07 02:23:00,Chicago,DRV-0111
VEH-0209,53.4,-94790.2,01-25-2024,UNKNOWN,DRV-0339
VEH-0064,53.0,167337.1,2024/10/07 06:59:00,New York,DRV-0320
VEH-0011,,42923.5,21/04/2024 03:24,n/a,DRV-0388
VEH-0183,1.6,-93164.3,25/06/2024 00:29,n/a,DRV-0038
VEH-0019,25.7,188028.6,23/02/2024 20:52,Phoenix,DRV-0097
VEH-0174,47.5,79314.8,2024-03-18 13:20:00,Los Angeles,DRV-0398
,7.1,3027.1,2024/12/22 01:29:00,Los Angeles,DRV-0333
VEH-0176,96.1,N/A,2024-12-26 11:28:00,n/a,DRV-0195
VEH-0241,69.3,209528.8,2024-11-29 09:55:00,Los Angeles,DRV-0092
VEH-0228,83.8,201272.6,10/11/2024 09:58,UNKNOWN,
VEH-0242,38.8,160822.1,01/02/2024 21:34,New York,DRV-0159
VEH-0141,97.2,154389.3 mi,08/05/2024 00:57,Houston,DRV-0314
VEH-0105,82.2,138622.3,28/06/2024 21:44,Chicago,DRV-0092
VEH-0151,104.5,97414.4,22/09/2024 15:00,,DRV-0065
VEH-0089,14.4,110516.6,29/07/2024 19:33,UNKNOWN,DRV-0305
VEH-0145,47.5,84080.8,12/03/2024 04:59,Chicago,DRV-0039
VEH-0060,9.4,227406.7,12/04/2024 13:45,n/a,DRV-0068
VEH-0035,32.6,117139.2,2024/10/25 18:43:00,Phoenix,DRV-0315
VEH-0106,16.6,196591.8,2024-07-31 10:44:00,Houston,DRV-0261
VEH-0094,48.8,231855.7,02/10/2024 06:29,Chicago,DRV-0006
VEH-0118,62.1,50328.0,17/09/2024 12:05,n/a,DRV-0269
VEH-0198,79.3,46726.8,05/08/2024 00:40,Los Angeles,
VEH-0150,19.3,32267.8 mi,2024/05/24 09:07:00,Houston,DRV-0021
VEH-0224,47.4,215510.7,06-30-2024,Chicago,DRV-0062
VEH-0071,67.2%,120319.5,28/04/2024 02:41,Los Angeles,DRV-0104
VEH-0058,43.3,199923.0,2024-07-29 04:00:00,New York,DRV-0149
VEH-0074,81.8,30052.3,2024/11/04 15:00:00,Chicago,DRV-0307
VEH-0078,87.2,121248.1,27/03/2024 22:25,,DRV-0250
VEH-0158,1.0,81615.3,05-13-2024,n/a,DRV-0016
VEH-0081,113.6,N/A,2024/04/08 23:14:00,n/a,DRV-0286
VEH-0140,41.1,58581.3,2024-05-10 20:40:00,Houston,DRV-0135
VEH-0124,48.2,29327.0,2024/09/01 00:27:00,,DRV-0029
VEH-0123,51.9,169385.6,07-03-2024,New York,DRV-0016
VEH-0213,30.8%,-231514.9,2024-06-15 12:00:00,n/a,
VEH-0243,12.6,244787.9,2024/06/30 07:10:00,UNKNOWN,DRV-0260
VEH-0094,78.1%,170011.5,2024/03/30 13:52:00,Phoenix,DRV-0329
VEH-0147,47.7,32720.3,2024-02-07 22:00:00,Phoenix,DRV-0088
VEH-0013,24.7,-161309.4,2024-01-23 05:07:00,UNKNOWN,DRV-0137
VEH-0108,20.6,27979.9,25/08/2024 03:45,Los Angeles,DRV-0051
VEH-0148,22.1,95247.8,22/04/2024 01:51,n/a,DRV-0101
VEH-0109,27.4,19854.8,21/07/2024 05:44,n/a,DRV-0189
VEH-0014,59.4,188706.9,2024/05/15 02:39:00,Los Angeles,DRV-0130
VEH-0035,,2291.4,03/08/2024 21:49,UNKNOWN,DRV-0281
VEH-0223,65.1%,216705.4,08-23-2024,Houston,
VEH-0175,97.0,10790.0,2024/03/07 05:19:00,New York,DRV-0263
VEH-0040,60.4,157504.7,07-15-2024,Los Angeles,DRV-0203
VEH-0228,3.5,80786.3,2024-09-09 02:38:00,Chicago,DRV-0258
VEH-0001,49.3,10017.3,2024-12-15 19:19:00,Chicago,DRV-0214
VEH-0230,48.5,135508.3,04/05/2024 02:35,New York,DRV-0256
VEH-0245,3.1,68723.9,19/05/2024 14:59,Houston,DRV-0185
VEH-0023,66.3,241362.2,2024-12-13 04:30:00,,DRV-0370
VEH-0058,,188181.8,2024/08/29 06:54:00,,DRV-0227
VEH-0057,93.2,145833.2,01-04-2024,Houston,DRV-0259
VEH-0135,90.3,34930.1 mi,2024-09-03 10:48:00,Houston,DRV-0263
VEH-0172,68.6,4588.9,2024/05/08 17:26:00,Phoenix,DRV-0228
VEH-0132,125.1,118367.9,2024/06/10 16:23:00,n/a,DRV-0213
VEH-0103,,202991.9 mi,11-20-2024,New York,DRV-0011
VEH-0015,0.4,249865.2,2024-07-23 00:08:00,New York,DRV-0026
VEH-0213,95.3%,179811.3,2024-01-19 09:40:00,UNKNOWN,DRV-0389
VEH-0187,37.5,156465.0,28/07/2024 18:56,Phoenix,DRV-0123
VEH-0206,99.2,,2024-02-18 13:16:00,,DRV-0236
VEH-0177,98.4,166837.8,2024-11-01 21:47:00,New York,DRV-0269
VEH-0174,84.5,79775.1,2024-01-05 19:45:00,UNKNOWN,DRV-0162
VEH-0007,27.5,201741.4,2024/09/16 21:01:00,New York,DRV-0153
VEH-0006,,205806.6,07-31-2024,Chicago,DRV-0085
VEH-0118,92.3,136206.2 mi,05/08/2024 03:15,Los Angeles,DRV-0152
,41.0,245594.7,2024/06/25 15:27:00,n/a,DRV-0253
VEH-0051,16.7,132157.5,2024-05-10 22:17:00,,DRV-0323
VEH-0072,85.1,239407.9,2024/10/03 02:48:00,Los Angeles,DRV-0353
VEH-0087,77.5,85647.8,2024/02/29 20:33:00,UNKNOWN,DRV-0199
VEH-0113,27.8,69079.8,2024-05-04 18:24:00,UNKNOWN,DRV-0030
VEH-0135,45.5,2905.1,12/03/2024 13:04,Houston,DRV-0236
VEH-0174,86.3,110830.1,29/04/2024 23:04,Los Angeles,DRV-0017
VEH-0164,12.8,106339.1 mi,07-25-2024,n/a,DRV-0149
VEH-0159,79.3%,,2024-07-18 16:32:00,Phoenix,DRV-0374
VEH-0112,34.4,130136.0,16/08/2024 06:07,Los Angeles,DRV-0157
VEH-0200,96.4,50941.6,06-13-2024,New York,DRV-0114
VEH-0204,90.5,108651.9,2024-09-18 09:22:00,Los Angeles,DRV-0207
VEH-0027,10.1,176880.7,20/10/2024 06:33,Houston,DRV-0222
VEH-0125,109.0,74855.8,2024-04-23 02:16:00,Chicago,DRV-0326
VEH-0092,2.2,75931.0,2024/12/10 16:35:00,UNKNOWN,DRV-0147
VEH-0112,78.0,114498.9,29/07/2024 05:12,n/a,DRV-0258
VEH-0155,55.0,122947.7,12-16-2024,UNKNOWN,DRV-0279
VEH-0056,45.2,35696.4,2024-09-30 20:45:00,Phoenix,DRV-0231
VEH-0164,64.6,58219.8,2024/03/21 23:20:00,Los Angeles,DRV-0147
VEH-0203,55.0,12643.3,2024/11/23 04:32:00,Phoenix,DRV-0047
VEH-0102,72.8,230650.9,26/11/2024 07:32,Phoenix,DRV-0106
VEH-0246,21.5,129166.1 mi,22/07/2024 08:34,UNKNOWN,DRV-0254
VEH-0096,57.7,89280.3,2024/05/03 03:36:00,Chicago,DRV-0195
VEH-0067,48.4,198503.6,21/06/2024 09:37,Houston,DRV-0174
VEH-0029,88.8,26165.2,2024-10-26 00:58:00,Chicago,DRV-0324
VEH-0070,57.9,154571.3,2024/11/01 07:08:00,Houston,DRV-0141
VEH-0078,79.3,213446.2,2024-06-26 11:52:00,n/a,DRV-0111
VEH-0169,38.7,12787.6,2024/11/11 06:16:00,Phoenix,DRV-0349
VEH-0195,54.4,137928.1,02-04-2024,New York,DRV-0369
VEH-0111,32.1,39907.5,19/04/2024 20:37,,
VEH-0215,57.1,131767.7,2024-01-22 23:41:00,Los Angeles,DRV-0309
VEH-0016,52.4,,2024-11-09 16:01:00,Los Angeles,DRV-0370
VEH-0121,66.4,195993.0,2024-07-08 23:03:00,UNKNOWN,
VEH-0133,,119863.7,2024-01-23 16:40:00,Chicago,DRV-0182
VEH-0154,70.0,209538.7,2024-03-01 08:24:00,Los Angeles,DRV-0378
VEH-0016,28.4,-146444.6,2024-01-19 18:44:00,Chicago,DRV-0296
VEH-0238,18.8,46062.2,03/09/2024 21:55,Chicago,DRV-0363
VEH-0017,55.2,157943.7,2024/08/02 06:01:00,New York,DRV-0323
VEH-0049,93.7,10793.4,04-18-2024,Houston,DRV-0144
VEH-0019,47.5,230608.6,10/03/2024 23:21,Los Angeles,DRV-0038
VEH-0238,,30865.9,2024-07-01 15:21:00,n/a,DRV-0206
VEH-0087,28.9,,2024/10/17 14:36:00,UNKNOWN,DRV-0180
VEH-0212,81.7,138800.2,2024/12/02 09:37:00,New York,DRV-0186
VEH-0095,72.9,163072.9,2024-01-04 14:21:00,Phoenix,DRV-0023
VEH-0052,80.3%,107951.3,2024/01/09 18:08:00,UNKNOWN,DRV-0286
VEH-0087,75.5,115134.9,2024-05-22 17:07:00,Chicago,DRV-0052
VEH-0014,unknown,,16/03/2024 07:44,Phoenix,DRV-0173
VEH-0035,50.2,N/A,2024/06/25 17:57:00,,DRV-0247
VEH-0135,73.1,239529.5,23/12/2024 06:22,UNKNOWN,DRV-0354
VEH-0206,18.8,,02-21-2024,Los Angeles,DRV-0138
VEH-0049,40.7,246642.4,2024/03/08 16:22:00,,DRV-0035
VEH-0089,27.1,92622.9,2024/11/14 16:25:00,n/a,DRV-0307
VEH-0086,41.8,18271.3,02-02-2024,New York,DRV-0076
VEH-0066,62.0,136050.0,2024-02-03 20:25:00,Los Angeles,DRV-0377
VEH-0153,,139200.3,15/04/2024 08:36,Phoenix,DRV-0057
VEH-0017,4.9,64369.8,2024-06-15 12:00:00,Los Angeles,DRV-0049
VEH-0215,43.3,133885.6,24/07/2024 10:53,Los Angeles,DRV-0349
VEH-0048,14.9%,60249.1,2024-03-28 03:47:00,New York,DRV-0001
VEH-0084,,107400.7,03/08/2024 06:29,UNKNOWN,DRV-0369
VEH-0122,92.7,240514.6,07-21-2024,UNKNOWN,DRV-0030
VEH-0195,,176123.4,2024-07-06 19:18:00,,DRV-0045
VEH-0067,82.4,36609.1,2024/07/12 10:13:00,Chicago,DRV-0293
VEH-0156,39.5,161511.7,2024/12/06 20:41:00,New York,DRV-0045
VEH-0205,16.9,,2024/10/29 11:46:00,Chicago,DRV-0066
VEH-0054,42.4,85533.2,26/03/2024 00:48,Los Angeles,DRV-0255
VEH-0119,16.2,119225.0,24/04/2024 07:12,,DRV-0273
VEH-0055,,7505.1,2024-09-08 11:39:00,Phoenix,DRV-0257
VEH-0106,149.2,166980.0,04-23-2024,Houston,DRV-0192
VEH-0136,8.8,103416.4,2024-01-06 18:41:00,Houston,DRV-0259
VEH-0122,94.1,82330.3,07-14-2024,,DRV-0069
VEH-0185,28.5,110758.4,2024-02-12 12:48:00,UNKNOWN,DRV-0265
VEH-0034,,,2024-04-07 04:32:00,Houston,DRV-0234
VEH-0048,33.5,43440.4,08-31-2024,Los Angeles,DRV-0007
VEH-0052,116.9,106359.1,20/03/2024 08:26,Los Angeles,DRV-0239
VEH-0034,,42919.5,04-22-2024,Chicago,DRV-0361
VEH-0031,60.4,190923.1,2024-07-27 04:43:00,Phoenix,DRV-0299
VEH-0210,145.7,236518.9,2024-04-19 18:19:00,Chicago,DRV-0357
VEH-0044,20.7,126114.0 mi,10/09/2024 06:51,Chicago,DRV-0100
VEH-0171,88.0,69984.3,04-23-2024,Houston,DRV-0360
VEH-0208,110.5,32613.9,08-10-2024,Phoenix,DRV-0084
VEH-0246,32.7%,166898.3,2024/05/21 14:15:00,n/a,DRV-0262
VEH-0065,70.9,N/A,2024/07/01 20:16:00,,
VEH-0201,98.6,195170.5,2024/06/15 23:45:00,n/a,DRV-0070
VEH-0024,5.8,216544.0,2024-06-15 12:00:00,New York,DRV-0275
VEH-0087,56.8,228872.1,2024-12-01 11:40:00,UNKNOWN,DRV-0035
VEH-0166,17.3%,94937.9,2024-04-22 18:23:00,Chicago,DRV-0317
VEH-0239,25.2,178337.4 mi,09-19-2024,Los Angeles,DRV-0333
VEH-0228,98.1,-101896.1,2024-08-28 00:20:00,Houston,DRV-0289
VEH-0164,30.5,186150.9,2024-03-26 19:06:00,Chicago,DRV-0154
VEH-0160,24.3,247918.3,2024/11/03 21:23:00,Phoenix,DRV-0028
VEH-0214,1.4,164279.7,2024-04-25 22:29:00,n/a,DRV-0013
VEH-0063,14.6,234516.0 mi,2024-03-10 23:50:00,n/a,DRV-0310
VEH-0136,18.6,217155.8,2024/07/28 02:57:00,n/a,DRV-0295
VEH-0153,7.3,156708.2,01-24-2024,New York,DRV-0157
VEH-0061,unknown,139219.6,09-17-2024,Los Angeles,DRV-0385
VEH-0007,88.8,117690.6 mi,2024/07/01 18:26:00,Phoenix,DRV-0123
VEH-0168,84.9,176514.5,10-19-2024,,
VEH-0033,86.8,231615.9,2024-01-13 10:38:00,Houston,DRV-0061
VEH-0077,27.4,30396.8,2024/07/23 10:51:00,Los Angeles,
VEH-0064,18.7,N/A,10/07/2024 21:31,,DRV-0362
VEH-0148,54.4,42110.1,30/01/2024 09:18,Phoenix,DRV-0068
VEH-0147,32.2,202468.6,2024-12-27 06:26:00,,DRV-0089
VEH-0032,89.0,247990.7,23/01/2024 23:39,Phoenix,DRV-0291
VEH-0061,69.2,162990.3,2024-06-14 15:36:00,,DRV-0390
VEH-0117,31.8,33.7,02-23-2024,New York,DRV-0362
VEH-0238,10.4%,209432.3,08/06/2024 02:11,Los Angeles,DRV-0162
VEH-0192,64.2,151773.5,2024/11/13 00:58:00,n/a,DRV-0033
VEH-0107,81.0,163810.5,02-12-2024,New York,DRV-0156
VEH-0039,70.7,12556.5,2024-02-27 02:55:00,Houston,DRV-0295
VEH-0157,30.3,98209.8,2024/12/02 17:44:00,Phoenix,
VEH-0120,7.1,149545.6,2024-08-31 12:55:00,n/a,
  ,94.8,35299.8,2024-03-06 12:32:00,Phoenix,DRV-0002
VEH-0238,98.0,246400.2,02-20-2024,New York,DRV-0113
VEH-0237,50.6,15510.4,2024/04/21 01:08:00,Los Angeles,
VEH-0145,61.9,77461.8,01/06/2024 06:16,Phoenix,DRV-0125
VEH-0228,,230009.5,10-02-2024,Houston,DRV-0002
VEH-0245,51.6,N/A,2024/12/23 10:08:00,Phoenix,DRV-0309
VEH-0159,17.7,235114.6,2024-06-10 04:40:00,UNKNOWN,DRV-0155
VEH-0008,96.6,32658.6,26/06/2024 13:14,Houston,DRV-0031
VEH-0175,8.3,181139.5,10-28-2024,UNKNOWN,DRV-0049
VEH-0152,12.3,51495.0,03-12-2024,n/a,DRV-0193
VEH-0240,63.7,139177.3,2024/06/16 07:30:00,,DRV-0203
VEH-0150,7.2,56689.7,2024-07-02 18:38:00,Chicago,DRV-0119
VEH-0243,66.1,9600.2,29/06/2024 13:12,n/a,DRV-0377
VEH-0147,69.0,85994.9,2024-06-06 00:05:00,Houston,DRV-0321
VEH-0200,0.3,154897.3,03/07/2024 01:25,New York,DRV-0038
VEH-0148,53.4,35534.3,26/07/2024 01:39,,
VEH-0200,110.3,180096.0,2024/09/07 15:12:00,UNKNOWN,DRV-0218
VEH-0082,6.7%,145542.6,27/03/2024 04:58,n/a,DRV-0075
VEH-0230,41.3,-51550.7,2024/10/19 07:54:00,Phoenix,DRV-0103
VEH-0178,20.4,192265.3,2024/12/16 16:10:00,New York,DRV-0162
VEH-0145,80.8,,14/07/2024 15:02,UNKNOWN,DRV-0259
VEH-0028,31.2,200599.0,01-21-2024,Phoenix,DRV-0310
VEH-0174,50.9,113206.2,2024-05-23 05:20:00,UNKNOWN,DRV-0149
VEH-0098,78.6,,29/09/2024 19:37,Chicago,DRV-0039
VEH-0231,18.3,91261.9,12-10-2024,UNKNOWN,DRV-0335
VEH-0120,127.0,40341.8,01-15-2024,Houston,DRV-0283
VEH-0191,61.1,92743.4,03-05-2024,Houston,DRV-0329
VEH-0119,,135426.2,2024-11-02 12:05:00,Chicago,DRV-0155
VEH-0214,86.6,11304.7,09-02-2024,UNKNOWN,DRV-0329
VEH-0245,34.0,217412.4,2024/11/23 05:20:00,Phoenix,DRV-0161
VEH-0141,2.1,62343.9,2024/01/02 05:12:00,New York,DRV-0047
VEH-0085,70.2,128305.0,06-28-2024,Phoenix,DRV-0244
VEH-0059,20.5,120759.9,02-29-2024,UNKNOWN,DRV-0269
VEH-0234,38.1,242478.6,2024/01/05 19:33:00,New York,
VEH-0124,59.0,24229.3,2024-09-07 21:37:00,UNKNOWN,DRV-0297
VEH-0007,13.6,244359.5,07/11/2024 08:28,n/a,DRV-0078
VEH-0043,14.2,160708.3,05/06/2024 15:14,,DRV-0014
,93.0,131897.0 mi,2024/05/21 06:42:00,New York,DRV-0351
VEH-0035,94.6,,23/10/2024 20:05,Houston,DRV-0057
VEH-0097,63.9,85240.5,2024-02-26 18:26:00,Chicago,DRV-0383
VEH-0029,49.5,223686.9,11/08/2024 19:56,New York,DRV-0315
VEH-0216,24.6,225851.9,2024-06-15 12:00:00,Houston,DRV-0342
VEH-0114,77.4,13018.1,2024/06/10 14:23:00,n/a,DRV-0159
VEH-0239,95.6,215531.9,2024/02/28 05:20:00,New York,DRV-0381
VEH-0089,2.8,61664.1,2024/04/25 12:26:00,Phoenix,DRV-0235
VEH-0003,81.2,213348.9,02-17-2024,New York,DRV-0102
VEH-0029,13.5,23604.7,2024-12-30 01:35:00,,DRV-0081
VEH-0025,98.5,209724.5,05-13-2024,Los Angeles,DRV-0115
VEH-0093,76.9,92140.6,2024/01/27 21:27:00,Los Angeles,DRV-0356
VEH-0204,41.5,N/A,2024-06-21 01:53:00,UNKNOWN,DRV-0118
VEH-0220,93.4,45894.9,07/03/2024 16:09,Phoenix,DRV-0147
VEH-0238,53.7,,06-10-2024,UNKNOWN,DRV-0287
VEH-0136,87.4,,23/01/2024 01:13,Los Angeles,DRV-0275
VEH-0114,34.2,,2024/04/10 04:45:00,New York,DRV-0240
VEH-0130,47.6,56507.2,24/05/2024 06:07,UNKNOWN,
VEH-0191,51.3,167686.8,2024-11-29 11:31:00,Los Angeles,DRV-0167
VEH-0006,0.6,244588.7,2024/07/03 21:09:00,Los Angeles,DRV-0229
VEH-0072,90.8,,03-02-2024,Los Angeles,DRV-0288
VEH-0204,27.9,44252.6,19/07/2024 03:24,Phoenix,DRV-0235
VEH-0192,5.2,39634.0,2024-10-31 16:07:00,Phoenix,DRV-0354
VEH-0093,89.2,133880.5,02/10/2024 13:26,Houston,DRV-0038
VEH-0061,21.4,26378.4,08-18-2024,New York,DRV-0117
VEH-0145,55.9,128685.5,2024-06-15 12:00:00,Chicago,DRV-0113
VEH-0144,58.9,93832.5,2024/11/15 13:57:00,,DRV-0292
VEH-0066,63.9,32259.1,11-07-2024,Phoenix,DRV-0044
VEH-0200,41.6,120336.0 mi,2024/11/05 23:30:00,Los Angeles,DRV-0218
VEH-0163,67.4%,201065.3,2024-10-29 17:58:00,,DRV-0381
VEH-0192,35.9,20368.5,2024-08-09 01:22:00,Chicago,DRV-0051
VEH-0030,21.1,57341.4,10-10-2024,Chicago,DRV-0103
VEH-0079,94.8,17187.7,2024-08-24 07:06:00,Houston,
VEH-0074,70.3,-55650.9,2024/08/26 14:49:00,Chicago,DRV-0079
VEH-0081,27.2,173089.7,23/06/2024 08:04,n/a,DRV-0099
VEH-0067,31.5,32244.7,2024-05-09 02:54:00,Chicago,DRV-0325
VEH-0125,8.0,88692.8,07-16-2024,Los Angeles,DRV-0220
VEH-0127,10.6,160206.6,2024-02-04 06:14:00,n/a,DRV-0183
VEH-0241,29.5,192305.8,10-23-2024,Los Angeles,DRV-0239
VEH-0154,7.4,48004.1,08-05-2024,,DRV-0340
  ,44.2,11517.3,2024-03-08 04:02:00,UNKNOWN,DRV-0165
VEH-0155,8.7,234123.3,19/01/2024 03:48,n/a,DRV-0273
VEH-0131,66.4,84592.0,10-28-2024,,DRV-0077
VEH-0185,unknown,56079.6,2024/02/14 06:35:00,Los Angeles,DRV-0022
VEH-0153,89.4,229967.7,2024-03-11 09:41:00,n/a,DRV-0125
VEH-0176,63.6,81128.0,21/08/2024 20:22,UNKNOWN,DRV-0089
VEH-0172,12.7,89180.8,10/06/2024 22:14,Los Angeles,DRV-0296
VEH-0181,6.8,92778.2,26/04/2024 08:55,Chicago,DRV-0273
VEH-0223,35.4,126408.5,2024/01/11 03:47:00,Chicago,DRV-0095
VEH-0179,5.7,223443.5,2024-07-26 03:50:00,UNKNOWN,DRV-0043
VEH-0029,22.0,46609.6,11/01/2024 23:19,Phoenix,DRV-0203
VEH-0216,13.5,168864.0,10-13-2024,Phoenix,DRV-0223
VEH-0067,84.7,5898.7,12-22-2024,n/a,DRV-0329
VEH-0244,33.5,N/A,23/08/2024 21:35,New York,DRV-0037
VEH-0054,,24598.9,2024-10-15 10:06:00,Phoenix,DRV-0253
VEH-0059,67.6,,2024-03-16 14:40:00,,DRV-0259
VEH-0214,52.0,112634.1,2024/06/26 05:30:00,Los Angeles,DRV-0359
VEH-0246,83.5,246100.5,2024-04-12 22:41:00,New York,
VEH-0187,0.6,124059.8,26/04/2024 03:10,Houston,DRV-0079
VEH-0095,38.6,228854.1,07-13-2024,,
VEH-0003,98.8,10027.3,2024/01/09 17:02:00,Los Angeles,DRV-0351
VEH-0134,140.2,45039.7 mi,06/03/2024 08:09,Houston,DRV-0066
VEH-XXXX,38.4,6298.4,2024-06-01 00:15:00,New York,DRV-0072
VEH-0040,15.1,108192.9,05-05-2024,n/a,DRV-0160
VEH-0199,83.4,29493.1,13/12/2024 22:36,,DRV-0010
VEH-0138,77.5,98183.8,12-08-2024,Houston,DRV-0063
VEH-0054,85.4%,60481.9,01-12-2024,,DRV-0241
VEH-0193,,216979.6,07/06/2024 17:56,n/a,DRV-0332
VEH-0052,19.6,35200.7,28/02/2024 12:39,Houston,DRV-0224
VEH-0160,51.1%,111379.5,2024-06-10 00:39:00,New York,
  ,45.0,84363.6,2024/09/15 17:54:00,,DRV-0306
VEH-0121,35.8,-148445.2,2024-04-01 12:05:00,Houston,
VEH-0034,81.0,134144.5,28/01/2024 16:22,UNKNOWN,DRV-0311
VEH-0202,69.6,90625.5,01-14-2024,,DRV-0017
VEH-0075,67.7,,20/10/2024 15:48,n/a,DRV-0350
VEH-0198,44.7,150148.6 mi,31/05/2024 14:57,,DRV-0146
VEH-0047,30.5,,10-30-2024,n/a,DRV-0233
VEH-0096,98.8,-116319.4,07-20-2024,Los Angeles,DRV-0310
VEH-0249,16.3,248879.1,12/02/2024 03:35,Houston,DRV-0023
VEH-0192,87.7,184680.8,07-01-2024,UNKNOWN,DRV-0079
VEH-XXXX,65.0,22604.7,01-16-2024,Chicago,DRV-0287
VEH-0148,14.6,174357.9,07/05/2024 01:36,UNKNOWN,DRV-0196
VEH-0009,20.2,19560.5,2024-05-30 06:58:00,UNKNOWN,DRV-0008
VEH-0189,7.9,47872.4,2024/03/12 13:18:00,Houston,DRV-0046
VEH-0172,57.2,N/A,02-20-2024,,DRV-0206
VEH-0232,25.6,162707.0,2024/06/03 07:52:00,,DRV-0142
VEH-0169,unknown,58254.7,2024/05/28 16:45:00,Los Angeles,DRV-0055
VEH-0067,46.6,-190143.9,2024-05-09 20:11:00,,DRV-0106
VEH-0174,53.3,217492.3,2024-06-21 07:11:00,Chicago,DRV-0197
VEH-0044,unknown,109866.3,2024-02-05 00:01:00,Los Angeles,DRV-0342
VEH-0018,65.1,155232.1,16/01/2024 22:17,Phoenix,DRV-0067
VEH-0066,44.3,65262.1,02/08/2024 01:07,,DRV-0022
VEH-0216,136.0,218419.5 mi,2024-06-15 12:00:00,n/a,DRV-0369
VEH-0038,25.2,228822.5,2024/03/03 22:20:00,Chicago,DRV-0069
VEH-0153,23.9,196743.9,2024/10/27 18:49:00,New York,DRV-0190
VEH-0218,89.6,201677.0,2024-01-11 11:53:00,n/a,DRV-0128
VEH-0026,6.7,29111.4,2024/12/25 20:49:00,n/a,DRV-0398
VEH-0152,69.8,77743.3,2024-09-16 11:53:00,Houston,DRV-0014
VEH-0037,6.3,32927.4,2024/11/11 04:54:00,n/a,DRV-0138
VEH-0111,61.6,3189.1,18/07/2024 09:05,Houston,DRV-0293
VEH-0202,30.3,25261.5,2024/10/28 00:51:00,UNKNOWN,DRV-0265
VEH-0052,69.2,95767.3,09-16-2024,New York,DRV-0075
VEH-0003,108.3,163457.5,20/10/2024 19:56,Houston,DRV-0319
VEH-0164,82.4,238765.1,2024/03/21 18:40:00,Los Angeles,DRV-0145
VEH-0108,40.9,,2024/06/05 03:19:00,Los Angeles,DRV-0286
VEH-0048,96.1,226337.7,2024-07-13 05:16:00,,DRV-0309
VEH-0196,48.7,218355.8,2024-05-14 13:03:00,Chicago,DRV-0240
VEH-0125,18.2,-235575.2,17/05/2024 21:08,UNKNOWN,DRV-0201
VEH-0237,11.0,220921.0 mi,06/03/2024 05:22,New York,DRV-0136
VEH-0095,85.2,215947.4 mi,06-05-2024,New York,DRV-0001
VEH-0054,60.2,40754.8,11-27-2024,Los Angeles,DRV-0145
VEH-0148,40.5,90902.9,04-13-2024,Los Angeles,DRV-0001
VEH-0175,52.3,157349.7,04-06-2024,Los Angeles,DRV-0276
VEH-0219,40.2,211436.2,2024/04/07 04:40:00,Houston,DRV-0004
VEH-0017,73.3,248855.4,02-21-2024,Houston,DRV-0035
VEH-0095,61.6,107181.3,24/03/2024 09:05,UNKNOWN,DRV-0131
VEH-0038,23.0,53276.2,2024-06-15 12:00:00,Los Angeles,DRV-0214
VEH-0184,33.8,235727.4,2024-06-25 20:06:00,Phoenix,DRV-0308
VEH-0092,112.7,237320.3,2024/11/24 13:39:00,New York,DRV-0150
VEH-0010,28.0,33044.9,05-22-2024,Houston,DRV-0291
VEH-0203,,,02-05-2024,UNKNOWN,DRV-0009
VEH-0147,88.3,,04/10/2024 18:59,Los Angeles,DRV-0003
VEH-0184,58.3,182555.4,05-22-2024,Chicago,DRV-0117
VEH-0021,2.1,242477.5,10-03-2024,UNKNOWN,DRV-0187
VEH-0033,59.0,74510.4 mi,2024/10/12 16:03:00,,DRV-0034
VEH-0112,38.1,N/A,03/08/2024 04:32,Phoenix,DRV-0211
VEH-0072,97.7,189327.6,03-17-2024,,DRV-0207
VEH-0124,99.4,138904.3,30/01/2024 05:10,Chicago,DRV-0285
VEH-0130,36.6,13234.0,19/01/2024 00:10,New York,DRV-0133
VEH-0014,17.3,39109.3,02-17-2024,Los Angeles,DRV-0198
VEH-0220,94.6,93327.3,2024-12-28 04:13:00,Los Angeles,DRV-0019
VEH-0073,10.0,67929.4,2024/06/09 16:29:00,Los Angeles,DRV-0078
VEH-0169,16.6,-184508.4,12-18-2024,New York,DRV-0250
VEH-0042,32.3,161226.6,08-28-2024,Chicago,DRV-0106
VEH-0187,,219300.1,2024-10-12 03:43:00,Chicago,DRV-0314
VEH-0031,,97316.6,2024/08/29 14:51:00,,DRV-0057
VEH-0091,51.3,-99562.6,2024-07-12 02:28:00,New York,DRV-0110
VEH-0092,67.2,154532.1,2024/05/15 06:00:00,Los Angeles,DRV-0152
VEH-0226,17.9,163186.5,2024-06-15 12:00:00,Phoenix,DRV-0176
VEH-0207,79.9%,156975.1,23/07/2024 16:19,n/a,DRV-0150
VEH-0102,53.9,70618.1,02-13-2024,New York,DRV-0017
VEH-0030,71.0,104730.9,2024-03-24 05:21:00,n/a,
VEH-0125,58.7,207109.7,2024-04-05 21:15:00,Los Angeles,DRV-0185
VEH-0233,5.8,74982.3,12/02/2024 19:34,,DRV-0230
VEH-0241,19.9%,61714.3,2024-04-04 15:45:00,Los Angeles,DRV-0062
VEH-0172,70.9,146545.6,2024/10/02 03:07:00,Phoenix,DRV-0371
VEH-0104,2.5,N/A,2024/07/14 08:18:00,Houston,DRV-0105
VEH-0006,64.8,242236.1,2024-01-09 00:18:00,UNKNOWN,DRV-0117
VEH-0186,25.0,137306.7,04-19-2024,Los Angeles,DRV-0073
VEH-0100,31.0,50448.7,02-18-2024,Phoenix,DRV-0045
VEH-0134,52.8,31718.2,2024-03-16 12:02:00,Chicago,DRV-0101
VEH-0249,72.1,64288.1,2024-04-24 05:52:00,Phoenix,DRV-0184
VEH-0244,93.3,201504.1,16/11/2024 02:43,Los Angeles,DRV-0086
VEH-0033,67.9,49602.5,02/06/2024 01:21,Houston,DRV-0269
VEH-0055,17.6,124591.9,2024-05-03 01:13:00,n/a,DRV-0020
VEH-0109,48.3,33370.0,01-26-2024,New York,DRV-0331
VEH-0002,19.8,2300.2,09-25-2024,Houston,DRV-0028
VEH-0107,65.7,239153.7,04/05/2024 06:02,n/a,DRV-0069
VEH-0123,57.8,172307.4,2024-07-25 16:37:00,New York,DRV-0004
VEH-0035,31.6,,2024-09-06 12:57:00,n/a,DRV-0095
VEH-0077,62.8,172157.9,07/08/2024 22:42,Phoenix,DRV-0105
VEH-0173,67.1,67661.0,2024/04/30 09:41:00,Chicago,DRV-0386
VEH-0090,43.8,57683.6,10-05-2024,,DRV-0275
VEH-0225,48.3,-95696.0,2024/11/19 19:51:00,UNKNOWN,DRV-0221
VEH-0128,82.1,N/A,03-25-2024,Los Angeles,DRV-0189
VEH-0071,92.1,80233.9,2024-06-27 14:36:00,Phoenix,DRV-0028
VEH-0130,69.0,181217.7,2024/06/17 21:56:00,,DRV-0108
VEH-0030,36.2,145147.1,2024/07/03 00:55:00,Chicago,DRV-0352
VEH-0201,55.5,-179800.4,07-23-2024,Phoenix,
VEH-0098,80.6,197838.2,28/01/2024 13:53,,DRV-0335
VEH-0031,50.8,60602.4,2024/05/31 04:42:00,Phoenix,DRV-0062
VEH-0167,44.2,176849.3,2024-04-13 15:08:00,Houston,DRV-0130
VEH-0019,149.8,N/A,11-14-2024,New York,DRV-0101
VEH-0225,76.2,14574.3,2024/11/08 18:50:00,Phoenix,DRV-0315
VEH-0141,23.1,44132.0,05/08/2024 14:08,n/a,DRV-0342
VEH-0028,,238268.2,2024/03/09 23:55:00,,DRV-0120
VEH-0019,50.5,65212.3,2024/01/07 14:54:00,n/a,DRV-0044
VEH-0089,44.1,100190.8,2024-04-18 05:55:00,New York,DRV-0081
VEH-0224,94.9,241408.0,05-26-2024,,DRV-0333
VEH-0188,60.3,206676.8,02-28-2024,Houston,
VEH-0100,8.6,51971.6,2024-08-15 16:01:00,New York,DRV-0104
VEH-0184,26.3,9813.3,2024-07-23 21:56:00,New York,DRV-0195
VEH-0192,34.1,200826.1,2024-04-08 09:17:00,Houston,DRV-0359
VEH-0183,3.9,209279.9,2024-01-31 18:47:00,,DRV-0148
VEH-0217,12.2,N/A,2024/11/05 06:14:00,Phoenix,DRV-0393
VEH-0157,34.2,231054.6,31/08/2024 21:50,Los Angeles,DRV-0170
VEH-0035,81.1,183880.2 mi,2024/01/26 02:20:00,Phoenix,DRV-0043
VEH-0150,64.1,225314.8,2024-01-02 00:24:00,Los Angeles,DRV-0328
VEH-0220,6.2,121543.4,24/02/2024 15:46,UNKNOWN,DRV-0210
VEH-0030,97.2,N/A,27/01/2024 06:53,Los Angeles,DRV-0099
VEH-0004,30.4,23254.4,23/04/2024 06:20,n/a,DRV-0303
VEH-0144,36.1,,06/09/2024 05:35,New York,DRV-0123
VEH-0233,51.3,80213.6,2024-12-02 12:10:00,n/a,DRV-0271
VEH-0002,44.7,125379.5,05-21-2024,Phoenix,DRV-0342
VEH-0069,,,2024-07-09 22:46:00,n/a,DRV-0043
VEH-0001,93.8,21275.9,2024/07/18 06:06:00,New York,DRV-0376
VEH-0205,,249723.2,2024/09/18 19:04:00,New York,DRV-0371
VEH-0071,4.6,217884.2,05/04/2024 18:55,New York,DRV-0314
VEH-0145,unknown,204149.9,2024-08-29 03:35:00,Houston,DRV-0164
VEH-0114,49.6,183059.5,01-25-2024,Chicago,DRV-0007
VEH-0007,59.2,18057.3,09-11-2024,New York,DRV-0247
VEH-0210,52.5,176819.7,03-30-2024,UNKNOWN,DRV-0173
VEH-0086,51.5,41342.6,2024/06/11 19:18:00,UNKNOWN,DRV-0388
VEH-0166,13.0,77317.0,2024/12/25 16:34:00,Houston,DRV-0313
VEH-0129,3.3,144948.2,08-08-2024,Chicago,DRV-0108
VEH-0078,91.1,248290.9,2024-11-09 00:47:00,Chicago,DRV-0323
VEH-0240,35.0,28523.9,2024-06-10 18:12:00,,
VEH-0091,1.9,31092.1,26/02/2024 22:38,Chicago,DRV-0143
VEH-0049,81.2,236437.4,2024/08/28 05:04:00,Phoenix,DRV-0277
VEH-0203,26.0,226798.8,03-18-2024,Los Angeles,DRV-0246
VEH-0136,89.4,236614.1,02/06/2024 03:07,n/a,DRV-0393
VEH-0097,10.1,21026.7,09-06-2024,Phoenix,DRV-0099
VEH-0117,29.4,202340.3,2024/08/15 14:10:00,n/a,DRV-0192
VEH-0238,20.4,156700.7,2024-05-31 11:22:00,Houston,
VEH-0150,17.5,168191.2,2024/01/01 01:37:00,n/a,DRV-0386
VEH-0244,,-68497.0,2024/06/12 02:42:00,n/a,DRV-0096
VEH-0079,42.8,164570.9,11-19-2024,,DRV-0167
VEH-0180,15.2,114580.9,2024/08/28 08:01:00,Chicago,DRV-0305
VEH-0016,66.4,220422.7,27/02/2024 22:22,Houston,DRV-0278
VEH-0082,72.4,,2024/12/25 16:07:00,New York,DRV-0216
VEH-0246,55.3,63311.3,26/06/2024 10:40,UNKNOWN,DRV-0191
VEH-0116,41.3,93004.5,03/04/2024 10:48,Chicago,DRV-0029
VEH-0209,35.2,N/A,04-10-2024,New York,DRV-0294
VEH-0130,128.3,142903.2,2024-02-24 11:45:00,,DRV-0067
VEH-0029,87.7,39571.6,2024-04-22 20:46:00,Phoenix,DRV-0313
VEH-0062,6.7,249640.2,2024/03/02 12:03:00,Phoenix,DRV-0130
VEH-0176,63.4%,-133943.7,2024-08-09 05:54:00,Houston,DRV-0392
VEH-0179,58.9,180204.1,02/11/2024 21:01,UNKNOWN,DRV-0226
VEH-0102,,,2024-07-26 03:41:00,Chicago,DRV-0155
VEH-0188,23.8,198488.8,23/04/2024 07:39,Los Angeles,DRV-0127
VEH-0225,92.5,36724.1,2024-01-22 07:17:00,Chicago,DRV-0085
VEH-0082,91.3,143030.7,2024/09/06 22:35:00,,DRV-0145
VEH-0172,51.6,66898.2,02/01/2024 22:40,Houston,DRV-0315
VEH-0121,unknown,225294.4,09-22-2024,UNKNOWN,DRV-0081
VEH-0002,73.2,43490.9,10-31-2024,,DRV-0171
VEH-0005,56.8,90931.4,25/12/2024 00:36,Phoenix,DRV-0071
VEH-0130,29.4,177560.8,2024/04/26 05:43:00,New York,DRV-0084
VEH-0063,19.8,,09-29-2024,n/a,DRV-0031
VEH-0072,7.0,98814.8,12-24-2024,n/a,DRV-0343
VEH-0062,43.4,23156.4,2024/04/13 22:53:00,New York,DRV-0258
VEH-0124,68.6,214745.1,28/07/2024 16:52,,DRV-0399
VEH-0103,38.6,121214.7,08/09/2024 08:55,UNKNOWN,DRV-0020
VEH-0001,89.1,179632.8,07/05/2024 00:12,,
VEH-0127,55.6,72840.3,2024-07-17 03:29:00,Houston,DRV-0191
VEH-0207,95.3,13533.6,05/11/2024 00:42,Chicago,DRV-0054
VEH-0198,61.2,,09/08/2024 18:21,New York,DRV-0164
VEH-0244,81.5,234040.8,2024-06-15 20:43:00,Phoenix,DRV-0047
VEH-0151,41.6,64575.1,04-19-2024,Houston,DRV-0123
VEH-0149,65.9,144451.8,16/10/2024 22:19,Phoenix,DRV-0310
VEH-0184,97.6,N/A,2024/11/01 12:30:00,n/a,DRV-0263
VEH-0222,1.8,218031.0,2024/01/07 11:30:00,Chicago,DRV-0308
VEH-0079,84.2,46525.4,2024-10-24 16:04:00,Los Angeles,DRV-0290
VEH-0014,7.2,7663.1,2024-03-25 11:08:00,Chicago,DRV-0244
VEH-0073,67.8,4147.0,06-18-2024,Houston,DRV-0279
VEH-0171,55.3%,125783.1,02-18-2024,UNKNOWN,DRV-0073
VEH-0076,1.2%,,2024/12/01 19:41:00,Houston,DRV-0228
VEH-0235,12.7,23257.6,12-07-2024,n/a,DRV-0343
VEH-0063,27.9,227066.5,12-10-2024,,DRV-0282
VEH-XXXX,50.2,5002.9,2024/04/26 08:48:00,,DRV-0059
VEH-0013,50.0%,182562.3,2024/09/06 03:52:00,Phoenix,DRV-0236
VEH-0110,20.9,929.9,2024/05/14 05:57:00,,DRV-0075
VEH-0045,4.1,-147723.2,2024/10/24 11:21:00,UNKNOWN,DRV-0119
VEH-0080,63.3%,202680.2,15/12/2024 02:52,New York,DRV-0219
VEH-0155,8.1,181984.8,04/07/2024 04:00,Chicago,
VEH-0195,,104597.4,10/09/2024 05:19,Phoenix,DRV-0212
VEH-0235,27.8,15402.0,07/06/2024 12:27,Los Angeles,DRV-0012
VEH-0166,69.1,143101.9,2024/12/25 20:59:00,UNKNOWN,DRV-0153
VEH-0010,42.3%,21141.3,26/03/2024 17:16,Los Angeles,DRV-0065
VEH-0242,61.0,78226.8,2024-10-01 13:43:00,UNKNOWN,
VEH-0135,44.5,144136.2,02-12-2024,Phoenix,DRV-0268
VEH-0087,46.8,149576.5,01-31-2024,,DRV-0044
VEH-0053,41.0,209950.6,29/06/2024 20:01,,DRV-0094
VEH-0226,90.8,99078.2,08/12/2024 13:37,Los Angeles,DRV-0265
VEH-0114,28.6,74510.6,2024/07/06 05:20:00,,DRV-0043
VEH-0190,50.7,1596.5,2024/07/07 08:22:00,Chicago,DRV-0343
VEH-0034,89.3,204360.9,01-05-2024,UNKNOWN,DRV-0080
VEH-0082,24.5,12361.9,2024-12-06 14:39:00,Houston,DRV-0230
VEH-0186,47.3,154431.7,2024-05-16 05:34:00,Houston,DRV-0160
VEH-0223,47.1,49732.4,2024/02/01 11:14:00,,DRV-0088
VEH-0220,93.4,191587.8,13/08/2024 13:22,,DRV-0345
VEH-0038,0.6,107330.7,09/05/2024 03:10,Houston,DRV-0074
VEH-0029,64.5,N/A,2024/09/15 23:46:00,New York,DRV-0259
VEH-0054,41.5,21337.4,2024-06-19 18:16:00,New York,DRV-0057
VEH-0169,unknown,20153.9,2024/05/02 10:08:00,Chicago,
VEH-0186,48.3,N/A,09-25-2024,,DRV-0266
VEH-0172,91.1,205126.9,06-25-2024,n/a,DRV-0242
VEH-0080,21.8,165421.1,24/11/2024 13:16,,DRV-0351
VEH-0146,26.5,5236.2,18/07/2024 18:13,New York,DRV-0355
VEH-0024,49.2,-192116.9,08/05/2024 19:08,Phoenix,DRV-0061
VEH-0023,86.6,236683.4,05-06-2024,New York,DRV-0025
VEH-0104,9.1,189161.6,04-25-2024,UNKNOWN,DRV-0139
  ,38.4,108083.5,11/06/2024 19:34,New York,DRV-0281
VEH-0131,62.2,215590.9,2024/06/09 22:48:00,n/a,DRV-0396
VEH-0134,67.6%,127223.5,2024-07-05 17:20:00,,DRV-0054
VEH-0028,146.5,248727.0,2024/09/09 21:49:00,Houston,
  ,137.9,218214.9,2024/09/24 08:44:00,New York,DRV-0010
VEH-0028,10.9,241459.2,03-07-2024,,DRV-0364
VEH-0014,0.8%,2313.1,05-06-2024,,DRV-0211
VEH-0142,27.0,127859.1,2024/12/04 03:58:00,New York,DRV-0190
VEH-0060,46.0,48361.8,02-11-2024,Chicago,DRV-0294
VEH-0130,50.4,223513.7,09-19-2024,Phoenix,DRV-0143
VEH-0073,117.3,148761.6,2024-06-04 19:59:00,Chicago,DRV-0242
VEH-0037,68.0,102037.9,2024/07/07 00:06:00,Phoenix,DRV-0335
VEH-0115,15.1,71168.7,2024/07/02 12:47:00,Phoenix,DRV-0230
VEH-0120,49.3,2838.4,28/08/2024 19:07,UNKNOWN,DRV-0368
VEH-XXXX,37.7,133388.6,13/09/2024 19:53,New York,DRV-0190
VEH-0235,62.6,167263.4,2024/10/04 14:24:00,New York,DRV-0162
VEH-0009,35.5%,100176.0,2024-01-10 12:02:00,,DRV-0281
VEH-0061,38.5,114781.0,01-22-2024,,DRV-0318
VEH-0105,6.7,66999.3,2024-05-08 18:23:00,n/a,DRV-0303
VEH-0024,23.4,5926.9,14/10/2024 11:20,n/a,DRV-0296
VEH-0014,39.7,167021.3,04-27-2024,Phoenix,DRV-0032
VEH-0173,62.5,236546.7,08-03-2024,n/a,DRV-0175
VEH-0197,73.8,47284.7,06-04-2024,Chicago,DRV-0370
VEH-0020,unknown,170547.9,04-15-2024,Los Angeles,DRV-0304
VEH-0210,77.2,120969.3,2024/01/01 11:48:00,Phoenix,DRV-0124
VEH-0172,23.0%,81891.6,2024/01/26 10:18:00,Houston,DRV-0164
VEH-0236,59.9,225600.8,08-21-2024,Chicago,DRV-0264
VEH-0087,30.9,111992.9,12-27-2024,Los Angeles,
VEH-0116,9.1,179650.9,2024/06/15 09:30:00,UNKNOWN,DRV-0329
VEH-0179,22.1,54551.9,01-16-2024,Houston,DRV-0081
VEH-0156,46.0,225941.8,2024/10/24 23:46:00,New York,DRV-0016
VEH-0124,5.1,95037.5,2024-05-06 21:55:00,Los Angeles,DRV-0331
VEH-0114,59.1,149840.9,2024/06/11 22:59:00,n/a,DRV-0001
VEH-0094,90.4,39132.3,13/12/2024 20:15,n/a,DRV-0065
VEH-0052,34.6,163655.3,2024/04/15 20:04:00,Los Angeles,DRV-0341
VEH-0056,95.2,133263.8,2024/09/10 23:42:00,UNKNOWN,DRV-0049
VEH-0084,1.5,66136.6,17/12/2024 03:00,New York,DRV-0093
VEH-0145,79.9,83548.2,2024/07/25 20:52:00,New York,DRV-0001
VEH-0215,21.2,152745.2,01-20-2024,,DRV-0177
VEH-0187,81.7,64475.7,2024/06/22 10:16:00,UNKNOWN,DRV-0073
VEH-0073,unknown,242529.2,2024-05-20 02:31:00,Houston,DRV-0164
VEH-0216,17.1,224354.8,2024-11-04 02:52:00,n/a,DRV-0087
VEH-0197,109.9,126033.2,2024-12-21 16:21:00,,DRV-0390
VEH-0232,33.6,140173.6,02-02-2024,New York,DRV-0246
VEH-0018,31.3,15226.4,13/07/2024 15:29,Houston,
VEH-0138,68.3,111475.7,2024-01-29 01:02:00,UNKNOWN,DRV-0022
VEH-0001,50.1,12560.8,10-02-2024,n/a,DRV-0371
VEH-0088,127.5,-212400.0,2024/12/04 14:11:00,UNKNOWN,DRV-0065
VEH-0189,76.4,64566.1,2024-09-25 03:58:00,,DRV-0273
VEH-0011,62.9,174828.2,08-29-2024,n/a,DRV-0211
VEH-0049,11.7,234958.0,07-12-2024,Phoenix,DRV-0026
VEH-0004,51.9,151439.9,2024/01/03 09:46:00,n/a,DRV-0212
VEH-0197,74.8,189698.5,11-21-2024,Houston,DRV-0398
VEH-0225,38.4,N/A,10/03/2024 02:18,,DRV-0042
VEH-0225,144.6,,03/03/2024 21:33,Houston,DRV-0280
VEH-0034,53.5,53800.5,26/03/2024 23:12,UNKNOWN,DRV-0383
VEH-0217,13.0,169048.9,20/03/2024 23:32,,DRV-0197
VEH-0134,73.4,102761.8,2024/08/04 15:47:00,,DRV-0372
VEH-XXXX,65.7,,2024-09-29 22:44:00,Chicago,DRV-0318
VEH-0184,57.7,16814.0,2024-12-08 00:49:00,Houston,DRV-0034
VEH-0136,14.3,222524.3,2024-03-20 12:08:00,Houston,DRV-0113
VEH-0020,50.7,,2024-02-18 07:16:00,Chicago,DRV-0021
VEH-0094,97.6%,218388.9,26/12/2024 12:38,UNKNOWN,DRV-0240
VEH-0026,58.4,92865.8,20/12/2024 20:39,Los Angeles,DRV-0138
VEH-0026,59.5,134798.4,04-23-2024,Los Angeles,DRV-0211
VEH-0062,65.2,178150.4,2024/10/30 03:30:00,,DRV-0080
VEH-0079,72.2,47614.2,2024/11/10 23:01:00,,DRV-0355
VEH-0019,27.9,239718.0,06-26-2024,,DRV-0249
VEH-0145,89.8,-226940.3,2024/09/05 14:22:00,UNKNOWN,DRV-0223
VEH-0081,86.3,193130.6,2024/12/26 09:51:00,Los Angeles,DRV-0105
VEH-0031,25.9,79114.3 mi,2024-06-21 18:22:00,Chicago,DRV-0012
VEH-0157,81.1,8206.4,05-11-2024,UNKNOWN,DRV-0111
VEH-0035,81.1,183880.2 mi,2024/01/26 02:20:00,Phoenix,DRV-0043
VEH-0121,19.5,206717.0,2024/10/24 08:39:00,New York,DRV-0237
VEH-0215,41.2,233602.7,2024-08-10 11:51:00,Houston,DRV-0001
VEH-XXXX,31.0,190532.4,23/06/2024 03:39,Houston,DRV-0318
VEH-0085,41.5,232587.8,2024/03/07 21:33:00,UNKNOWN,DRV-0397
VEH-0019,78.9,124610.5,09-19-2024,Chicago,DRV-0292
VEH-0153,,57082.8 mi,23/04/2024 17:58,UNKNOWN,DRV-0005
VEH-0067,91.0,217600.1,24/12/2024 06:18,New York,DRV-0229
VEH-0121,118.3,180670.9,2024/09/03 10:31:00,Los Angeles,DRV-0233
VEH-0109,62.5%,84112.6,2024-08-12 17:08:00,UNKNOWN,DRV-0305
VEH-0082,14.0,,2024-01-09 11:50:00,Phoenix,DRV-0073
VEH-0169,65.0,175491.7,09-11-2024,Los Angeles,DRV-0294
VEH-0242,41.6,150270.7,2024/11/21 20:33:00,UNKNOWN,DRV-0129
VEH-0099,38.3,205457.7,2024/04/09 22:55:00,n/a,DRV-0251
VEH-0084,3.8,30763.0,2024/08/25 01:25:00,,DRV-0342
VEH-0089,13.2,178478.6,08/06/2024 22:29,Houston,DRV-0396
VEH-0243,6.6,185280.2,12-24-2024,Chicago,DRV-0047
VEH-0146,94.5,122304.1,2024-11-20 16:02:00,Phoenix,DRV-0132
VEH-0229,67.1,140110.2,2024/08/29 13:51:00,Chicago,DRV-0279
VEH-0194,9.4,188570.6,2024/01/26 04:00:00,Phoenix,DRV-0110
VEH-0157,50.4,116082.9,2024-06-15 12:00:00,UNKNOWN,DRV-0384
VEH-0044,80.3%,135069.7,2024/03/31 15:40:00,New York,DRV-0290
VEH-0197,85.3,201482.0,05/10/2024 13:57,Phoenix,DRV-0191
VEH-0111,14.1,56224.2,2024-07-09 13:52:00,n/a,DRV-0280
VEH-0032,65.5,,2024/04/10 20:49:00,n/a,DRV-0327
VEH-0133,unknown,78984.0,03-16-2024,New York,DRV-0176
VEH-0232,46.5,205184.0,2024/11/13 22:32:00,New York,DRV-0002
VEH-0056,55.1,100801.9,2024/06/05 04:05:00,UNKNOWN,DRV-0269
VEH-0148,24.0%,N/A,2024/12/01 01:12:00,UNKNOWN,DRV-0346
VEH-0085,unknown,222068.0,06-17-2024,Houston,DRV-0198
VEH-0102,97.5,102778.4,2024-12-24 00:59:00,Chicago,DRV-0066
VEH-0241,27.5,227396.7,2024-11-01 02:23:00,Chicago,DRV-0037
VEH-0202,14.9,162064.2,06-15-2024,,DRV-0214
VEH-0113,95.7,124759.0,2024/10/17 17:12:00,,DRV-0159
VEH-0071,97.5,58072.4,04/10/2024 21:14,,DRV-0072
VEH-0121,18.7,71273.8,2024-05-10 07:34:00,,DRV-0128
VEH-0116,40.3,43381.1,16/05/2024 07:24,Chicago,DRV-0310
VEH-0245,37.6,133718.2,2024/09/05 12:27:00,Chicago,DRV-0021
VEH-0200,22.2,29966.3,2024-03-19 17:09:00,Phoenix,DRV-0193
VEH-0155,38.5,86739.7,07/04/2024 00:54,,DRV-0021
VEH-0172,86.3,54185.0,14/01/2024 13:06,UNKNOWN,DRV-0381
VEH-0156,unknown,153837.0,15/10/2024 15:30,Los Angeles,DRV-0219
VEH-0227,74.8,125680.1,2024/09/12 18:12:00,Los Angeles,DRV-0296
VEH-0039,43.0,,30/09/2024 05:48,,DRV-0060
VEH-0246,87.9,142943.1,2024-12-28 06:50:00,New York,DRV-0159
VEH-0062,12.4,182716.9,10/02/2024 17:04,,DRV-0089
VEH-0168,,64533.4,03/02/2024 08:26,Chicago,
VEH-0086,21.7,-167402.8,2024/12/08 00:39:00,Chicago,DRV-0167
VEH-0167,unknown,235827.5,12-09-2024,New York,DRV-0116
VEH-0180,67.1,174256.0,2024-02-11 00:54:00,Houston,DRV-0338
VEH-0199,73.3,32891.9,2024-04-18 09:25:00,New York,DRV-0137
VEH-0144,50.8,58225.5,2024/04/13 13:09:00,UNKNOWN,DRV-0237
VEH-0138,,157843.8,2024/10/15 10:00:00,UNKNOWN,DRV-0066
VEH-0016,90.4,93680.5,2024-03-30 07:14:00,Houston,
VEH-0192,39.0,144641.0,2024-11-12 11:46:00,UNKNOWN,DRV-0275
VEH-0064,43.8,69188.5,06/11/2024 18:04,New York,DRV-0014
VEH-0079,12.5,230210.5,09-27-2024,Phoenix,DRV-0061
VEH-0009,82.5%,121313.9,2024-03-07 07:02:00,Chicago,DRV-0240
VEH-0246,,199134.3,08-28-2024,UNKNOWN,DRV-0019
VEH-0173,29.8,N/A,2024/01/31 13:31:00,Houston,DRV-0101
VEH-0204,15.7,77447.0 mi,2024-03-10 02:44:00,Houston,DRV-0345
VEH-0071,55.7%,-236594.7,01-12-2024,n/a,DRV-0334
VEH-0230,56.9,208097.8,2024-11-09 01:29:00,Phoenix,DRV-0079
VEH-0203,49.3,40178.3,15/01/2024 00:36,Phoenix,DRV-0322
VEH-0207,unknown,166967.0 mi,2024/11/27 03:13:00,Los Angeles,DRV-0311
VEH-0091,97.1,236066.6,13/05/2024 02:23,UNKNOWN,DRV-0121
VEH-0016,58.3,240543.1,2024/04/26 07:15:00,Phoenix,DRV-0328
VEH-0212,86.2,78468.9,2024/10/21 13:30:00,Phoenix,DRV-0316
VEH-0173,93.6,235187.7,2024-06-10 19:56:00,n/a,DRV-0072
VEH-0035,98.6,174540.4,2024-08-28 11:45:00,UNKNOWN,DRV-0048
VEH-0058,78.2,187936.7,25/12/2024 05:56,UNKNOWN,DRV-0060
VEH-0187,70.7,47595.4,2024/02/25 18:13:00,New York,DRV-0197
VEH-0032,32.4,169120.9,2024-05-11 11:53:00,UNKNOWN,DRV-0127
VEH-0171,unknown,77930.5,28/10/2024 10:56,New York,DRV-0268
VEH-0117,1.5,232079.6,01/11/2024 04:46,,DRV-0251
VEH-0169,33.1,15889.6,02-20-2024,n/a,DRV-0205
VEH-0162,75.9,-125154.9,2024-12-18 20:37:00,Houston,DRV-0244
VEH-0208,40.3,230010.0,2024/05/08 14:13:00,Chicago,DRV-0176
VEH-0214,43.9,181314.4,2024-06-15 12:00:00,Los Angeles,DRV-0067
VEH-0039,,86405.0,12-08-2024,Los Angeles,DRV-0159
VEH-0140,73.2,,2024/01/28 13:44:00,n/a,DRV-0247
VEH-0018,45.7,118777.1,2024-06-14 04:07:00,Phoenix,DRV-0289
VEH-0209,115.8,81323.8,29/03/2024 14:55,Houston,DRV-0251
VEH-0147,13.6,209019.7,12/03/2024 02:52,Phoenix,DRV-0049
VEH-XXXX,35.0,229274.6,2024/11/05 22:44:00,UNKNOWN,DRV-0277
VEH-0095,91.2,36653.6,08/11/2024 04:07,Los Angeles,DRV-0041
VEH-0177,61.7,212489.8,06/03/2024 14:25,,DRV-0278
VEH-0131,52.5,177261.6,2024-03-19 16:04:00,Phoenix,DRV-0119
VEH-0161,40.8,93172.1,2024-10-29 07:52:00,n/a,DRV-0360
VEH-0206,96.2,129591.4,07-02-2024,Houston,DRV-0374
VEH-0241,53.8,248033.9,07-15-2024,n/a,DRV-0362
VEH-0061,87.6,200354.2,04/08/2024 02:43,Phoenix,DRV-0326
VEH-0206,52.5,174458.2,08/10/2024 19:44,New York,DRV-0366
VEH-0228,18.9,117358.7,2024-05-31 01:55:00,Los Angeles,
VEH-0160,15.2,228057.4,2024/10/12 05:36:00,Chicago,DRV-0130
VEH-0102,23.5,-99829.0,30/01/2024 22:42,Phoenix,DRV-0253
VEH-0002,22.9,158590.9,2024/10/22 21:25:00,,DRV-0214
VEH-0030,28.3,76122.6,2024/04/23 15:37:00,Phoenix,DRV-0025
VEH-0060,58.9,22305.5,31/03/2024 03:22,Phoenix,DRV-0325
VEH-0213,55.7,85682.7,23/11/2024 08:06,Houston,DRV-0053
VEH-0224,37.4,237735.3,2024/03/05 02:26:00,Houston,DRV-0151
VEH-0189,56.0,-63750.9,12-15-2024,Houston,DRV-0222
VEH-0073,40.5,246022.4,12-05-2024,n/a,DRV-0310
VEH-0062,93.3,66374.1,2024/05/24 04:07:00,Houston,DRV-0330
VEH-0153,34.2,205314.3,2024-02-18 19:07:00,,DRV-0283
VEH-0097,99.4,165459.8,2024-06-12 11:11:00,New York,DRV-0332
VEH-0042,3.1,162916.7,2024/05/09 04:37:00,n/a,DRV-0048
VEH-0185,unknown,56079.6,2024/02/14 06:35:00,Los Angeles,DRV-0022
VEH-0234,94.5,184133.8,15/05/2024 05:26,n/a,DRV-0105
VEH-0017,12.9,32011.5,05-16-2024,n/a,DRV-0059
VEH-0133,68.3,60482.9,11-06-2024,n/a,DRV-0388
VEH-0004,120.8,249698.2,2024-08-07 07:58:00,Chicago,DRV-0285
VEH-0246,24.9,93076.8,11-08-2024,n/a,DRV-0297
VEH-0103,92.8,233033.5 mi,12-07-2024,UNKNOWN,DRV-0369
VEH-0136,70.4,123029.2,2024-04-12 14:13:00,,DRV-0299
VEH-0244,52.7%,75820.3,01-30-2024,Phoenix,DRV-0047
VEH-0029,83.4,138382.7,02/11/2024 17:13,n/a,DRV-0019
VEH-0198,8.9,30159.0,2024-03-23 10:30:00,Phoenix,DRV-0188
VEH-0084,127.5,211166.5 mi,2024/11/26 06:46:00,Houston,DRV-0201
VEH-0233,25.5,170375.7,2024-04-18 05:31:00,Houston,DRV-0256
VEH-0045,53.6,98547.6,06-28-2024,Chicago,DRV-0393
VEH-0121,37.9,84336.4,26/03/2024 09:54,,DRV-0198
VEH-0072,5.7,244623.6,10/03/2024 21:46,n/a,DRV-0248
VEH-0196,71.8,61835.1,2024/03/12 14:19:00,,DRV-0211
VEH-0004,45.7,137405.6,2024/08/21 06:18:00,Chicago,DRV-0370
VEH-0009,14.0,7493.4,2024-05-30 20:08:00,n/a,DRV-0029
VEH-0020,76.7,145928.4,2024/01/05 03:29:00,Chicago,DRV-0023
VEH-0092,121.6,140527.7,01/11/2024 10:17,Chicago,DRV-0017
VEH-0193,73.3,153996.4,08-06-2024,New York,DRV-0017
VEH-0101,45.4,N/A,05-23-2024,Phoenix,DRV-0043
VEH-0055,29.0,59687.9,2024-05-06 05:39:00,n/a,DRV-0277
VEH-0196,30.9,,21/04/2024 14:55,Los Angeles,DRV-0111
VEH-0129,35.0%,149086.6,2024/05/23 06:10:00,Los Angeles,
VEH-0186,59.7,83561.0,20/02/2024 03:07,,DRV-0056
VEH-0082,36.5,210920.1,11-22-2024,,DRV-0160
VEH-0165,90.9,128042.5,2024-06-25 06:59:00,New York,DRV-0279
VEH-0032,51.0,,2024/03/24 04:00:00,,DRV-0246
VEH-0132,98.3,,2024/02/17 18:16:00,Chicago,DRV-0271
VEH-0007,17.2,76357.9,07-09-2024,New York,DRV-0060
VEH-0112,79.4,21399.9,2024/07/30 12:19:00,Phoenix,DRV-0088
VEH-0034,45.8,121174.1,02-09-2024,UNKNOWN,DRV-0296
VEH-0179,46.8,151474.2,10-05-2024,,DRV-0106
VEH-0099,59.6,,10-31-2024,n/a,DRV-0376
VEH-0019,86.1,211628.6,04-13-2024,UNKNOWN,DRV-0300
VEH-0103,67.0,46975.9,2024/12/12 18:54:00,n/a,DRV-0185
VEH-0223,,211216.0,15/08/2024 07:43,New York,DRV-0289
VEH-0190,84.5,104595.8,10/03/2024 16:47,Houston,DRV-0344
VEH-0144,38.9,60074.8,05-27-2024,Chicago,DRV-0372
VEH-0019,2.8,207132.6,2024/05/25 10:20:00,Los Angeles,DRV-0169
VEH-0037,,130644.1,09-19-2024,,DRV-0192
VEH-0136,63.4,17976.7,2024/01/16 06:50:00,Houston,DRV-0270
VEH-0214,83.2,37577.7,2024-02-06 02:36:00,,DRV-0128
VEH-0189,46.9,14075.8,20/05/2024 15:44,,DRV-0264
VEH-0103,,245298.1,2024-07-06 00:55:00,,DRV-0099
,117.7,-84626.7,2024-11-08 10:52:00,n/a,DRV-0390
VEH-0076,unknown,36407.2,20/06/2024 00:26,New York,DRV-0009
VEH-0158,5.3,198895.5,2024/06/21 00:15:00,New York,DRV-0254
VEH-0154,60.7,232612.2,2024/03/10 16:56:00,Phoenix,DRV-0269
VEH-0196,16.4,29145.8,29/02/2024 03:19,n/a,DRV-0014
VEH-0138,,17751.7,04/06/2024 20:02,Phoenix,DRV-0013
VEH-0182,0.4,61706.0,2024/07/10 13:32:00,Houston,DRV-0248
VEH-0181,99.0,6442.4,17/09/2024 05:23,Houston,DRV-0202
VEH-0163,45.5,129503.8,2024/06/07 04:34:00,Phoenix,DRV-0181
VEH-0214,46.8,161655.3,01/02/2024 14:29,UNKNOWN,DRV-0353
VEH-0083,53.8,228307.4,2024/06/18 22:37:00,Los Angeles,DRV-0004
VEH-0168,15.6,-60860.7,2024/01/02 14:27:00,,DRV-0263
VEH-0079,32.1,46629.6 mi,13/03/2024 06:13,Houston,DRV-0042
VEH-0214,63.2,135735.1,2024-11-07 01:44:00,UNKNOWN,DRV-0187
VEH-0077,78.4,,2024/02/08 21:36:00,UNKNOWN,DRV-0369
VEH-0196,43.0,207737.3,11-12-2024,Los Angeles,DRV-0196
VEH-0173,42.7,156660.9,10-09-2024,Chicago,DRV-0258
VEH-0109,32.7%,187046.0,06-15-2024,n/a,DRV-0134
VEH-0095,97.6,77650.2,02-14-2024,Chicago,DRV-0225
VEH-0028,48.2,130080.9,02/06/2024 17:31,n/a,DRV-0001
VEH-0159,74.6,162408.2,14/04/2024 05:09,UNKNOWN,DRV-0236
VEH-0181,27.3,237715.9,06/10/2024 16:24,,DRV-0023
VEH-0199,87.0,151235.2,04-15-2024,n/a,DRV-0269
VEH-0192,68.6,109053.6,2024/09/14 19:16:00,Los Angeles,DRV-0372
VEH-0057,61.7,,2024-11-08 13:28:00,Chicago,DRV-0368
VEH-0182,50.5,44103.0,08-06-2024,Phoenix,DRV-0287
VEH-0215,31.3,,09/10/2024 17:27,UNKNOWN,DRV-0269
VEH-0035,16.4,203643.7,2024/11/14 02:49:00,n/a,DRV-0288
VEH-0196,25.2,N/A,2024/02/25 14:29:00,UNKNOWN,DRV-0051
VEH-0036,63.5,11326.0,2024-01-04 19:46:00,New York,DRV-0077
VEH-0101,37.8,15509.2,06-06-2024,New York,DRV-0297
VEH-0171,72.8,86451.5,2024-12-28 09:57:00,Houston,DRV-0168
VEH-0201,28.6,N/A,29/12/2024 03:37,New York,DRV-0170
VEH-0234,64.8,103298.6,29/10/2024 15:33,Chicago,DRV-0089
VEH-0246,32.1,33744.6,2024-01-10 06:47:00,Los Angeles,DRV-0065
VEH-0154,18.3,239073.0 mi,12-13-2024,New York,DRV-0247
VEH-0239,40.0,81698.7,2024-07-10 21:47:00,,DRV-0346
VEH-0214,,222100.9,09-12-2024,Chicago,DRV-0366
VEH-0164,99.6,72202.5,2024-06-15 12:00:00,Houston,DRV-0395
VEH-0125,60.1,175216.4,2024/07/23 14:35:00,Los Angeles,DRV-0384
VEH-0194,27.0,205690.1,2024/09/25 04:12:00,Houston,DRV-0218
VEH-0215,60.7,119156.0,29/11/2024 11:48,Chicago,DRV-0245
VEH-0246,15.0,81169.0,2024-07-20 23:28:00,Chicago,DRV-0293
VEH-0087,46.3,196268.0,03-18-2024,UNKNOWN,DRV-0093
VEH-0195,0.4,59531.2,2024/12/08 01:02:00,UNKNOWN,DRV-0010
VEH-0207,11.5,152655.0,30/01/2024 08:48,n/a,DRV-0365
VEH-0125,63.6,12783.8 mi,2024/11/01 18:24:00,n/a,DRV-0231
VEH-0144,39.5,83752.1,2024-06-15 12:00:00,New York,DRV-0291
VEH-0045,4.9,57770.2,2024-05-10 23:43:00,,DRV-0172
VEH-0250,10.0,158444.8,09-20-2024,,DRV-0197
VEH-0221,15.2,34706.8,2024/08/16 05:08:00,,DRV-0179
VEH-0164,10.0,68116.8 mi,26/10/2024 14:52,Chicago,DRV-0024
VEH-0092,0.4,231162.8,04/05/2024 07:16,Phoenix,DRV-0297
VEH-XXXX,,-244498.4,2024/03/09 20:30:00,,DRV-0039
VEH-0231,48.6%,83511.4,2024/06/07 14:52:00,,DRV-0059
VEH-0073,8.9,52789.5,02-07-2024,Houston,DRV-0241
VEH-0016,89.8,202481.1,2024-11-13 01:32:00,,DRV-0302
  ,93.1,227102.5,05-20-2024,,DRV-0320
VEH-0130,4.7,194882.9,09/09/2024 13:14,,DRV-0360
VEH-0079,94.4,104931.8,11-20-2024,Chicago,DRV-0068
VEH-0146,35.1,23444.1,2024/05/05 08:16:00,Phoenix,DRV-0311
VEH-0152,91.0,,07-27-2024,Phoenix,DRV-0116
VEH-0051,26.6,4388.1,01-03-2024,Phoenix,DRV-0061
VEH-0056,69.7,230624.8,2024-10-16 04:44:00,New York,DRV-0340
VEH-0114,91.5,62792.3,2024-05-15 13:10:00,n/a,DRV-0080
VEH-0079,unknown,88355.3,2024-08-25 11:18:00,UNKNOWN,DRV-0217
VEH-0040,93.2,22252.4,2024/10/09 13:08:00,Los Angeles,DRV-0041
VEH-XXXX,70.4,54363.2,2024/12/12 08:14:00,UNKNOWN,DRV-0140
VEH-0022,25.8,56607.4,2024-09-05 14:14:00,Phoenix,DRV-0043
VEH-0039,66.4,118657.7,2024/12/11 10:57:00,Chicago,DRV-0023
VEH-0051,67.6,101250.3,2024/09/11 03:08:00,n/a,DRV-0125
VEH-0127,4.9,24501.9,2024-05-24 12:19:00,Houston,DRV-0178
VEH-0066,19.2,229559.8,27/06/2024 11:12,UNKNOWN,DRV-0312
VEH-0029,38.3,157658.8,2024-10-17 01:09:00,n/a,DRV-0162
VEH-0229,unknown,233363.8,2024/09/15 00:15:00,New York,DRV-0312
VEH-0209,4.6,236492.7,18/05/2024 10:18,New York,DRV-0243
VEH-0111,41.5,81735.5,2024/07/28 11:07:00,,DRV-0310
VEH-0164,70.4,236418.4,2024/02/19 05:32:00,Chicago,DRV-0170
VEH-0116,32.9,168129.6,27/03/2024 12:22,Los Angeles,DRV-0174
VEH-0212,0.1,76954.8,17/01/2024 21:18,Chicago,DRV-0179
VEH-0165,46.7,26678.0,14/06/2024 00:48,Phoenix,DRV-0378
VEH-0035,22.1,-40354.2,14/04/2024 13:41,Los Angeles,DRV-0236
VEH-0115,52.2,165926.1,08-26-2024,Los Angeles,DRV-0164
VEH-0188,0.5,,2024/10/14 03:14:00,Los Angeles,DRV-0124
VEH-0042,23.4,194593.0,14/11/2024 18:02,n/a,DRV-0287
VEH-0057,35.0,193663.4,17/09/2024 13:22,Los Angeles,DRV-0321
VEH-0004,5.3,,2024-04-14 14:06:00,Chicago,DRV-0323
VEH-0107,,,09-19-2024,n/a,DRV-0054
VEH-0220,67.4%,12958.9,06-14-2024,Phoenix,DRV-0370
VEH-0132,98.3,,2024/02/17 18:16:00,Chicago,DRV-0271
VEH-0039,44.7,194496.2,24/07/2024 00:25,,DRV-0187
VEH-0061,21.4,26378.4,08-18-2024,New York,DRV-0117
VEH-0176,4.0,,2024-07-26 20:42:00,Houston,DRV-0009
VEH-0213,89.9,195799.6,2024/01/27 17:55:00,Chicago,DRV-0108
VEH-0237,48.7,203295.5,07-15-2024,New York,DRV-0399
VEH-0250,,121273.7,02-15-2024,Phoenix,DRV-0104
VEH-0104,54.9,71908.2,2024/05/15 13:56:00,Houston,DRV-0363
VEH-0015,69.5,101079.7 mi,2024-08-04 23:33:00,,DRV-0344
VEH-0201,62.3,103209.8,12-21-2024,Phoenix,DRV-0287
VEH-0023,54.2,158369.6,2024/10/04 17:41:00,New York,DRV-0274
VEH-0112,78.5,,10/07/2024 19:03,Los Angeles,DRV-0153
VEH-0077,unknown,241676.5,12-26-2024,Chicago,DRV-0279
,0.3,61983.1,2024-02-23 03:41:00,n/a,
VEH-0162,18.2,39203.2,09-21-2024,Phoenix,DRV-0066
VEH-0168,1.9,109444.3,25/10/2024 13:16,Houston,DRV-0354
VEH-0020,23.7,24241.4,09-06-2024,,DRV-0292
VEH-0148,40.5,90902.9,04-13-2024,Los Angeles,DRV-0001
VEH-0250,36.7,131486.6,08/09/2024 08:08,Houston,DRV-0050
VEH-0115,64.9,234070.2,2024/07/17 16:09:00,Los Angeles,DRV-0017
VEH-0189,3.6,25461.8,17/05/2024 08:42,New York,DRV-0191
VEH-0208,0.0,60311.1,07/02/2024 04:15,,DRV-0171
VEH-0186,13.1,221651.1,25/07/2024 17:59,Los Angeles,DRV-0160
VEH-0045,33.3,167371.7,24/07/2024 04:45,Los Angeles,DRV-0094
VEH-0078,45.4,172068.6,12-23-2024,Phoenix,DRV-0130
VEH-0036,61.6,11215.1,2024/12/11 10:13:00,n/a,DRV-0388
VEH-0133,,102505.9,2024-06-17 23:38:00,,
VEH-0227,22.2,N/A,2024/01/18 06:32:00,UNKNOWN,DRV-0031
VEH-0109,94.3,60173.2,2024-05-26 13:17:00,n/a,DRV-0244
VEH-0160,24.7,187093.8,2024/09/21 17:09:00,Chicago,DRV-0218
VEH-0189,88.1,217960.9,2024/07/12 21:10:00,n/a,DRV-0295
VEH-0175,78.1,4850.3,2024/10/21 19:46:00,Chicago,DRV-0112
VEH-0048,4.4,163424.7,2024-06-15 12:00:00,UNKNOWN,DRV-0140
VEH-0039,55.3,185165.9,10-17-2024,,DRV-0073
VEH-0081,65.8,205974.1,2024/10/28 11:59:00,Los Angeles,DRV-0138
VEH-0128,20.8,62620.7,14/08/2024 21:50,Houston,DRV-0250
VEH-0168,74.8,212713.2,2024-03-01 11:11:00,New York,DRV-0336
VEH-0218,42.4,178674.0,03/03/2024 03:12,,DRV-0097
VEH-0198,51.8,,29/04/2024 00:03,,DRV-0300
VEH-0067,11.3,-217506.2,13/10/2024 02:11,Los Angeles,DRV-0237
VEH-0173,,202206.6,2024/04/19 17:14:00,,DRV-0205
VEH-0068,6.8,104416.7,2024-08-24 04:53:00,n/a,DRV-0396
VEH-0163,0.3,112725.9 mi,2024-01-05 03:28:00,Phoenix,DRV-0212
VEH-0228,65.5,57106.5,2024-07-01 13:23:00,Chicago,DRV-0372
VEH-0177,16.0,136132.8,2024/12/24 01:01:00,Houston,DRV-0344
VEH-0002,69.5,N/A,2024/01/06 05:43:00,Houston,DRV-0162
VEH-0138,84.2,,09/11/2024 12:48,Los Angeles,DRV-0269
,64.7,224507.6,09-10-2024,Chicago,DRV-0400
VEH-0211,65.9,6774.0,03-18-2024,Houston,DRV-0202
VEH-0159,3.7,184100.5,2024/06/08 16:07:00,Houston,DRV-0100
,25.3%,109194.3,2024-02-24 01:47:00,n/a,
VEH-0226,66.5,N/A,21/11/2024 18:29,Phoenix,DRV-0128
VEH-0148,88.0,226760.5,2024-07-11 02:08:00,Chicago,DRV-0025
VEH-0176,56.6,162270.2,2024-09-29 23:11:00,Chicago,DRV-0338
VEH-0008,unknown,205314.9,2024-02-03 18:08:00,Los Angeles,DRV-0132
VEH-0097,,107605.5,29/11/2024 03:35,,DRV-0041
VEH-0136,93.1,61437.6,2024-12-25 17:36:00,UNKNOWN,DRV-0223
VEH-0192,23.5,204717.3,19/06/2024 10:04,,DRV-0244
VEH-0036,97.0,142815.1,2024/05/29 05:55:00,,DRV-0379
VEH-0243,15.0,134395.3,12-23-2024,UNKNOWN,DRV-0321
VEH-0147,77.6,98280.4,2024-05-27 22:43:00,n/a,DRV-0262
VEH-0095,21.0,221168.7,08/09/2024 05:20,,DRV-0147
VEH-0133,91.8,237732.1,05-04-2024,Chicago,DRV-0257
VEH-0203,52.3,56693.2,03-25-2024,n/a,DRV-0110
VEH-0220,54.6,62436.0,31/07/2024 20:37,New York,DRV-0220
VEH-0128,93.2,,04-09-2024,Chicago,DRV-0334
VEH-0226,82.9,9251.9,23/12/2024 09:26,Phoenix,DRV-0385
VEH-0106,41.1,209965.3,29/06/2024 07:22,Phoenix,DRV-0353
VEH-0210,89.2,,2024-12-03 03:39:00,New York,
VEH-0237,60.1,177018.1,20/09/2024 08:01,Los Angeles,DRV-0117
VEH-0144,16.3,239936.4,2024-07-22 20:09:00,Los Angeles,DRV-0075
VEH-0177,57.1,46317.6,2024-09-05 12:35:00,UNKNOWN,DRV-0056
VEH-0168,15.6,-60860.7,2024/01/02 14:27:00,,DRV-0263
VEH-0039,72.5,209094.6,2024-10-20 21:30:00,Phoenix,DRV-0316
VEH-0183,,190257.0,08-10-2024,UNKNOWN,DRV-0081
VEH-0061,72.3,133914.1,07-17-2024,New York,DRV-0246
VEH-0156,,54034.0,23/01/2024 10:43,Phoenix,DRV-0126
VEH-0115,46.6,47484.0,2024/02/06 11:55:00,n/a,DRV-0172
VEH-0214,46.1,122083.7,09-12-2024,n/a,DRV-0144
VEH-0238,77.1,165316.3,2024-12-06 06:41:00,UNKNOWN,DRV-0200
VEH-0189,16.2,226462.3,2024-05-03 22:10:00,Los Angeles,DRV-0053
VEH-0148,51.1,153782.3,25/02/2024 18:44,Chicago,DRV-0148
VEH-0043,57.1,-121066.5,2024-01-14 00:02:00,,DRV-0181
VEH-0095,92.9,179358.6,2024-02-07 01:56:00,Chicago,DRV-0010
VEH-0056,89.2,108454.4,02-14-2024,Phoenix,DRV-0211
VEH-0154,28.1,237602.9,2024-06-27 05:02:00,,DRV-0277
VEH-0188,82.4,1331.0,2024/09/26 03:04:00,New York,DRV-0397
VEH-0250,56.3,200951.2 mi,08-12-2024,,
VEH-0027,47.4,199894.7,2024/12/03 19:33:00,Chicago,DRV-0034
VEH-0214,60.6,29301.0,31/08/2024 13:33,n/a,DRV-0202
VEH-0148,7.9,140134.8,2024-06-11 01:42:00,UNKNOWN,DRV-0005
VEH-0013,40.6,219959.4,2024-10-25 23:08:00,Phoenix,DRV-0259
VEH-0136,31.4,145242.1,2024-06-07 23:29:00,Chicago,DRV-0113
VEH-0194,84.5,,22/12/2024 11:29,,DRV-0052
VEH-0243,0.7,172930.0,08/05/2024 19:54,n/a,DRV-0303
VEH-0114,92.8,-56153.9,2024-02-02 02:11:00,Chicago,DRV-0224
VEH-0057,51.4,127222.6,13/04/2024 20:02,Los Angeles,DRV-0368
VEH-0140,93.8,204685.1,14/11/2024 21:23,,DRV-0119
VEH-0015,65.5,65059.1,29/02/2024 02:17,Los Angeles,DRV-0047
VEH-0227,unknown,180855.0,10-19-2024,Chicago,DRV-0308
VEH-0185,65.2,184649.4,2024/04/29 14:16:00,New York,DRV-0092
VEH-0240,9.1,79828.4,2024/04/26 00:42:00,UNKNOWN,DRV-0158
VEH-0243,27.4,,2024-10-03 18:47:00,Phoenix,DRV-0089
VEH-0014,47.9,26138.6,2024-07-07 00:58:00,,DRV-0041
VEH-0225,15.2,248120.9 mi,11/11/2024 05:59,Phoenix,DRV-0023
VEH-0215,79.9,26757.3,2024-08-23 06:43:00,Phoenix,DRV-0124
VEH-0227,98.6,N/A,2024/03/30 17:56:00,UNKNOWN,DRV-0386
VEH-0164,42.6,,08/08/2024 09:46,Chicago,DRV-0356
VEH-0025,,88821.0,2024/08/21 01:51:00,Phoenix,DRV-0390
VEH-0200,58.2,,24/01/2024 16:00,UNKNOWN,DRV-0135
VEH-0116,15.4,120285.0,2024/03/09 23:26:00,Los Angeles,DRV-0072
VEH-0017,80.7,30051.8,04-17-2024,Los Angeles,DRV-0023
VEH-0006,34.0,155208.2,2024-08-21 14:45:00,Los Angeles,DRV-0386
VEH-0098,54.3,76190.2,05-02-2024,,DRV-0237
VEH-0098,80.7,114908.2,11-23-2024,Los Angeles,DRV-0173
VEH-0066,34.0,213981.3,21/07/2024 17:45,,DRV-0374
VEH-0026,41.9,107960.9,2024/09/10 01:07:00,n/a,DRV-0147
VEH-0060,2.0,167842.0,01-24-2024,Los Angeles,DRV-0295
VEH-0202,5.5,205160.4,2024/11/10 16:07:00,New York,DRV-0385
VEH-0239,1.7,165429.7,2024-06-04 21:28:00,Phoenix,DRV-0221
VEH-0211,95.5,231447.1 mi,2024/06/04 05:50:00,Los Angeles,DRV-0329
VEH-0165,70.5,21300.1,10/04/2024 03:46,New York,DRV-0354
VEH-0245,31.3,73777.2,03-31-2024,Chicago,
VEH-0070,35.7,111825.7,09-10-2024,Los Angeles,DRV-0371
VEH-0176,67.7,209477.1,04-04-2024,n/a,DRV-0353
VEH-0103,6.4,137922.0,2024-11-19 17:44:00,Phoenix,DRV-0253
VEH-0174,115.6,22439.9,2024/05/13 10:55:00,UNKNOWN,DRV-0261
VEH-0226,14.0,103954.6,2024-06-15 12:00:00,Houston,DRV-0026
VEH-0026,78.7,78851.7,05-13-2024,Los Angeles,DRV-0209
VEH-0189,47.7,150451.7,2024-11-03 02:42:00,n/a,DRV-0327
VEH-0086,60.4,206789.5 mi,07-20-2024,,DRV-0151
VEH-0146,82.3,233177.6,2024/04/23 11:46:00,Houston,DRV-0163
VEH-0047,75.4,201226.7,2024/12/25 20:53:00,UNKNOWN,DRV-0212
VEH-0058,72.6,30325.7,16/11/2024 19:30,Phoenix,DRV-0222
VEH-0205,24.8,176365.2,31/10/2024 04:30,n/a,DRV-0099
VEH-0015,12.7,105157.6,06-17-2024,Houston,DRV-0306
VEH-0153,27.7,242883.2,04-15-2024,n/a,
VEH-0074,66.9,235583.6,2024-05-04 05:01:00,UNKNOWN,DRV-0237
VEH-0019,71.4,215308.1,2024-05-02 00:39:00,Phoenix,DRV-0182
VEH-0200,23.7,12403.6,14/05/2024 13:01,Los Angeles,DRV-0025
VEH-0015,88.2,200900.9,08-27-2024,n/a,DRV-0180
VEH-0120,36.6,114017.5,2024-01-09 08:38:00,Phoenix,DRV-0175
VEH-0227,72.7,94507.8,2024/03/03 03:01:00,Phoenix,DRV-0138
VEH-0200,69.6,85618.8,2024-12-17 16:38:00,n/a,DRV-0342
VEH-0024,8.7,139196.2,2024-06-24 15:27:00,UNKNOWN,DRV-0278
VEH-0039,64.4,190737.2 mi,2024/08/04 05:49:00,Chicago,DRV-0360
VEH-0070,66.2,187956.3,17/03/2024 00:04,New York,DRV-0277
VEH-0198,71.0,28125.8,11-05-2024,New York,DRV-0331
VEH-0062,,159815.7,10-10-2024,,DRV-0328
VEH-0104,,155722.6,12-01-2024,Los Angeles,DRV-0055
VEH-0102,89.5,127919.4,2024/06/19 11:57:00,Los Angeles,DRV-0001
VEH-0110,63.5,41488.7,2024-07-15 05:32:00,UNKNOWN,DRV-0225
VEH-0134,82.8,174302.3,13/07/2024 05:22,n/a,DRV-0339
VEH-0060,81.9,199854.0 mi,10-24-2024,Houston,
VEH-0091,24.8,15631.6,2024/10/31 04:17:00,UNKNOWN,DRV-0199
VEH-0040,54.7,-221119.7,2024/09/01 20:53:00,Phoenix,DRV-0385
VEH-0019,,131704.3,12/06/2024 05:15,,DRV-0231
VEH-0107,unknown,,2024/03/21 21:03:00,Chicago,DRV-0104
VEH-0056,64.6%,161835.5,2024/09/16 17:51:00,n/a,DRV-0389
VEH-0234,48.3,215886.9,18/05/2024 10:52,UNKNOWN,DRV-0183
VEH-0069,9.6,5909.6,2024-11-11 19:53:00,Houston,DRV-0076
VEH-0078,68.8,180676.7,01/08/2024 03:00,Phoenix,DRV-0278
VEH-0217,93.4,229105.1,05-02-2024,Phoenix,DRV-0036
VEH-0197,28.7,67144.9,2024/10/05 22:34:00,New York,DRV-0215
VEH-0226,31.3,197233.1,2024/12/22 04:56:00,Houston,
VEH-0062,88.1%,-19469.7,06-16-2024,Phoenix,DRV-0206
VEH-0241,19.6,243244.3,2024-10-28 09:30:00,New York,DRV-0332
VEH-0217,74.1,165465.1,2024-09-08 09:50:00,n/a,DRV-0115
VEH-0245,46.4%,123829.4,2024/12/19 22:15:00,Chicago,DRV-0354
VEH-0046,56.1,,2024/06/06 09:47:00,New York,DRV-0268
VEH-0021,31.9,226477.9,2024/03/25 16:59:00,Chicago,DRV-0124
VEH-0173,93.4,,08-02-2024,Los Angeles,DRV-0167
VEH-0246,31.9,156472.8,08/01/2024 02:15,,DRV-0323
VEH-0062,7.9,99230.8,2024/12/17 06:06:00,Los Angeles,DRV-0356
VEH-0235,40.7,-130344.3,04-02-2024,UNKNOWN,DRV-0298
VEH-0178,56.9,216930.8,2024/05/15 09:27:00,,DRV-0009
VEH-0221,53.2,71128.0 mi,2024/10/17 11:56:00,New York,
VEH-0056,2.5,208811.0,2024-03-29 22:09:00,Chicago,DRV-0156
VEH-0004,28.6,129209.2,2024/07/18 16:43:00,Phoenix,DRV-0392
VEH-0218,16.5,32932.2,22/12/2024 01:43,Los Angeles,DRV-0340
VEH-0088,72.9,88711.4,2024-01-25 15:30:00,n/a,DRV-0268
VEH-0100,94.5,48892.7,2024-12-12 22:15:00,UNKNOWN,DRV-0073
VEH-0084,3.0,232737.2,2024/11/20 05:25:00,Phoenix,DRV-0157
VEH-XXXX,2.0,51296.8,2024-11-04 22:13:00,n/a,DRV-0368
VEH-0047,96.1,61686.9,2024-06-27 07:40:00,UNKNOWN,DRV-0164
VEH-0095,130.8,61338.1,2024-09-30 02:06:00,,DRV-0203
VEH-0214,63.7,55309.5,2024/01/16 12:58:00,New York,DRV-0334
VEH-0106,56.3,190546.9,06/10/2024 04:23,New York,DRV-0365
VEH-0125,46.1,247210.1,03-15-2024,Phoenix,DRV-0233
VEH-0120,12.2,49367.6,09-01-2024,,DRV-0054
VEH-0173,67.7%,118995.4,2024-05-05 21:23:00,Phoenix,DRV-0171
VEH-0096,74.4,40190.0,2024-03-03 11:42:00,New York,DRV-0318
VEH-0145,,61740.3,2024/02/25 00:41:00,UNKNOWN,DRV-0062
VEH-0191,82.5,100539.1,2024/02/27 20:21:00,Phoenix,DRV-0095
VEH-0064,98.4,72101.4,2024/11/03 16:49:00,Los Angeles,DRV-0155
VEH-0005,38.3,208892.7,2024/04/30 10:30:00,,DRV-0384
VEH-0111,16.3,148803.2,2024/03/20 04:57:00,UNKNOWN,DRV-0288
VEH-0235,20.4,85102.9,07-31-2024,Chicago,DRV-0076
VEH-0025,,117351.7,27/12/2024 01:55,Chicago,DRV-0180
VEH-0001,0.0,42128.7,2024/01/17 08:17:00,Phoenix,DRV-0235
VEH-0210,122.0,82658.2,2024-05-27 07:50:00,Houston,DRV-0179
VEH-0156,,172675.3,2024/06/08 08:33:00,UNKNOWN,DRV-0062
VEH-0182,27.7,160700.5,2024-02-20 20:07:00,Los Angeles,
VEH-0024,0.9,202039.3,05/11/2024 15:44,UNKNOWN,DRV-0334
VEH-0003,6.1,203430.8,2024-01-09 01:11:00,UNKNOWN,DRV-0195
VEH-0207,43.2,113249.5,14/07/2024 00:00,New York,DRV-0013
VEH-0196,46.9,83534.1,12-20-2024,Houston,DRV-0191
VEH-0171,39.2%,228869.2,2024-09-03 01:41:00,Houston,DRV-0065
VEH-0154,75.7,13901.4,2024-11-28 04:42:00,Phoenix,DRV-0188
VEH-0249,75.8,3598.4,22/11/2024 21:35,Houston,DRV-0241
VEH-0243,46.0,,2024-12-13 07:46:00,UNKNOWN,DRV-0208
VEH-0049,15.6,118480.3,2024-06-04 22:03:00,Chicago,DRV-0325
VEH-0238,6.4,206185.8,01-14-2024,,DRV-0241
VEH-0248,0.9,25367.9,2024-11-16 14:54:00,UNKNOWN,
VEH-0236,10.9,N/A,01/11/2024 02:32,Phoenix,DRV-0255
VEH-0200,47.3,,19/01/2024 11:53,UNKNOWN,DRV-0215
VEH-0031,38.9,11853.9,11/01/2024 00:49,Houston,DRV-0238
VEH-0194,75.1,31371.6,09/11/2024 18:19,Los Angeles,DRV-0399
VEH-0209,43.6,164576.9,31/05/2024 13:42,Houston,DRV-0084
VEH-0211,,56151.2,11-27-2024,,DRV-0069
VEH-0008,64.1,-166650.1,2024/02/28 14:56:00,New York,DRV-0128
VEH-0248,96.3,18901.3,11/04/2024 14:47,n/a,DRV-0028
VEH-0196,28.9,234497.0,27/03/2024 22:19,New York,DRV-0073
VEH-0129,73.1,192436.7,2024-06-15 12:00:00,New York,DRV-0089
VEH-0224,56.0,234205.6,2024/03/25 05:37:00,Houston,DRV-0088
VEH-0122,,144234.0,2024/11/18 11:31:00,UNKNOWN,DRV-0192
VEH-0030,46.0,151743.3,2024/10/20 23:22:00,UNKNOWN,DRV-0224
VEH-0213,39.6,173465.8,2024/01/16 10:03:00,New York,DRV-0250
VEH-0051,52.8,163859.0,12/03/2024 19:17,Houston,
VEH-0234,2.5,172511.7,2024-10-05 01:03:00,Phoenix,DRV-0074
VEH-0012,88.7,,05-23-2024,,DRV-0341
VEH-0042,29.9,58126.5,2024/05/21 09:22:00,n/a,
VEH-0232,unknown,70619.7,2024/05/21 20:21:00,New York,DRV-0209
VEH-0189,71.4,,2024-10-07 08:53:00,Houston,DRV-0008
VEH-0199,3.6,116399.5,08/02/2024 07:24,Chicago,DRV-0026
VEH-0141,35.7,63620.3,2024/08/13 05:56:00,n/a,DRV-0051
VEH-0180,34.6,89460.3,12/06/2024 02:14,UNKNOWN,DRV-0329
VEH-0126,4.0,-100759.7,27/10/2024 15:29,New York,DRV-0152
VEH-0184,76.9,-2757.8,02/10/2024 00:11,Los Angeles,DRV-0299
VEH-0126,19.0,167488.4,20/05/2024 04:19,Houston,DRV-0017
VEH-0031,16.3,227731.8,25/06/2024 15:37,,DRV-0283
VEH-0080,36.6,-56345.3,2024/09/09 00:34:00,,DRV-0001
VEH-0089,12.0,183731.5 mi,2024-06-06 17:55:00,UNKNOWN,DRV-0051
VEH-0185,76.3,50365.4,05-22-2024,,DRV-0131
VEH-XXXX,71.4,183983.8,2024-07-09 00:14:00,,DRV-0135
VEH-0062,65.7,109757.3,2024-06-11 01:41:00,Houston,DRV-0032
VEH-0185,42.8,6776.7,06/04/2024 05:30,New York,DRV-0310
VEH-0101,7.7,174039.0,09-05-2024,n/a,DRV-0241
VEH-0116,56.6,117939.1,2024-04-08 03:20:00,Houston,DRV-0080
VEH-0100,49.8,53544.1,2024/12/16 18:55:00,Houston,DRV-0218
VEH-0238,48.9,87912.5,2024-09-15 08:12:00,Phoenix,DRV-0332
VEH-0234,46.0,216140.9,07/10/2024 15:03,n/a,DRV-0116
VEH-0020,30.1,41783.6,2024-12-30 07:47:00,Phoenix,DRV-0122
,4.4,-59158.3,10-31-2024,Chicago,DRV-0254
VEH-0149,unknown,146652.1,2024/02/18 23:37:00,,DRV-0040
VEH-XXXX,47.4,2492.3,2024/02/17 19:50:00,Chicago,DRV-0256
VEH-0146,34.8,169504.0,2024/08/24 10:24:00,Chicago,DRV-0354
VEH-0030,145.8,92539.7,2024/08/09 15:09:00,Los Angeles,DRV-0276
  ,14.8,246163.6,11-09-2024,Houston,DRV-0169
VEH-0080,29.7,N/A,11/05/2024 09:00,Los Angeles,DRV-0309
VEH-0159,127.3,234142.6,2024-02-19 15:01:00,Phoenix,DRV-0068
VEH-0153,10.3%,N/A,28/05/2024 23:48,New York,DRV-0146
VEH-0115,93.9,199695.8,2024/07/27 15:21:00,Chicago,DRV-0328
VEH-0065,76.4,61953.1,2024/06/16 08:15:00,New York,DRV-0393
VEH-0229,36.5,226118.5,07-31-2024,Houston,DRV-0036
VEH-0015,69.5,101079.7 mi,2024-08-04 23:33:00,,DRV-0344
VEH-0079,2.9,154525.7,2024-03-05 01:03:00,New York,DRV-0380
VEH-0028,19.5,204008.4,2024/04/14 15:49:00,Los Angeles,DRV-0068
VEH-0121,42.8,182874.1,28/11/2024 01:39,Chicago,DRV-0246
VEH-0245,25.1,30111.8 mi,18/11/2024 12:58,Chicago,DRV-0282
VEH-0177,95.0,36768.4,2024/01/18 21:15:00,Los Angeles,DRV-0044
VEH-0092,82.9,110945.9,2024-10-16 04:22:00,n/a,DRV-0308
VEH-0082,45.9,19242.3,05/04/2024 00:30,Chicago,DRV-0194
VEH-0137,86.8,44287.4,2024/07/31 19:41:00,n/a,DRV-0355
VEH-0238,26.0,8419.1,2024-04-20 11:12:00,n/a,DRV-0088
VEH-0129,59.2,208892.9 mi,26/11/2024 13:31,Phoenix,DRV-0273
VEH-0168,76.7,100482.7,10-14-2024,UNKNOWN,DRV-0186
VEH-0175,14.3,93637.1,08/04/2024 19:54,Houston,DRV-0050
VEH-0081,55.0,10853.1,2024-01-27 04:48:00,Chicago,DRV-0400
VEH-0109,13.1,174055.4,20/06/2024 17:17,n/a,
VEH-0036,26.8,N/A,2024/04/27 09:43:00,n/a,DRV-0217
VEH-0238,63.6,187818.3,2024/12/14 17:47:00,Houston,DRV-0345
VEH-0225,86.4,195380.8,2024-06-14 05:32:00,Phoenix,DRV-0214
VEH-0156,43.6,103711.7,2024/06/11 12:48:00,Chicago,DRV-0260
VEH-0011,70.7,182251.8,01-30-2024,Houston,DRV-0342
VEH-0139,89.5%,149475.0,2024/02/06 12:18:00,Chicago,DRV-0261
VEH-0161,64.4,132575.5,2024-06-28 23:19:00,UNKNOWN,DRV-0175
VEH-0153,7.1,90385.0,2024/01/16 20:43:00,Houston,DRV-0138
VEH-0146,64.5,43591.6,12-07-2024,,DRV-0257
VEH-0224,84.9,130399.9,2024-07-28 05:28:00,n/a,DRV-0164
VEH-0128,92.7,134989.3,2024/09/19 13:48:00,Phoenix,DRV-0135
VEH-0216,71.8,110673.4,2024-01-27 06:44:00,New York,DRV-0237
VEH-0054,52.8,,07/09/2024 10:45,,
VEH-0023,57.8,124532.4,11-21-2024,Los Angeles,DRV-0103
VEH-0073,6.2,83819.8,2024/02/15 17:28:00,,DRV-0312
VEH-0203,13.0,N/A,20/10/2024 01:29,Chicago,DRV-0327
VEH-0233,2.2,245630.3,2024/01/30 13:10:00,Houston,DRV-0079
VEH-0124,,159300.4,01-14-2024,Los Angeles,DRV-0285
VEH-0163,unknown,135158.8,09-11-2024,Chicago,DRV-0075
VEH-0101,74.0,176484.2,11-08-2024,n/a,DRV-0187
VEH-0171,64.9,68822.1,22/07/2024 03:15,Houston,DRV-0223
VEH-0146,30.1,149589.4,2024/05/12 20:05:00,Chicago,DRV-0358
VEH-0013,29.6,35867.4,2024/06/21 02:13:00,Houston,DRV-0193
VEH-0176,53.1,71986.3,08-16-2024,Los Angeles,DRV-0099
VEH-0201,24.7,181615.4,2024/01/09 15:48:00,Chicago,DRV-0117
VEH-0207,29.6%,58401.9,10-27-2024,Chicago,DRV-0001
VEH-0168,92.9,101275.7,31/10/2024 23:56,Chicago,DRV-0126
VEH-0124,99.4,138904.3,30/01/2024 05:10,Chicago,DRV-0285
VEH-0195,53.2,226330.5,05-06-2024,,DRV-0228
VEH-0056,17.2,218098.6,08-06-2024,Houston,DRV-0340
VEH-0166,45.0,,04-06-2024,,DRV-0366
VEH-0105,129.4,70637.6,06-29-2024,,DRV-0187
VEH-0239,7.5,33550.6,06-18-2024,Phoenix,DRV-0305
VEH-0176,30.1,144518.8 mi,23/07/2024 07:22,New York,DRV-0006
VEH-0165,47.6,N/A,08-19-2024,,DRV-0312
VEH-0160,97.6,217081.0,05/08/2024 02:21,Chicago,DRV-0302
VEH-0068,79.7,37479.4,2024-12-10 11:05:00,Chicago,DRV-0074
VEH-0001,49.5,172100.6,2024/11/10 04:57:00,n/a,DRV-0358
VEH-0087,2.3,171731.9,2024-09-19 18:39:00,New York,DRV-0256
VEH-0073,11.9,128098.2,05/08/2024 23:17,UNKNOWN,DRV-0036
VEH-0085,15.6,158985.1,2024-10-21 16:48:00,Phoenix,DRV-0132
VEH-0175,76.2,134344.8,2024-01-19 18:07:00,Chicago,DRV-0322
VEH-0193,85.6,130361.4,05-21-2024,,DRV-0067
VEH-0179,22.1,20595.3,2024/08/23 12:53:00,New York,DRV-0303
VEH-0110,74.1,206902.6,2024/11/03 14:04:00,,DRV-0258
VEH-0069,78.0,119083.9,08-09-2024,Chicago,DRV-0373
VEH-0018,70.9,133027.8,2024/04/04 14:45:00,UNKNOWN,DRV-0013
VEH-0196,54.1,174107.5,2024-06-23 05:27:00,New York,DRV-0358
VEH-0244,44.6,46283.2,10-18-2024,New York,DRV-0326
VEH-0150,39.8%,206888.3,2024-12-16 02:14:00,UNKNOWN,DRV-0276
VEH-XXXX,unknown,64408.0,04-11-2024,,
  ,54.1,240748.0,06-20-2024,New York,DRV-0199
VEH-0083,83.9,,13/08/2024 19:51,,DRV-0283
VEH-0069,96.7,110859.8,2024-06-01 02:11:00,Houston,DRV-0358
VEH-0083,36.9,216089.6,2024/02/19 06:33:00,Los Angeles,DRV-0069
VEH-0144,65.0,38006.2,09-04-2024,New York,DRV-0286
VEH-0037,138.0,82338.4,13/06/2024 13:13,Chicago,DRV-0185
VEH-0122,140.9,20028.7,2024/09/19 08:29:00,Chicago,DRV-0344
VEH-0229,67.7,218626.3,17/04/2024 07:46,Phoenix,DRV-0136
VEH-0006,75.9,221518.5,09-30-2024,Houston,DRV-0237
,25.9,13206.7,2024/05/14 12:44:00,UNKNOWN,DRV-0144
VEH-0028,29.6,123913.5,04-17-2024,Chicago,DRV-0136
VEH-0156,5.2,195712.2,2024-07-01 04:05:00,UNKNOWN,DRV-0118
VEH-0061,133.0,239055.3,06/03/2024 12:42,Los Angeles,DRV-0131
VEH-0162,,208642.9,2024/06/22 01:12:00,,DRV-0381
VEH-0166,37.8,144101.4,2024/10/26 15:38:00,UNKNOWN,DRV-0035
VEH-0141,65.0,216999.9,2024/06/29 04:18:00,,
VEH-0073,53.4,35958.6,2024-01-08 06:26:00,UNKNOWN,DRV-0056
VEH-0037,31.2,159455.5,03-25-2024,Chicago,DRV-0003
VEH-0218,55.5,206483.1,01-21-2024,Phoenix,DRV-0240
VEH-0128,88.4,37935.7,2024/10/18 07:39:00,Chicago,DRV-0066
VEH-0170,60.9,72053.0,28/08/2024 07:17,New York,DRV-0295
VEH-0098,73.8,90118.6,2024-10-20 14:56:00,Los Angeles,DRV-0262
VEH-0092,71.3,204194.9,19/05/2024 01:38,Los Angeles,DRV-0185
VEH-0080,41.6,117294.4,2024/05/23 23:05:00,n/a,DRV-0323
VEH-XXXX,96.8,222459.1,2024/06/08 07:59:00,Phoenix,DRV-0295
VEH-0074,63.7,85151.0,2024-01-03 06:17:00,Chicago,DRV-0359
VEH-0131,17.1,218313.6,2024-01-06 15:56:00,UNKNOWN,DRV-0227
VEH-0076,93.4,231392.1,2024-10-09 17:35:00,Houston,DRV-0366
VEH-0003,61.7,185720.4,2024-08-29 09:31:00,n/a,DRV-0183
VEH-0016,42.8,40215.1,10/11/2024 04:47,New York,DRV-0121
VEH-0191,67.8,103607.5,07-13-2024,Phoenix,DRV-0283
VEH-0232,40.9,138011.8,2024-06-26 13:11:00,n/a,DRV-0059
VEH-0148,20.4,138771.2,2024/01/08 01:11:00,n/a,DRV-0215
VEH-0242,61.1,N/A,2024-11-23 04:35:00,New York,DRV-0097
VEH-0181,18.2,21477.6,05-28-2024,UNKNOWN,DRV-0110
VEH-0248,,120059.2,2024-07-11 16:15:00,New York,DRV-0344
VEH-0215,70.7,38134.8,07-24-2024,Los Angeles,DRV-0173
VEH-0106,55.8,229337.2,2024-10-18 04:07:00,New York,DRV-0031
VEH-0033,27.1,71406.6,12-08-2024,,
VEH-0250,10.2,38214.8 mi,11-27-2024,New York,DRV-0291
VEH-0152,41.7,40056.4,24/03/2024 20:44,,DRV-0078
VEH-0131,unknown,92735.3,2024/01/06 06:48:00,,DRV-0052
VEH-0126,20.5%,197138.0,01/05/2024 21:40,n/a,DRV-0166
VEH-0056,5.6,35545.3,2024/11/08 05:41:00,New York,DRV-0070
VEH-0157,20.3,N/A,20/08/2024 17:42,n/a,DRV-0368
VEH-0235,26.7,241746.3,01/10/2024 14:52,,DRV-0367
VEH-0117,58.6,244019.6,01-07-2024,New York,DRV-0317
VEH-0037,40.3,188099.5,2024-08-09 23:58:00,New York,DRV-0005
VEH-0195,13.1,167927.2,2024-07-21 04:53:00,Chicago,DRV-0102
VEH-0206,86.7,186685.8 mi,01-31-2024,n/a,DRV-0196
VEH-0076,49.3,48810.7,2024/03/24 20:44:00,Los Angeles,DRV-0116
VEH-0167,34.1,28368.4,2024/11/13 09:38:00,Los Angeles,DRV-0210
VEH-0146,96.6,98388.8,2024-03-22 11:53:00,UNKNOWN,DRV-0229
VEH-0120,105.9,151043.5,2024/06/08 13:19:00,Chicago,DRV-0385
VEH-0221,5.1,124128.9,2024/07/07 07:36:00,Los Angeles,DRV-0268
VEH-0226,60.6%,91148.4,01-08-2024,UNKNOWN,DRV-0251
VEH-0156,78.9,177005.9,26/05/2024 21:26,Chicago,DRV-0308
VEH-0037,8.1,237872.7,11-25-2024,,DRV-0112
VEH-0055,98.9,9823.0,12-09-2024,,DRV-0294
VEH-0076,129.4,140371.1,2024-05-02 15:56:00,New York,DRV-0079
VEH-0161,47.2,122578.1,05-27-2024,Houston,DRV-0315
VEH-0226,unknown,202258.6,08-08-2024,,DRV-0116
VEH-0185,88.6,153965.8,2024-07-01 18:05:00,,DRV-0084
VEH-XXXX,40.4,132734.4,2024/09/08 22:38:00,Houston,DRV-0098
VEH-0192,31.4,239492.8,29/01/2024 19:16,Phoenix,DRV-0395
VEH-0171,38.5,235745.7,02-12-2024,Houston,DRV-0231
VEH-0236,96.5,62723.3,2024-03-12 22:18:00,n/a,DRV-0289
VEH-0169,47.8%,146390.9,2024-02-28 21:19:00,n/a,DRV-0226
VEH-0097,104.3,148711.8,02-24-2024,Phoenix,DRV-0026
VEH-0014,37.6,98619.1,2024-12-12 11:49:00,Los Angeles,DRV-0273
VEH-0154,89.7,221771.6,02-20-2024,,DRV-0260
VEH-0228,67.0,160454.9,06-02-2024,New York,DRV-0125
VEH-0201,13.3,141885.2,06/09/2024 04:23,Chicago,DRV-0040
VEH-0227,unknown,59766.6,2024/04/21 21:17:00,,DRV-0206
VEH-0166,8.4%,194286.7,2024-06-18 02:20:00,Chicago,DRV-0091
VEH-0048,31.6,31312.8,11-10-2024,n/a,DRV-0010
VEH-0054,49.3,20484.6,12-13-2024,New York,DRV-0072
VEH-0102,6.7,148426.4,11-25-2024,Chicago,
VEH-0116,7.5,62589.7,2024-08-08 23:25:00,Chicago,DRV-0358
VEH-0042,21.2,36060.0,03-05-2024,Los Angeles,DRV-0274
VEH-0170,90.8,26120.1,2024/11/06 15:29:00,UNKNOWN,DRV-0277
VEH-0060,70.2,82838.1,2024-07-14 04:30:00,Chicago,DRV-0043
VEH-0037,27.7,201550.3,2024/10/28 15:06:00,UNKNOWN,DRV-0394
VEH-0199,77.8,95590.8,2024/03/27 14:24:00,n/a,DRV-0319
VEH-0095,92.2,213166.5,2024/04/13 10:52:00,,DRV-0072
VEH-0103,49.3,74985.5,08-14-2024,New York,DRV-0085
VEH-0204,19.6,,2024-02-17 23:52:00,n/a,DRV-0329
VEH-0180,unknown,-132176.8,06-14-2024,New York,DRV-0275
VEH-0188,33.7,65627.2,2024/09/28 17:26:00,n/a,DRV-0096
VEH-0129,90.3,213066.0,04-24-2024,Los Angeles,DRV-0065
VEH-0016,41.3,134373.4,2024-11-06 01:08:00,Chicago,DRV-0252
VEH-0054,77.1,123448.9,2024/08/22 15:42:00,UNKNOWN,DRV-0110
VEH-0127,92.6,2274.5 mi,2024-12-19 20:17:00,Houston,
VEH-0154,60.4,-171647.5,2024-07-04 07:43:00,Houston,DRV-0275
VEH-0079,3.3,230212.0,2024-01-05 11:09:00,n/a,DRV-0371
VEH-0019,46.1,168500.3,2024-08-11 10:38:00,Chicago,DRV-0109
VEH-0132,,219563.1,2024/10/19 07:18:00,Phoenix,DRV-0296
VEH-0185,45.6%,,2024-12-07 17:18:00,UNKNOWN,DRV-0004
VEH-0144,18.4,189112.8,06-20-2024,,DRV-0220
VEH-0144,10.7,164461.3,07/09/2024 09:09,n/a,DRV-0084
  ,6.8,129675.2,2024/04/07 02:34:00,Houston,DRV-0159
VEH-0165,5.3,9391.6,2024-01-13 13:48:00,Chicago,DRV-0129
VEH-0232,139.9,173420.6,2024-11-24 21:59:00,Los Angeles,DRV-0300
VEH-0058,,6146.7,01-11-2024,,DRV-0344
VEH-0191,87.4,246020.9 mi,2024/05/01 12:58:00,Los Angeles,DRV-0243
VEH-0237,71.5,67035.8 mi,10/07/2024 17:06,Houston,
VEH-0167,99.1,69472.8,23/07/2024 11:01,Chicago,DRV-0389
VEH-0117,10.5,55590.3,2024-08-23 01:24:00,Los Angeles,DRV-0168
VEH-0195,80.5,92472.2,2024-11-04 23:12:00,Phoenix,DRV-0043
VEH-0046,72.2,221548.9,2024/11/29 09:07:00,Chicago,DRV-0049
VEH-0088,36.8,158076.5 mi,2024-12-13 20:55:00,Los Angeles,DRV-0038
VEH-0090,74.1,189231.7,05/02/2024 12:21,,DRV-0076
VEH-0022,52.3,29187.0,08-04-2024,Phoenix,DRV-0142
VEH-0115,35.5,,2024/02/21 20:03:00,n/a,DRV-0302
VEH-0223,27.9,160720.5,2024/03/18 12:13:00,Phoenix,DRV-0325
VEH-0208,140.3,93412.6,2024/02/16 12:03:00,New York,DRV-0005
VEH-0209,95.8,216926.4,2024/11/12 22:16:00,,DRV-0280
VEH-0168,52.7,100696.4,25/01/2024 18:42,UNKNOWN,
  ,6.6%,-47822.3,2024/01/21 00:55:00,Los Angeles,DRV-0386
VEH-0082,32.9,97863.6,2024-06-23 01:27:00,Phoenix,DRV-0027
VEH-0085,62.8,N/A,2024-06-15 12:00:00,Los Angeles,DRV-0396
VEH-0229,95.7,174198.9,2024/05/18 03:07:00,Phoenix,DRV-0219
VEH-0110,0.1,,2024-11-03 20:01:00,Phoenix,DRV-0042
VEH-0158,65.1,N/A,2024/05/19 08:30:00,Los Angeles,DRV-0180
VEH-0007,55.4,82186.5,2024/03/14 07:42:00,,DRV-0070
VEH-0219,36.3,16601.3,06-27-2024,n/a,DRV-0278
VEH-0096,12.5,198552.7,05-06-2024,Los Angeles,DRV-0194
VEH-0194,20.5,199499.5,2024/03/15 23:17:00,Phoenix,DRV-0298
VEH-0016,77.5,131692.2,2024-10-28 04:38:00,UNKNOWN,DRV-0286
VEH-0173,45.8,56630.4,2024-09-23 13:01:00,n/a,DRV-0230
VEH-0242,24.6,27319.9,2024-07-02 08:40:00,UNKNOWN,DRV-0073
VEH-XXXX,25.1,41550.1 mi,2024-12-23 14:23:00,UNKNOWN,DRV-0381
VEH-0088,6.7,219337.6,26/04/2024 02:12,Houston,DRV-0203
VEH-0082,13.0,113438.4,2024-11-23 14:36:00,Chicago,DRV-0267
VEH-0057,22.0,221545.4,11-17-2024,,DRV-0004
VEH-0134,96.1,37165.7,10-25-2024,Chicago,
VEH-0084,,89834.7,17/07/2024 06:22,Phoenix,DRV-0055
VEH-0205,62.0,140848.8,2024/10/21 02:38:00,n/a,DRV-0296
VEH-0103,41.6,107236.1,15/10/2024 08:25,Los Angeles,DRV-0230
VEH-0205,12.1,28440.5,29/09/2024 06:34,Houston,DRV-0170
VEH-0188,29.8,195012.0,08-14-2024,UNKNOWN,DRV-0312
VEH-0043,88.1,87546.6,16/12/2024 03:28,n/a,DRV-0276
VEH-0016,45.4,190611.7,11-30-2024,Houston,DRV-0148
VEH-0162,5.0,15726.9,2024-09-06 01:19:00,UNKNOWN,DRV-0036
VEH-0086,55.8,-13652.6,2024-07-30 10:45:00,Phoenix,DRV-0158
VEH-0127,1.8,25583.0,2024/08/16 04:45:00,Houston,DRV-0209
VEH-0109,42.6,208090.9,03-11-2024,UNKNOWN,DRV-0304
VEH-0166,40.0,202966.5,2024-05-22 05:05:00,Houston,DRV-0149
VEH-0020,30.3,114836.5,2024/09/22 13:18:00,Houston,DRV-0005
VEH-0078,,-169382.9,31/10/2024 15:38,,DRV-0078
VEH-0131,,N/A,12/01/2024 16:59,Houston,DRV-0013
VEH-0247,26.5,,2024/06/09 02:50:00,Houston,DRV-0117
VEH-0027,27.3,103387.3,2024-05-02 20:39:00,n/a,DRV-0174
VEH-0048,51.1,151078.2,01-06-2024,Houston,DRV-0326
VEH-0012,84.4,108099.1 mi,02/09/2024 11:47,Chicago,DRV-0254
VEH-0224,unknown,90106.7 mi,05-08-2024,UNKNOWN,DRV-0086
VEH-0045,65.1%,222421.9,2024/10/08 18:30:00,Chicago,DRV-0186
VEH-0109,36.7,4720.2,2024/12/07 09:58:00,Houston,DRV-0264
VEH-0121,unknown,-95987.2,19/06/2024 14:33,New York,DRV-0391
VEH-0152,93.8,45308.3,2024-09-18 06:11:00,n/a,DRV-0289
VEH-0142,unknown,81276.0,06-22-2024,New York,DRV-0143
,51.9,61461.9 mi,10/06/2024 20:17,Los Angeles,DRV-0253
VEH-0031,69.3,1256.4,09/10/2024 07:30,Phoenix,DRV-0309
VEH-0206,124.1,226972.7,2024-10-30 19:50:00,Chicago,DRV-0373
VEH-0134,67.6%,127223.5,2024-07-05 17:20:00,,DRV-0054
VEH-0128,93.2,,04-09-2024,Chicago,DRV-0334
VEH-0133,44.4,64073.1,2024/06/20 06:33:00,UNKNOWN,DRV-0106
  ,48.1,248004.0,2024-06-01 13:36:00,Houston,DRV-0166
VEH-0010,67.3,199170.3,2024-11-10 10:12:00,Houston,DRV-0013
VEH-0001,97.6,70315.0,2024-04-25 09:18:00,Houston,DRV-0066
VEH-0081,12.7,119155.1,30/06/2024 19:03,n/a,DRV-0236
VEH-0058,34.7,184375.3,2024-04-03 21:13:00,,DRV-0157
VEH-0004,65.7,118070.5,01/05/2024 00:30,UNKNOWN,DRV-0059
VEH-0127,65.4,104054.3,2024/03/23 16:43:00,New York,DRV-0354
VEH-0002,70.8,,08-28-2024,,DRV-0196
VEH-0002,15.6,-38998.6,11-03-2024,Phoenix,DRV-0391
VEH-0096,44.2,,2024/10/12 21:42:00,UNKNOWN,DRV-0081
VEH-0002,5.5,144635.5,2024-10-19 04:57:00,n/a,DRV-0027
VEH-0015,22.7,,15/09/2024 20:31,Phoenix,DRV-0009
VEH-0178,59.6,115096.5,08-17-2024,n/a,DRV-0283
VEH-0047,19.6,17340.3,02-28-2024,Phoenix,DRV-0309
VEH-0151,8.5,12920.4 mi,08-13-2024,Houston,DRV-0087
VEH-0117,70.2,139912.2,2024/12/04 21:23:00,Houston,DRV-0074
VEH-0223,30.2,47075.6,16/06/2024 00:30,Chicago,DRV-0285
VEH-0222,87.0,129709.5,2024/02/21 20:35:00,Houston,DRV-0349
VEH-0165,127.2,N/A,2024/02/24 14:55:00,n/a,DRV-0251
VEH-0223,59.9,28733.2,2024/04/20 08:18:00,Los Angeles,DRV-0048
VEH-0143,28.5,146452.1,08-20-2024,Houston,DRV-0046
VEH-0131,34.8,223888.9,10-20-2024,,DRV-0145
VEH-0228,36.9,233231.2,01/07/2024 12:47,Phoenix,DRV-0237
VEH-0137,67.6,176657.5,05-26-2024,n/a,DRV-0391
VEH-0158,65.9,40733.6,2024-05-16 09:32:00,n/a,DRV-0270
VEH-0214,57.7,68636.1,03-10-2024,Phoenix,
VEH-0238,91.2,52665.5,2024-12-24 07:19:00,Chicago,DRV-0221
VEH-0168,97.8,26981.1,08-29-2024,Chicago,DRV-0162
VEH-0218,50.1,161431.3,24/02/2024 19:24,Phoenix,DRV-0237
VEH-0221,6.6,4788.9,17/01/2024 09:04,Los Angeles,DRV-0285
VEH-0093,75.7,56750.3,2024/06/07 10:35:00,New York,DRV-0189
VEH-0095,60.3,19928.8,2024/04/09 15:01:00,New York,DRV-0240
VEH-0067,82.4,36609.1,2024/07/12 10:13:00,Chicago,DRV-0293
VEH-0239,40.5,49593.1,27/09/2024 16:11,n/a,DRV-0229
VEH-0102,61.7,10083.5,2024-06-02 15:19:00,,DRV-0062
VEH-0010,73.2,201640.3,10-18-2024,New York,DRV-0090
VEH-0194,76.6,76023.7,12-15-2024,Houston,DRV-0228
VEH-0026,82.4,214257.3,2024/07/23 15:39:00,Los Angeles,DRV-0125
VEH-0113,71.6,104187.3,2024-11-24 23:54:00,,DRV-0081
VEH-0009,90.0,198047.8,06-16-2024,Chicago,DRV-0118
VEH-0217,54.7,57986.8,04-26-2024,Houston,DRV-0059
VEH-0162,87.7,228121.3,2024/07/26 04:47:00,Phoenix,DRV-0168
VEH-0244,54.2,192100.0,10-06-2024,Houston,DRV-0320
,145.8,,04-13-2024,Chicago,DRV-0346
VEH-0208,86.0,180703.6,2024-06-15 12:00:00,New York,DRV-0398
VEH-0199,64.6,233636.0,04/04/2024 03:42,Phoenix,DRV-0058
VEH-0236,61.4,132977.7,2024-07-24 14:45:00,Phoenix,DRV-0242
VEH-0164,41.9,228711.5,2024-02-05 09:07:00,Los Angeles,DRV-0011
VEH-0050,46.9,103704.9,09-15-2024,,DRV-0208
VEH-0193,58.2,187018.3,2024/01/08 17:21:00,,DRV-0220
VEH-0202,36.3,13067.2,2024/07/11 16:08:00,Phoenix,DRV-0157
VEH-0230,26.4,,2024/08/30 06:36:00,UNKNOWN,DRV-0120
VEH-0041,unknown,140169.6,2024/05/18 22:13:00,n/a,DRV-0214
VEH-0221,0.9,249455.2,12/06/2024 10:31,,DRV-0221
VEH-0212,87.9,60849.2,13/01/2024 16:47,Los Angeles,DRV-0315
VEH-0121,10.2,N/A,2024/01/28 16:38:00,Chicago,DRV-0356
VEH-0105,59.1,46534.0,11-28-2024,New York,DRV-0104
VEH-0155,71.8,215660.1,2024/06/24 16:53:00,,DRV-0327
VEH-0029,53.3,81083.4,2024/04/04 17:32:00,n/a,DRV-0377
VEH-0064,38.4,169911.8,2024/10/10 18:54:00,Houston,DRV-0217
VEH-0211,4.2,242122.2,2024/02/23 02:12:00,Los Angeles,DRV-0297
VEH-0222,49.3,82539.0,13/05/2024 11:57,n/a,DRV-0254
VEH-0096,80.3,-140469.2,2024-06-18 08:27:00,UNKNOWN,DRV-0039
VEH-0066,113.2,56221.7,11-01-2024,Los Angeles,DRV-0200
VEH-0084,18.6,121336.2,2024/02/08 21:21:00,Houston,DRV-0359
VEH-0152,58.8,46119.1,28/05/2024 19:40,Los Angeles,DRV-0240
VEH-0212,75.8,-70479.6,2024-06-11 08:00:00,Houston,DRV-0102
VEH-0179,13.5,240778.8,2024/05/19 22:57:00,n/a,DRV-0260
VEH-0035,60.9,242726.2,2024/03/31 01:42:00,Los Angeles,DRV-0161
VEH-0040,76.1,92931.0,04-16-2024,,DRV-0117
VEH-0132,85.8,229158.8,2024/08/15 01:32:00,Chicago,DRV-0055
VEH-0056,22.4,,2024-11-16 03:16:00,,
VEH-0162,88.0,162719.3,2024/01/03 05:45:00,Houston,DRV-0161
VEH-0216,62.7,N/A,24/04/2024 17:06,Los Angeles,DRV-0056
VEH-0003,9.7,180114.2,01-10-2024,n/a,DRV-0061
VEH-0134,69.2,247814.0,2024/07/02 08:39:00,Los Angeles,DRV-0063
VEH-0211,8.7,154266.6,2024-10-15 05:15:00,n/a,DRV-0260
VEH-0190,7.2,102407.2,22/06/2024 18:10,n/a,DRV-0086
VEH-0249,51.7,107606.9,2024-12-29 07:07:00,UNKNOWN,DRV-0152
VEH-0003,35.5,167304.8,20/11/2024 10:25,New York,DRV-0059
VEH-0050,,,2024/06/27 06:54:00,n/a,DRV-0126
VEH-0243,36.7,59267.6,06/10/2024 23:47,New York,DRV-0064
VEH-0047,25.8,14881.2,2024-01-23 21:38:00,n/a,DRV-0248
VEH-0101,41.8,127134.7,25/07/2024 18:30,,DRV-0186
VEH-0176,81.0,216768.1 mi,2024-03-03 03:51:00,,DRV-0379
VEH-0112,19.2,,12-26-2024,,DRV-0012
VEH-0105,18.6,187342.4,2024-10-09 19:41:00,New York,DRV-0005
VEH-0076,121.1,32520.2,15/05/2024 10:56,,DRV-0267
VEH-0192,7.9,,2024-03-03 15:14:00,n/a,DRV-0074
VEH-0043,98.0,56470.4,07/09/2024 16:38,Los Angeles,DRV-0145
VEH-0112,3.5,97977.6,2024-07-29 12:29:00,UNKNOWN,DRV-0035
VEH-0169,59.7,220223.8 mi,15/05/2024 19:06,New York,DRV-0206
VEH-0221,47.3,242048.4,01/06/2024 19:18,New York,DRV-0374
VEH-0056,19.9,234088.1,07-13-2024,n/a,DRV-0173
VEH-0157,88.7,102735.6 mi,25/11/2024 16:57,Houston,DRV-0331
VEH-0248,59.6,248933.6,03-13-2024,Houston,DRV-0390
VEH-0175,6.7,7047.8,2024-05-11 05:52:00,Phoenix,DRV-0235
VEH-0105,87.9,3252.6,2024-08-26 07:18:00,UNKNOWN,DRV-0155
VEH-0051,,105671.7,2024/03/16 01:57:00,n/a,DRV-0230
VEH-0059,34.3,-60476.4,2024-06-29 05:27:00,UNKNOWN,DRV-0030
VEH-0234,unknown,77590.5,17/12/2024 11:09,Houston,DRV-0248
VEH-0147,109.1,82553.8,2024/05/14 15:11:00,New York,DRV-0275
VEH-0076,92.9,82992.9,2024/11/25 01:59:00,UNKNOWN,DRV-0243
VEH-0240,22.1,67279.9,24/07/2024 13:42,n/a,DRV-0254
VEH-0007,unknown,173143.2,07-27-2024,UNKNOWN,DRV-0217
VEH-0104,48.9,166716.1,2024-12-04 02:09:00,Los Angeles,DRV-0354
VEH-0134,42.8,,19/08/2024 23:22,New York,DRV-0359
VEH-0202,71.0,237648.0,2024/08/31 19:09:00,n/a,DRV-0341
VEH-0034,76.1,237693.2,2024-03-02 20:01:00,Los Angeles,DRV-0361
VEH-0186,48.4,162025.5,07-19-2024,New York,DRV-0109
VEH-0052,89.5,29389.3,05-29-2024,Phoenix,DRV-0288
VEH-0233,39.8,243450.1,11-24-2024,,DRV-0158
VEH-0231,78.1,227549.0,2024-01-04 11:19:00,Phoenix,DRV-0364
VEH-0036,8.3,232126.9,2024/12/17 00:48:00,Los Angeles,DRV-0314
VEH-0162,7.5,28099.3,2024/02/29 22:50:00,Phoenix,DRV-0313
VEH-0117,19.1,9137.4,2024/12/14 05:56:00,Chicago,DRV-0357
VEH-XXXX,86.0,42202.5,2024/07/22 09:36:00,Los Angeles,DRV-0057
VEH-0107,unknown,17002.6,10-19-2024,Phoenix,DRV-0333
VEH-0196,46.9,83534.1,12-20-2024,Houston,DRV-0191
VEH-0151,75.7,166726.3,2024/05/22 02:44:00,Los Angeles,DRV-0154
VEH-0124,5.7,93480.3,2024/05/19 23:37:00,Chicago,DRV-0298
VEH-0006,89.4,229948.1,2024/04/12 21:26:00,,DRV-0044
VEH-0075,84.5,,2024/01/18 11:11:00,Los Angeles,DRV-0107
VEH-0166,16.7,30288.9,17/06/2024 01:06,Phoenix,DRV-0244
VEH-0047,67.6,98984.3,2024-09-17 05:02:00,New York,DRV-0214
VEH-0011,24.5,97323.9,07-18-2024,Chicago,DRV-0194
,49.5,120146.6,19/07/2024 22:42,Los Angeles,
VEH-0110,33.7,100565.1,11-03-2024,n/a,DRV-0308
VEH-0109,72.5,28147.6,06-28-2024,n/a,DRV-0165
VEH-0016,25.3,200923.4,05-07-2024,,DRV-0376
VEH-0166,3.9,67999.7,25/12/2024 01:34,Chicago,DRV-0149
VEH-0128,36.5%,218347.9,12/12/2024 21:44,Los Angeles,DRV-0183
VEH-0067,39.7,39079.2,2024/08/21 03:52:00,Los Angeles,DRV-0093
VEH-0179,16.0,N/A,22/08/2024 08:26,Houston,DRV-0128
VEH-0011,97.6,238666.6,2024/10/01 23:45:00,Phoenix,DRV-0008
VEH-0180,86.6,72359.9,2024/10/01 00:34:00,Houston,DRV-0314
VEH-0152,54.9,,09-24-2024,Los Angeles,DRV-0083
VEH-0204,66.1,80725.3,2024/03/06 14:39:00,Los Angeles,DRV-0088
VEH-0014,59.6,57502.2,01-24-2024,,DRV-0398
VEH-0084,77.0,115582.1,2024/08/29 23:08:00,Chicago,DRV-0180
VEH-0193,87.4,108067.8,2024-12-22 05:27:00,New York,DRV-0390
VEH-0074,80.5,211259.9,09-23-2024,UNKNOWN,DRV-0257
VEH-0014,unknown,207730.6,2024/07/14 17:01:00,Chicago,DRV-0252
VEH-0078,41.1,54424.9,2024/07/22 11:53:00,Los Angeles,DRV-0344
VEH-0047,unknown,66069.1,11-09-2024,UNKNOWN,DRV-0134
VEH-0103,98.5,166601.8,06-01-2024,UNKNOWN,DRV-0307
VEH-0117,90.8,178508.2,15/05/2024 20:17,Houston,DRV-0275
VEH-0142,49.8,210452.2,2024/07/24 17:57:00,Houston,DRV-0234
VEH-0049,76.6,110300.3,2024/09/05 15:54:00,Los Angeles,DRV-0074
VEH-0064,18.7,207811.5,2024/04/17 09:18:00,New York,DRV-0167
VEH-0111,69.0,97594.1,2024/01/17 16:18:00,Houston,DRV-0382
VEH-0088,35.5,141148.5,19/10/2024 15:32,n/a,DRV-0259
VEH-0154,41.7,,2024/06/01 08:27:00,UNKNOWN,DRV-0334
VEH-0057,,228784.7,2024/04/27 20:16:00,Phoenix,DRV-0206
VEH-0244,67.1,201357.5,25/06/2024 23:12,Chicago,
VEH-0089,85.7,175292.5,01/03/2024 09:57,,DRV-0262
VEH-0141,52.0,169273.4,2024/10/03 04:52:00,Chicago,DRV-0151
VEH-0138,9.6,155964.8,2024/08/04 12:02:00,Houston,DRV-0048
VEH-0040,26.7,127278.3,2024-03-03 20:58:00,Los Angeles,DRV-0155
  ,33.0,141058.0,2024/07/12 15:15:00,Houston,DRV-0224
VEH-0197,0.7,100870.2,2024-05-31 15:41:00,UNKNOWN,DRV-0241
VEH-0123,45.8,52220.7,30/08/2024 01:43,Los Angeles,DRV-0087
VEH-0053,9.0,240385.9,2024/07/08 11:32:00,UNKNOWN,DRV-0019
VEH-0060,94.7%,246500.3,2024-12-09 23:51:00,Chicago,
VEH-0226,11.4,86305.8,28/10/2024 23:41,New York,DRV-0213
VEH-0237,60.1,177018.1,20/09/2024 08:01,Los Angeles,DRV-0117
VEH-0176,24.3,180566.7,05-09-2024,Los Angeles,DRV-0288
VEH-0006,99.6,206353.9,17/11/2024 23:49,n/a,DRV-0040
VEH-0073,82.3,237450.0,09-18-2024,Phoenix,DRV-0255
VEH-0194,15.5,89048.5,22/10/2024 20:02,,DRV-0240
VEH-0005,60.4,-74731.5,2024-05-30 01:27:00,Houston,DRV-0370
VEH-0093,unknown,61238.4,15/10/2024 11:38,Los Angeles,
VEH-0223,66.4,-1265.4,12-07-2024,n/a,DRV-0204
VEH-0192,55.8,86750.6,2024-06-16 20:07:00,Chicago,DRV-0138
VEH-0092,28.0,141238.2 mi,2024/09/17 19:49:00,Phoenix,DRV-0314
VEH-0091,77.7,192730.5,2024/12/27 11:09:00,UNKNOWN,DRV-0313
VEH-0075,9.5,1697.0,2024-06-15 12:00:00,Chicago,DRV-0216
VEH-0076,67.8,151938.0,07-16-2024,n/a,DRV-0085
  ,,228321.7,12-04-2024,Houston,DRV-0198
VEH-0244,71.6,200013.6,2024/01/21 05:17:00,Houston,
VEH-0148,94.4,160433.6,07-09-2024,Phoenix,DRV-0187
VEH-0125,47.7,67668.7,2024/11/12 02:34:00,New York,DRV-0003
VEH-0108,61.9,115873.5,02-05-2024,Phoenix,DRV-0040
VEH-0135,unknown,31777.6,2024/11/17 21:49:00,Chicago,
VEH-0012,87.4,62417.2,01/06/2024 05:46,Chicago,DRV-0032
VEH-0250,96.6,3714.0,03/04/2024 03:16,n/a,DRV-0355
VEH-0204,26.8,,06-19-2024,Phoenix,DRV-0345
VEH-0072,90.0,-218472.5,05-23-2024,Los Angeles,DRV-0010
VEH-0002,3.6,233194.8,01/07/2024 08:25,Phoenix,DRV-0186
VEH-0184,47.5%,90878.6,2024/12/20 11:10:00,Phoenix,DRV-0179
VEH-0163,52.7%,232467.6,2024-05-19 00:21:00,Chicago,DRV-0135
VEH-0203,84.3%,161053.3,06-30-2024,Houston,DRV-0209
VEH-0140,78.4,155629.0,2024/09/14 17:43:00,Los Angeles,DRV-0032
VEH-0102,20.1,71832.6,2024/06/12 01:32:00,UNKNOWN,DRV-0240
VEH-0005,86.2,70865.3,2024-11-03 17:13:00,,DRV-0368
VEH-0029,81.9,-31153.6,2024-03-05 13:40:00,New York,DRV-0046
VEH-0196,77.4,150480.9,2024-04-12 06:29:00,UNKNOWN,
VEH-0021,42.6,137036.3,2024/09/17 22:52:00,New York,DRV-0140
VEH-0196,34.6,155228.9,10-26-2024,UNKNOWN,DRV-0327
VEH-0086,3.1,217549.2,2024-07-07 21:37:00,New York,DRV-0273
VEH-0034,74.5,94739.0,2024/01/13 16:57:00,Los Angeles,DRV-0069
VEH-0181,10.4,36378.9,2024/04/17 06:17:00,Houston,DRV-0202
VEH-0222,72.5,27898.2,2024-03-31 11:40:00,Phoenix,DRV-0133
VEH-0236,21.1,188117.1,2024/11/14 13:25:00,,DRV-0041
VEH-0004,0.6,1916.0,08-07-2024,Los Angeles,DRV-0333
VEH-0153,17.8,59842.5,2024-07-14 11:09:00,Los Angeles,DRV-0076
VEH-0022,36.7,93338.3,2024-02-29 17:40:00,New York,DRV-0111
VEH-0065,14.0,80520.1,2024-06-17 13:50:00,Los Angeles,DRV-0249
VEH-0136,31.2,76559.8,2024/08/07 11:11:00,Phoenix,DRV-0101
VEH-0056,90.3,24636.7,2024-01-31 14:34:00,Los Angeles,DRV-0146
VEH-0035,,141828.1,2024/02/19 16:22:00,New York,DRV-0196
VEH-0236,27.4,78710.3,2024/10/13 05:19:00,Los Angeles,DRV-0400
VEH-0039,36.9%,33879.2,2024/04/08 16:08:00,,DRV-0135
VEH-0014,68.3,165558.0,02/01/2024 16:11,,DRV-0337
VEH-0241,92.7,123029.1,2024/09/06 19:31:00,Houston,DRV-0179
VEH-0128,12.7,N/A,25/04/2024 08:09,,
VEH-0008,69.7,94010.4,09/12/2024 03:56,Los Angeles,DRV-0080
VEH-0153,73.0,159389.4,2024/08/16 09:54:00,Los Angeles,DRV-0296
VEH-0170,4.5,13511.9,10-05-2024,New York,DRV-0201
VEH-0232,81.3,9718.4,2024-03-10 00:24:00,Los Angeles,DRV-0354
VEH-0035,56.9,220427.2,2024-02-05 08:39:00,,DRV-0136
VEH-0183,68.9,200146.7,12-03-2024,Los Angeles,DRV-0091
VEH-0210,40.9,6346.6,12-10-2024,UNKNOWN,DRV-0389
VEH-0153,9.0,208825.6,2024/10/03 23:35:00,UNKNOWN,DRV-0302
VEH-0060,41.5,105548.1,04/09/2024 20:34,Los Angeles,DRV-0277
VEH-0100,unknown,118976.6,2024-01-27 18:37:00,Los Angeles,DRV-0232
VEH-0132,60.3,78000.3,2024-05-21 13:59:00,Los Angeles,DRV-0179
VEH-0217,93.1%,214603.2,18/07/2024 20:22,Phoenix,DRV-0048
VEH-0014,16.9,31533.9 mi,2024-07-07 13:56:00,UNKNOWN,DRV-0380
VEH-0238,81.3,147107.8,2024-11-03 13:53:00,Los Angeles,DRV-0241
VEH-0249,72.4,144596.7,2024/02/10 17:22:00,n/a,DRV-0058
VEH-0026,45.2,33378.9,2024-10-08 07:41:00,New York,DRV-0263
VEH-0194,40.7,58068.3,11-02-2024,New York,DRV-0043
VEH-0166,4.1,,10/11/2024 22:04,n/a,DRV-0051
VEH-0236,33.8,,2024/04/14 07:30:00,Los Angeles,DRV-0325
VEH-0196,55.4,112645.6,06-24-2024,Los Angeles,DRV-0270
VEH-XXXX,60.3,167053.2 mi,2024/08/20 18:49:00,Chicago,DRV-0028
VEH-0197,32.9,173344.4,2024-11-08 15:39:00,n/a,DRV-0193
VEH-0078,24.3,137642.7,2024/08/04 23:02:00,,DRV-0089
VEH-0182,9.3,147050.6,2024/12/04 01:16:00,UNKNOWN,DRV-0281
VEH-0197,38.0,215833.4,05-01-2024,n/a,DRV-0351
VEH-0099,49.7,210736.4,2024/07/08 10:56:00,Phoenix,DRV-0082
VEH-0105,34.8,155058.7,13/01/2024 08:53,n/a,DRV-0022
VEH-0031,86.2,235546.4,05-05-2024,Los Angeles,DRV-0385
VEH-0041,51.6,38437.3,2024-07-15 20:26:00,Phoenix,DRV-0004
VEH-0107,23.2,177225.0,06/06/2024 16:28,UNKNOWN,DRV-0269
VEH-0014,64.9,159361.3,06/12/2024 08:17,New York,DRV-0224
VEH-0163,41.1,122411.0,2024-06-27 03:25:00,Los Angeles,DRV-0140
VEH-0160,65.0,201103.5,2024/03/30 18:47:00,UNKNOWN,DRV-0264
VEH-0089,58.1,232190.9,2024/06/30 05:58:00,n/a,DRV-0161
VEH-0072,31.3,204967.0,10/08/2024 06:19,UNKNOWN,DRV-0286
VEH-0041,68.7,-130020.7,2024-02-12 11:14:00,Houston,DRV-0355
VEH-0211,59.4,148402.6,2024/09/01 22:52:00,UNKNOWN,DRV-0198
VEH-0122,3.6,43805.4,2024/06/05 13:17:00,Phoenix,DRV-0298
VEH-0246,72.5,143571.9,2024/06/22 17:36:00,New York,DRV-0140
VEH-0044,80.7,214505.8,2024-05-22 12:19:00,,DRV-0390
VEH-0003,6.5,116431.4,2024/07/20 18:34:00,Los Angeles,DRV-0316
VEH-0241,,178261.5,2024/03/15 15:40:00,UNKNOWN,DRV-0145
VEH-0183,35.8%,28389.4,03/10/2024 16:58,,DRV-0055
VEH-0229,13.1,191539.3,30/12/2024 13:01,Los Angeles,DRV-0161
VEH-0089,21.1,78295.5,01-18-2024,Chicago,DRV-0252
VEH-0039,72.0,26863.3,09/09/2024 11:18,,DRV-0027
VEH-0247,99.9,58851.8,03-22-2024,Houston,DRV-0152
VEH-0096,23.7,81349.9,27/10/2024 01:07,Chicago,DRV-0313
VEH-0133,92.3,172319.8,02-21-2024,,DRV-0262
VEH-0248,30.6,138783.4,2024-06-15 12:00:00,New York,DRV-0038
VEH-0250,58.9,133029.5,2024-01-30 11:37:00,New York,DRV-0007
VEH-0127,3.8,225440.5,03-24-2024,New York,DRV-0284
VEH-0175,69.5,192371.3,2024/01/13 21:46:00,Phoenix,DRV-0215
VEH-0099,9.8,239180.1,2024/07/27 20:36:00,Houston,DRV-0369
,,113354.1,2024-03-08 08:48:00,Los Angeles,DRV-0316
VEH-0043,16.0,196831.5,2024-12-22 02:22:00,Houston,DRV-0325
VEH-0030,24.8,247003.5,11/02/2024 12:29,Houston,DRV-0216
VEH-0205,83.4,203667.8,2024-02-03 08:16:00,Phoenix,DRV-0077
VEH-0189,24.7,-117740.1,03/02/2024 14:00,Houston,DRV-0315
  ,4.3,87119.5,2024/02/09 06:24:00,Houston,DRV-0063
VEH-0161,11.1,,2024-02-02 10:08:00,Phoenix,DRV-0213
VEH-0021,17.6,58845.8,2024/03/03 22:07:00,Los Angeles,DRV-0070
VEH-0080,23.4,120162.0,05-29-2024,Phoenix,DRV-0023
VEH-0081,40.5,56301.8,19/01/2024 20:50,n/a,DRV-0247
VEH-0189,61.0,208743.4,2024/04/01 07:05:00,Phoenix,DRV-0124
VEH-0232,65.7,81297.5,28/11/2024 04:24,Los Angeles,DRV-0055
VEH-0151,unknown,6106.7,10/08/2024 01:07,n/a,DRV-0195
VEH-0142,72.3,51126.1,06/12/2024 23:42,,
VEH-0087,84.6,199770.5,2024-11-24 03:18:00,Los Angeles,DRV-0378
VEH-0151,73.6,,2024-01-16 10:43:00,Phoenix,DRV-0220
VEH-0075,121.5,95784.6,2024/03/06 22:32:00,n/a,DRV-0340
VEH-0222,7.2,,2024-02-02 01:28:00,n/a,DRV-0024
VEH-0164,15.6,187949.5,2024/07/23 07:16:00,UNKNOWN,DRV-0361
VEH-0172,88.3,164761.4,08/08/2024 07:22,UNKNOWN,DRV-0187
VEH-0046,60.5,55121.9,01-06-2024,Phoenix,DRV-0175
VEH-0167,19.4%,,2024/05/06 10:29:00,New York,
VEH-0126,23.1,11645.0,2024-10-31 18:56:00,Los Angeles,DRV-0329
VEH-0015,37.6,189077.5,2024-06-15 12:00:00,UNKNOWN,DRV-0143
VEH-0066,84.0,47135.2,10-16-2024,Phoenix,DRV-0292
VEH-0197,0.0,104141.5,2024/12/05 02:57:00,Chicago,DRV-0038
VEH-0171,31.9,112135.6,08-18-2024,Chicago,DRV-0371
VEH-0004,85.2,137976.7,02/03/2024 16:13,Chicago,DRV-0087
VEH-0106,,151607.3,2024/10/04 14:29:00,Chicago,DRV-0019
VEH-0094,94.1,,06/11/2024 20:03,UNKNOWN,DRV-0178
VEH-0223,12.7,216648.9,2024-07-06 09:08:00,Chicago,DRV-0015
VEH-0133,68.3,60482.9,11-06-2024,n/a,DRV-0388
VEH-0216,64.1,103481.5,05-06-2024,Phoenix,DRV-0132
VEH-0191,82.9,197323.2,2024/08/06 15:11:00,n/a,DRV-0382
VEH-0196,14.7,243269.2,2024-02-19 22:41:00,Chicago,DRV-0002
VEH-0075,0.0,178034.3,2024-03-02 22:23:00,UNKNOWN,DRV-0385
VEH-0067,52.4,167681.8,02/04/2024 13:50,Phoenix,DRV-0053
VEH-0058,18.0,144518.0,15/06/2024 02:36,n/a,DRV-0274
VEH-0070,55.7,N/A,2024/06/28 06:32:00,Houston,DRV-0313
VEH-0200,81.8,,04-30-2024,Phoenix,DRV-0254
VEH-0071,16.5,498.0,2024/02/12 23:28:00,Houston,DRV-0002
VEH-0110,13.3,172910.9,2024/02/18 08:18:00,Houston,DRV-0314
VEH-0005,37.7,200460.0,03/09/2024 18:20,UNKNOWN,DRV-0046
VEH-0206,,,01/02/2024 13:21,UNKNOWN,DRV-0158
VEH-0144,81.4,171182.8,08-30-2024,New York,DRV-0098
VEH-0062,24.3,231758.6 mi,11/01/2024 04:23,Houston,DRV-0088
VEH-0124,97.3,90015.0,2024-03-16 15:31:00,UNKNOWN,DRV-0040
VEH-0072,12.6,49104.8,2024-12-10 14:21:00,UNKNOWN,DRV-0330
VEH-0058,18.2,215446.4,2024-06-20 02:55:00,UNKNOWN,DRV-0294
VEH-0030,29.1,153545.9,11-21-2024,New York,DRV-0184
VEH-0132,17.1,56709.3,2024/12/29 20:50:00,,DRV-0290
VEH-0094,114.1,3777.7,2024-06-15 12:00:00,,DRV-0031
VEH-0208,96.3,208995.0,02/03/2024 09:45,New York,DRV-0225
VEH-0221,88.9,N/A,11-14-2024,n/a,DRV-0152
VEH-0103,20.4,38937.9,2024-09-03 10:50:00,n/a,DRV-0217
VEH-0245,48.4,30811.9,2024/10/24 15:46:00,Phoenix,DRV-0151
VEH-0024,13.9,73036.2,21/04/2024 07:05,,DRV-0198
VEH-0051,1.3,135074.9,2024/11/28 19:25:00,Chicago,
VEH-0162,84.8,91914.5,2024/11/28 07:07:00,New York,DRV-0022
VEH-0118,97.6,160243.0,12-20-2024,n/a,DRV-0354
VEH-0153,unknown,136644.3,15/10/2024 12:21,Chicago,DRV-0049
VEH-0121,75.5,31928.4,2024-11-13 19:09:00,UNKNOWN,DRV-0183
VEH-0028,74.3,180832.6,2024/05/16 19:15:00,New York,DRV-0278
VEH-0052,49.0,64423.9,2024/09/20 14:42:00,Los Angeles,DRV-0086
VEH-0214,61.6,118581.4,2024/03/28 00:42:00,Houston,
VEH-0109,67.3,222820.7,2024/05/15 23:05:00,,DRV-0031
VEH-0240,54.2,147586.9,02/03/2024 17:16,Los Angeles,DRV-0266
VEH-0067,0.1,67988.6 mi,06-02-2024,Los Angeles,DRV-0318
VEH-0114,76.5,43709.7,23/11/2024 07:51,Houston,DRV-0201
VEH-0144,1.6,233464.7,2024/11/02 04:11:00,UNKNOWN,DRV-0134
VEH-0187,14.7,152913.9,2024/09/24 03:51:00,Los Angeles,DRV-0308
VEH-0186,71.1,12991.5,2024/11/23 14:00:00,New York,DRV-0054
VEH-0173,35.5,198549.3,17/10/2024 19:00,,
VEH-0063,114.7,182775.7 mi,07-11-2024,,DRV-0050
VEH-0005,94.1,-219079.9,02/09/2024 15:00,New York,DRV-0082
VEH-0194,48.3,246724.0,2024-06-02 22:44:00,,DRV-0023
VEH-0011,78.6,29584.0,2024-07-29 01:07:00,Houston,DRV-0170
  ,50.1,198628.9,07/09/2024 12:45,,DRV-0017
VEH-0036,126.4,35081.1,2024/01/18 05:48:00,UNKNOWN,DRV-0358
VEH-0036,149.2,59795.0,2024-10-29 17:45:00,Houston,DRV-0243
VEH-0150,8.3,155000.3,21/08/2024 15:45,Chicago,DRV-0315
VEH-0229,89.8,51284.9,03-08-2024,n/a,DRV-0206
VEH-0126,unknown,69253.1,02-22-2024,Chicago,DRV-0311
VEH-0152,13.4,233848.6,2024-06-19 16:44:00,Houston,DRV-0155
VEH-0245,56.0,214483.7,10/05/2024 11:14,New York,DRV-0383
VEH-0114,67.7,16023.7,2024-06-15 12:00:00,New York,DRV-0073
VEH-0010,72.9,232978.2,2024/09/26 00:16:00,New York,DRV-0211
VEH-0061,73.7,118985.6,05-21-2024,UNKNOWN,DRV-0300
VEH-0130,88.9,211306.4,2024-05-03 05:49:00,Los Angeles,DRV-0142
VEH-0055,1.8,139261.9,12-27-2024,Los Angeles,DRV-0002
VEH-0238,66.5,130766.4,2024/05/07 16:29:00,Phoenix,DRV-0151
VEH-0019,,49817.6,2024/12/12 22:11:00,Phoenix,DRV-0199
VEH-0231,91.1,138524.8,2024-08-06 22:27:00,Chicago,DRV-0350
VEH-0093,69.2,15572.9,2024-01-08 05:51:00,Los Angeles,DRV-0206
VEH-0046,72.2,221548.9,2024/11/29 09:07:00,Chicago,DRV-0049
VEH-0045,31.4,172764.0,15/06/2024 02:31,n/a,DRV-0309
VEH-0118,2.6,94115.8,03/05/2024 06:07,UNKNOWN,DRV-0278
VEH-0058,56.2,178688.3,2024/03/18 08:09:00,n/a,DRV-0331
VEH-0236,1.4,75804.9,09-26-2024,Phoenix,DRV-0359
VEH-0169,74.2,96610.8,2024/11/22 11:02:00,UNKNOWN,DRV-0008
VEH-0162,,150129.2,22/10/2024 00:14,New York,DRV-0279
VEH-0104,2.4,-145356.2,2024-07-22 06:28:00,Chicago,DRV-0299
VEH-0027,2.3,107544.0,2024/05/24 08:33:00,Los Angeles,DRV-0312
VEH-0097,39.7,185886.1,10-27-2024,Los Angeles,DRV-0384
VEH-0031,97.8,45223.0,01-18-2024,UNKNOWN,DRV-0140
VEH-0079,61.3,65417.8,2024/06/29 12:28:00,Los Angeles,DRV-0281
VEH-0158,26.5,233398.3,2024-12-01 03:49:00,Chicago,DRV-0082
VEH-0044,3.2,153077.8,12/12/2024 12:10,,DRV-0377
VEH-0120,44.8,121975.0,2024-09-01 01:11:00,Los Angeles,DRV-0277
VEH-0138,19.9,104583.5 mi,12-12-2024,Los Angeles,DRV-0310
VEH-0092,35.5,,2024-03-16 07:43:00,Phoenix,DRV-0041
VEH-0088,48.8,163056.1,2024-12-12 18:32:00,Phoenix,DRV-0280
VEH-0041,52.5,50748.4,2024/03/20 17:54:00,Phoenix,DRV-0344
VEH-0047,71.2,144990.5,2024-12-27 13:31:00,Chicago,DRV-0246
VEH-0165,61.2,93364.5,2024-03-04 10:49:00,n/a,DRV-0197
VEH-0195,97.1,43928.8,11-17-2024,Houston,DRV-0213
VEH-0216,92.1,242104.8,2024/06/09 14:31:00,UNKNOWN,DRV-0196
VEH-0234,83.3,113567.7,2024/11/09 05:40:00,,DRV-0074
VEH-0118,49.2,42947.3,12-12-2024,New York,DRV-0047
VEH-0239,15.4,198429.4,2024/08/09 17:11:00,Houston,DRV-0246
VEH-0009,58.0,166759.2,08-16-2024,n/a,DRV-0022
VEH-0206,75.4,144472.8,2024/01/12 11:39:00,Phoenix,DRV-0085
  ,89.6,227293.8,2024/03/26 17:14:00,,DRV-0016
VEH-0203,39.8%,79228.3,20/01/2024 21:28,Houston,DRV-0231
VEH-0134,77.1,210359.9,07-29-2024,Chicago,DRV-0054
VEH-0232,53.0,72496.8,04-22-2024,,DRV-0241
VEH-0184,17.5,73983.0,2024/04/29 12:01:00,Los Angeles,DRV-0057
VEH-0163,,36673.8,04/08/2024 21:30,New York,DRV-0322
VEH-0173,38.8,200884.4,2024-11-10 08:42:00,Phoenix,DRV-0171
VEH-0024,36.8,25155.0,2024-02-12 10:30:00,Houston,DRV-0213
VEH-0203,75.6,114630.8,2024/01/07 01:39:00,Chicago,DRV-0077
VEH-0212,68.4,132893.0,28/06/2024 14:04,Phoenix,DRV-0114
VEH-0022,33.7,33603.7,2024-02-24 14:29:00,Los Angeles,DRV-0331
VEH-0064,20.2,78456.7,20/09/2024 09:33,Phoenix,DRV-0386
VEH-0226,57.7,161930.0,2024-02-09 07:15:00,n/a,DRV-0098
VEH-0069,46.8,154847.5,2024/02/17 03:45:00,New York,DRV-0174
VEH-0245,10.3,98182.7,2024/05/18 07:32:00,UNKNOWN,DRV-0082
VEH-0216,72.7,140518.2,05-24-2024,Chicago,DRV-0272
VEH-0185,26.0,182705.2,30/03/2024 15:17,UNKNOWN,DRV-0355
VEH-0174,19.7,143880.1,02-02-2024,Phoenix,DRV-0353
  ,23.2,45304.5,2024-06-28 11:04:00,New York,DRV-0052
VEH-0204,99.3,31795.6,2024-07-23 06:24:00,Chicago,DRV-0360
VEH-0142,83.9,112042.7,2024/05/18 21:08:00,Houston,DRV-0321
VEH-0030,65.9,99513.7,27/10/2024 21:32,UNKNOWN,DRV-0311
VEH-0001,81.8,232480.4,2024-08-15 16:08:00,Phoenix,DRV-0161
VEH-0016,1.6,182194.5,16/12/2024 10:17,UNKNOWN,DRV-0231
VEH-0132,8.6,203596.7,02-14-2024,Phoenix,DRV-0131
VEH-0130,36.6,13234.0,19/01/2024 00:10,New York,DRV-0133
VEH-0212,11.6,,2024-08-11 06:33:00,Los Angeles,DRV-0058
VEH-0182,10.0,230488.9,2024-01-18 01:31:00,Phoenix,DRV-0305
VEH-0249,unknown,100053.1,2024-10-16 04:22:00,Houston,DRV-0023
VEH-0173,89.0,,03/11/2024 02:23,Chicago,DRV-0265
VEH-0056,63.4,,11-27-2024,Phoenix,DRV-0152
VEH-0186,25.0,104262.2,12-23-2024,Los Angeles,DRV-0224
VEH-0173,21.8,169259.5,2024-08-10 11:50:00,Los Angeles,DRV-0081
VEH-0149,52.4,201524.2,2024-09-15 01:21:00,Los Angeles,
VEH-0013,,48004.0,20/07/2024 22:41,Houston,DRV-0050
VEH-0181,34.9,181488.9,09/12/2024 20:38,UNKNOWN,DRV-0197
VEH-0087,59.3,88731.2,11-25-2024,Phoenix,DRV-0362
VEH-0048,112.8,218576.8,2024/01/21 14:53:00,n/a,DRV-0272
VEH-0092,unknown,206427.7,22/05/2024 22:02,n/a,DRV-0173
VEH-0102,81.1,100089.2,2024/04/27 13:48:00,,DRV-0082
  ,136.7,194111.9,03-21-2024,Houston,DRV-0123
VEH-0096,60.7%,157826.9,11-23-2024,New York,DRV-0330
VEH-0234,107.8,142301.6,05/12/2024 23:00,Houston,DRV-0213
VEH-0057,86.7,144668.9,2024-01-25 18:55:00,Los Angeles,DRV-0305
VEH-0193,43.0,68676.3,2024/09/14 13:51:00,Chicago,DRV-0087
VEH-0235,94.3,91270.9,20/12/2024 10:48,UNKNOWN,DRV-0143
VEH-0110,99.1,136120.6,2024-10-18 19:36:00,Chicago,DRV-0154
VEH-0027,47.4,199894.7,2024/12/03 19:33:00,Chicago,DRV-0034
VEH-0079,15.9,237318.3,27/06/2024 02:29,Phoenix,DRV-0231
VEH-0068,12.5,32445.7,06-09-2024,New York,DRV-0073
VEH-0003,unknown,99665.8,2024/11/10 10:02:00,UNKNOWN,DRV-0306
VEH-0156,11.3,152366.9,2024-03-02 18:01:00,,DRV-0394
VEH-0233,49.2,143193.1,2024/03/22 05:21:00,Chicago,DRV-0043
VEH-0108,91.1,1511.8,2024/09/12 15:36:00,Chicago,DRV-0142
VEH-0115,6.8,180895.2,2024-11-24 20:46:00,n/a,DRV-0375
VEH-0243,96.3%,N/A,2024-09-27 17:42:00,Chicago,DRV-0056
VEH-0090,82.2,176560.6,07-18-2024,Los Angeles,DRV-0279
VEH-0242,54.6,N/A,13/08/2024 07:15,UNKNOWN,DRV-0242
VEH-0155,17.5,213934.3,11/07/2024 06:24,,DRV-0151
VEH-0023,57.1,83106.7,2024-01-09 08:00:00,,DRV-0356
VEH-0041,51.7,231088.6,09-22-2024,Los Angeles,DRV-0222
VEH-0241,5.2,63364.3,10-15-2024,,DRV-0077
VEH-0017,67.7,90851.0,2024-06-15 12:00:00,New York,DRV-0311
VEH-0039,8.6,234141.4,2024/08/14 02:08:00,Los Angeles,DRV-0365
VEH-0169,104.1,96805.8,2024-06-15 12:00:00,New York,DRV-0230
VEH-0056,,14053.5,2024-03-07 08:48:00,,
VEH-0180,18.7,8117.7,02-18-2024,UNKNOWN,DRV-0092
VEH-0027,70.4,118543.5,03-31-2024,Los Angeles,DRV-0140
VEH-0024,95.0,237651.8,24/06/2024 07:02,n/a,DRV-0145
VEH-0167,92.8,207094.5,15/12/2024 15:25,Los Angeles,DRV-0082
VEH-0134,75.9,112435.0,2024/12/19 20:10:00,n/a,DRV-0173
VEH-0030,3.4,159740.8,2024-02-24 08:33:00,UNKNOWN,DRV-0231
VEH-0067,85.1,-50382.1,2024-11-20 03:59:00,,
VEH-0105,53.6,,09/07/2024 15:16,UNKNOWN,DRV-0190
VEH-0140,11.5,101702.3,2024/01/17 22:06:00,Los Angeles,DRV-0306
VEH-0114,,128107.1,2024/01/15 12:49:00,Chicago,DRV-0112
VEH-0022,12.0,200664.1,2024-07-09 13:23:00,UNKNOWN,
VEH-0058,,169625.0,2024-01-26 07:25:00,Los Angeles,DRV-0314
VEH-0220,71.6,-67735.7,02/04/2024 10:42,Los Angeles,DRV-0038
VEH-0082,51.1,11713.0,2024-01-26 22:47:00,Houston,DRV-0193
,78.8,62750.3,12/06/2024 08:06,Phoenix,DRV-0374
VEH-0127,3.0,210953.2,05-05-2024,UNKNOWN,DRV-0003
VEH-0004,65.0,25858.5,2024-01-02 12:55:00,Los Angeles,DRV-0198
VEH-0024,2.5,26972.9,14/08/2024 00:58,Houston,DRV-0024
VEH-0029,94.8,18079.1,08-25-2024,,DRV-0219
VEH-0008,unknown,3737.5,05-03-2024,UNKNOWN,DRV-0324
VEH-0157,95.8,22753.0,11/06/2024 00:28,Houston,DRV-0158
VEH-0088,75.6,198533.6,2024/12/02 17:43:00,Chicago,DRV-0193
VEH-0176,23.2,224893.6,01-25-2024,New York,DRV-0054
VEH-0090,7.7,42471.8,2024-03-07 17:29:00,UNKNOWN,DRV-0096
VEH-0107,41.2,8903.0 mi,2024/11/02 19:56:00,Phoenix,DRV-0290
VEH-0046,96.0,130364.9,2024/10/19 02:01:00,n/a,DRV-0215
VEH-0188,91.0,67407.5,2024-01-10 08:32:00,Phoenix,DRV-0181
VEH-0095,49.9,18053.3,12-27-2024,New York,DRV-0278
VEH-0134,44.1,214237.5,2024-02-05 21:50:00,New York,DRV-0105
VEH-0181,38.7,161805.6,15/09/2024 11:04,n/a,DRV-0189
VEH-0172,51.7,29266.1,12-08-2024,Los Angeles,DRV-0260
VEH-0038,19.2,12516.1,13/03/2024 07:22,n/a,DRV-0213
VEH-0018,95.4,28918.8,03-16-2024,n/a,DRV-0014
VEH-0047,unknown,368.5,29/01/2024 17:29,n/a,DRV-0168
VEH-0086,84.4,109511.0 mi,2024/12/21 07:06:00,Chicago,DRV-0127
VEH-0088,69.1,174284.0,12-07-2024,n/a,DRV-0168
VEH-0101,55.6%,81744.4,2024/06/21 12:04:00,UNKNOWN,DRV-0317
VEH-0191,49.8,82382.6,2024/05/01 21:24:00,,DRV-0025
VEH-0046,97.6,94064.8,2024-06-08 01:01:00,Phoenix,DRV-0057
VEH-0242,24.5,179390.3,2024/04/11 00:06:00,,DRV-0399
VEH-0180,29.7,231099.0,2024/03/08 17:27:00,n/a,DRV-0092
VEH-0185,5.3,-113691.1,2024-05-22 23:11:00,,DRV-0113
VEH-0232,79.2,,09-14-2024,New York,DRV-0086
VEH-0206,66.9,199663.9,10-01-2024,Los Angeles,DRV-0161
VEH-0221,42.4,-77331.1,14/09/2024 06:35,Phoenix,DRV-0285
VEH-0232,36.8,N/A,05-29-2024,,DRV-0341
VEH-0069,88.0,221938.4,01-16-2024,Houston,DRV-0269
VEH-0176,50.8,132146.1,10-11-2024,Houston,DRV-0398
VEH-0248,59.5,66158.8,2024-10-13 05:35:00,Los Angeles,DRV-0131
VEH-0160,29.8%,74516.6,2024/10/05 13:55:00,Los Angeles,DRV-0111
VEH-0110,19.1,192191.0,01-18-2024,UNKNOWN,DRV-0171
VEH-0171,85.1,140305.7,01-26-2024,Phoenix,DRV-0353
VEH-0033,42.5,226959.6,23/10/2024 00:39,Houston,DRV-0148
VEH-0028,15.9,152556.3,07/09/2024 18:42,Phoenix,DRV-0384
VEH-0043,14.3,214472.3,09-10-2024,Los Angeles,DRV-0061
VEH-0098,13.4,238326.8,22/04/2024 01:42,Phoenix,DRV-0134
VEH-0084,86.9,-142079.8,28/11/2024 16:57,New York,DRV-0208
VEH-0052,73.6,139211.1,12-22-2024,Chicago,DRV-0052
VEH-0158,33.4,6435.6,2024-11-23 12:43:00,,DRV-0222
VEH-0199,98.6,183072.6,11-17-2024,Chicago,DRV-0221
VEH-0189,,71296.6,2024-04-30 21:05:00,n/a,DRV-0207
VEH-0103,89.1,112259.4,12/04/2024 10:01,Chicago,DRV-0143
VEH-0028,,158501.4,08/10/2024 10:58,,DRV-0364
VEH-0241,5.7%,27635.8,02-03-2024,UNKNOWN,DRV-0204
VEH-0121,95.8,135278.5,2024/10/08 13:21:00,Los Angeles,DRV-0144
VEH-0171,unknown,248039.5,2024/05/25 13:00:00,UNKNOWN,DRV-0244
VEH-0107,14.1,179158.0,2024-09-21 16:25:00,Phoenix,DRV-0232
VEH-XXXX,23.9,70321.1,02/02/2024 15:53,Houston,DRV-0143
VEH-0053,3.7,205650.1,04-09-2024,Phoenix,DRV-0004
VEH-0115,34.1,229317.0,2024-12-23 17:16:00,UNKNOWN,DRV-0397
VEH-0244,61.0,122044.4,04-12-2024,,DRV-0026
VEH-0199,11.2,99463.9,27/06/2024 11:54,New York,DRV-0013
VEH-0040,unknown,200384.3,09-29-2024,Phoenix,DRV-0074
VEH-0134,25.3,-207411.0,25/12/2024 17:06,n/a,DRV-0383
VEH-0184,unknown,202776.1,2024/12/13 19:03:00,Houston,DRV-0233
VEH-0044,12.9,83779.7,18/11/2024 00:10,UNKNOWN,DRV-0120
VEH-0133,82.7,131183.9,29/08/2024 10:16,UNKNOWN,DRV-0357
VEH-0231,31.1,169280.2,2024/12/11 14:14:00,n/a,
VEH-XXXX,45.0,-173227.2,2024/11/02 23:58:00,New York,DRV-0181
VEH-0026,65.7,60099.7,2024-07-16 16:20:00,New York,DRV-0268
VEH-0177,43.9,152636.7,2024/08/15 13:58:00,Phoenix,DRV-0296
VEH-0012,51.7%,21053.3,2024/04/20 05:46:00,New York,
VEH-0176,5.4,35124.8,2024/09/14 21:36:00,,
VEH-0140,76.1,40017.9,08-27-2024,Phoenix,DRV-0394
VEH-0197,27.0,206262.4,22/06/2024 16:47,Los Angeles,
,94.8,31592.5,08/12/2024 12:34,UNKNOWN,DRV-0343
VEH-0191,44.7,63536.8,24/09/2024 23:17,Los Angeles,DRV-0263
VEH-0162,6.9,129764.9,2024-10-22 20:24:00,Phoenix,DRV-0400
VEH-0230,69.0,120459.3 mi,2024-03-16 19:08:00,Phoenix,DRV-0041
VEH-0179,90.8,201093.6,16/02/2024 14:31,Phoenix,DRV-0128
VEH-0208,79.4%,-116212.5,08-25-2024,n/a,DRV-0282
VEH-0236,34.8,128497.4,01-27-2024,Los Angeles,DRV-0128
VEH-0015,,228774.6,11-07-2024,Phoenix,DRV-0366
VEH-0070,12.6,132383.4,12-21-2024,Los Angeles,DRV-0169
VEH-0075,111.5,N/A,2024/05/08 06:24:00,n/a,DRV-0134
VEH-0043,83.5,,2024-02-26 15:26:00,Chicago,DRV-0226
VEH-0199,76.2,126278.9,2024-09-07 01:14:00,Los Angeles,DRV-0034
VEH-0198,87.1,200918.0,2024/10/03 23:38:00,New York,DRV-0153
VEH-0110,85.5,N/A,2024/03/01 16:01:00,New York,DRV-0351
VEH-0130,14.2,30346.2,10-29-2024,Houston,DRV-0386
VEH-0021,62.1,179679.5,18/10/2024 22:59,Houston,DRV-0317
VEH-0061,17.7,,2024/09/25 15:11:00,Chicago,DRV-0045
VEH-0061,34.5,229371.5,2024/01/02 03:48:00,Los Angeles,DRV-0071
VEH-XXXX,13.2,176260.2,2024-02-04 09:38:00,Houston,DRV-0177
VEH-0082,29.2,173745.5,17/07/2024 12:58,Chicago,DRV-0008
VEH-0016,48.9,128144.1,2024/10/30 14:06:00,Houston,DRV-0256
VEH-0170,27.0,210678.0,2024-08-20 05:17:00,n/a,DRV-0361
VEH-0067,28.0,192373.2,10-13-2024,n/a,DRV-0120
VEH-0148,52.3,13658.6,2024-11-10 20:41:00,,DRV-0004
VEH-0059,61.0,234777.2,18/12/2024 12:11,n/a,DRV-0243
VEH-0043,2.0,80519.8,2024/04/20 05:27:00,UNKNOWN,DRV-0045
VEH-0190,54.4,177330.2,2024-09-22 20:01:00,Chicago,
VEH-0012,117.8,202494.7,2024-01-16 19:04:00,Phoenix,DRV-0001
VEH-0153,,N/A,27/11/2024 02:08,Houston,DRV-0076
VEH-0127,90.6,,04/11/2024 17:39,UNKNOWN,DRV-0351
VEH-0105,23.4,12445.3,15/01/2024 05:17,,DRV-0369
VEH-0242,81.4,,2024-09-03 10:17:00,New York,DRV-0006
VEH-0158,82.0,N/A,2024/02/28 10:59:00,UNKNOWN,DRV-0216
VEH-0054,82.8,156513.7,12-08-2024,,DRV-0063
VEH-0212,41.7,219437.4,01-25-2024,,DRV-0003
,73.2,149664.6,2024/05/24 18:56:00,Houston,DRV-0143
VEH-0190,98.1,95404.1,2024-11-30 20:07:00,,
VEH-0043,59.2%,120623.3,05-01-2024,Chicago,DRV-0043
VEH-0077,80.4%,248901.1,03/09/2024 03:07,New York,DRV-0345
VEH-0068,90.8,189678.8,2024/05/15 02:01:00,Los Angeles,DRV-0119
VEH-0202,77.1,163662.7,2024/09/20 00:56:00,Houston,DRV-0240
VEH-0121,87.2,54803.5,02-26-2024,New York,DRV-0274
VEH-0038,47.7,97302.2,03-11-2024,Phoenix,DRV-0288
VEH-0229,19.4,71213.2,03-09-2024,UNKNOWN,DRV-0045
VEH-0084,43.9,195500.5,10-30-2024,Phoenix,DRV-0296
VEH-0134,29.5,34150.2,09-27-2024,UNKNOWN,DRV-0170
VEH-0236,27.4,78710.3,2024/10/13 05:19:00,Los Angeles,DRV-0400
VEH-0007,33.4,197889.6,16/05/2024 22:45,UNKNOWN,DRV-0333
VEH-0207,10.4,245672.1,08/12/2024 06:13,UNKNOWN,DRV-0165
VEH-0040,125.6,198777.6 mi,2024/03/23 22:08:00,UNKNOWN,DRV-0349
VEH-0053,33.4,204476.0,2024-09-23 06:01:00,UNKNOWN,DRV-0360
VEH-0093,26.6,,2024-10-05 17:35:00,UNKNOWN,
VEH-0019,60.7,220243.3,2024-06-15 12:00:00,UNKNOWN,DRV-0063
VEH-0175,33.3,N/A,2024/11/16 18:04:00,New York,DRV-0081
VEH-0249,19.2,77367.4,12-28-2024,Chicago,DRV-0327
VEH-0092,76.0,12191.6,31/08/2024 15:42,,DRV-0207
VEH-0200,83.1,241256.7,12-09-2024,Houston,DRV-0052
VEH-0166,40.0,202966.5,2024-06-15 12:00:00,Houston,DRV-0149
VEH-0085,10.1,152427.0 mi,2024/05/08 05:31:00,,DRV-0140
VEH-0114,unknown,52676.7,2024/06/21 03:12:00,Phoenix,DRV-0136
VEH-0002,55.8,94865.3,03-11-2024,n/a,DRV-0317
VEH-0091,33.0,148838.9,2024-08-19 23:13:00,New York,DRV-0335
VEH-0092,50.6,126939.5,08-01-2024,,DRV-0377
VEH-0128,39.4,321.1,2024/06/10 01:24:00,,DRV-0391
VEH-0049,25.2,86424.0,2024/10/23 11:49:00,n/a,DRV-0264
VEH-0136,67.9,,2024-08-12 15:40:00,Phoenix,DRV-0158
VEH-0205,69.0,220999.4,01-10-2024,Los Angeles,DRV-0166
VEH-0180,24.0,36223.7,2024-06-16 20:56:00,Houston,DRV-0381
VEH-0036,21.1,81874.3,10-06-2024,,DRV-0072
VEH-0120,5.2,126198.9,12-20-2024,Houston,DRV-0046
VEH-0031,27.4,201767.7,09-02-2024,Chicago,DRV-0250
VEH-0022,45.6,92263.3,07-13-2024,UNKNOWN,DRV-0048
VEH-0104,71.4,51877.9,2024-09-30 00:19:00,Los Angeles,DRV-0085
VEH-0100,28.8,59002.0,28/02/2024 19:32,,DRV-0041
VEH-0119,85.0,52998.5,2024-02-29 07:10:00,,DRV-0193
VEH-0097,30.3,165593.0,2024/04/21 10:37:00,Chicago,DRV-0204
VEH-0075,9.6,230643.1 mi,24/06/2024 13:33,New York,DRV-0190
VEH-0008,6.6,193881.9,2024/04/05 03:22:00,UNKNOWN,DRV-0211
VEH-0239,69.1,41891.6,07/03/2024 04:55,,DRV-0208
VEH-0208,48.7,91030.3,2024-09-01 05:15:00,Phoenix,DRV-0305
VEH-0248,89.1,124044.0,07-10-2024,n/a,DRV-0361
VEH-0027,13.2,216323.9,2024/12/21 06:00:00,,DRV-0056
VEH-0042,40.2,N/A,2024/01/28 16:59:00,,DRV-0234
VEH-0026,49.4,228708.7,12/01/2024 19:31,Phoenix,DRV-0343
VEH-XXXX,98.0,123154.5,29/04/2024 16:17,Chicago,DRV-0170
VEH-0140,45.7,151628.1,03-02-2024,n/a,DRV-0197
,,7030.4 mi,2024-02-05 11:56:00,Houston,DRV-0109
VEH-0136,75.7,129846.5,31/03/2024 08:37,Los Angeles,DRV-0307
VEH-0003,25.0%,67987.4,2024-01-06 06:17:00,Los Angeles,DRV-0004
VEH-0154,49.4,29615.4,06-24-2024,Houston,DRV-0118
VEH-0122,55.5,192246.9,2024-07-23 03:52:00,Chicago,DRV-0162
VEH-0001,27.1,160999.9,09/08/2024 19:14,UNKNOWN,DRV-0187
VEH-0203,15.4,121816.3,2024/04/17 15:22:00,Los Angeles,DRV-0325
VEH-0235,51.7,190902.6,27/09/2024 23:29,New York,
VEH-0014,39.7,167021.3,04-27-2024,Phoenix,DRV-0032
VEH-0104,97.1,236869.3 mi,2024/06/06 09:59:00,Los Angeles,DRV-0287
VEH-0039,62.4,22281.1,2024-11-16 09:22:00,Houston,DRV-0118
VEH-0038,81.9,81684.7,2024-06-21 02:45:00,,DRV-0115
VEH-0154,70.0,189717.0 mi,2024-12-25 18:31:00,Phoenix,DRV-0365
VEH-0028,60.1,8574.5,21/01/2024 10:40,New York,DRV-0077
VEH-0065,32.4,,2024/03/06 04:51:00,Phoenix,DRV-0068
VEH-0092,28.9,,08-05-2024,Chicago,
VEH-0062,31.4,35461.1,01-25-2024,Phoenix,DRV-0308
VEH-0142,13.6%,65012.0,2024-07-27 18:04:00,Houston,DRV-0154
VEH-0065,28.2,132714.8,2024-06-15 12:00:00,Phoenix,DRV-0108
VEH-0166,138.9,,2024/01/10 05:58:00,Los Angeles,DRV-0018
VEH-0234,99.5,14445.1,2024/11/17 12:05:00,Los Angeles,DRV-0187
VEH-0013,24.9,102595.7,2024/03/29 08:53:00,Chicago,DRV-0342
VEH-0016,4.2,125767.1,10-23-2024,,DRV-0321
VEH-0246,42.6,87057.7,2024-11-10 15:47:00,Chicago,DRV-0399
VEH-0029,20.9,-9854.4,28/09/2024 23:40,New York,DRV-0262
VEH-0169,48.1%,83342.0,2024/02/25 21:23:00,UNKNOWN,DRV-0244
VEH-0155,59.7,106046.3,2024-07-29 11:10:00,Houston,DRV-0179
VEH-0075,,91883.6,21/12/2024 06:41,New York,DRV-0217
VEH-0046,59.5,2481.0,2024/05/22 14:29:00,n/a,DRV-0003
VEH-0036,59.2,206170.2,30/06/2024 22:33,Phoenix,DRV-0048
VEH-0083,34.4%,183250.0,09/05/2024 00:36,UNKNOWN,DRV-0322
VEH-0155,47.1,39342.9,2024-08-30 12:07:00,Chicago,DRV-0392
VEH-0191,,122348.1 mi,14/10/2024 10:12,Houston,DRV-0058
VEH-0161,16.3,141271.3 mi,2024-09-26 15:23:00,,DRV-0099
VEH-0179,12.6,210638.6,2024-01-07 05:28:00,UNKNOWN,DRV-0301
VEH-0188,60.6,59306.7,01-22-2024,,DRV-0033
VEH-0196,48.9,246412.6,12-18-2024,Phoenix,DRV-0100
VEH-0148,3.2,234053.1,08-18-2024,Phoenix,DRV-0223
VEH-0207,unknown,152361.3,2024/11/28 06:41:00,Los Angeles,DRV-0218
VEH-0224,26.5,134048.1,2024/09/30 13:29:00,n/a,DRV-0253
VEH-0098,75.5,238793.8,2024-10-30 13:11:00,,DRV-0303
VEH-0184,34.3,170967.5,2024/11/08 16:00:00,n/a,DRV-0396
VEH-0035,22.1,-40354.2,14/04/2024 13:41,Los Angeles,DRV-0236
VEH-0097,84.8,123245.7,2024-02-16 13:08:00,n/a,DRV-0013
VEH-0098,36.0,135191.4,2024-09-30 18:23:00,New York,DRV-0101
VEH-0092,3.9,30527.5,2024-04-02 15:11:00,New York,DRV-0057
VEH-0073,30.6,99245.4 mi,2024/02/21 11:59:00,Los Angeles,DRV-0092
VEH-0024,38.3,198665.7,01-29-2024,Chicago,DRV-0293
VEH-0176,5.7,25848.7,2024-11-27 23:39:00,n/a,DRV-0128
VEH-0163,unknown,138683.0,03/07/2024 18:42,n/a,DRV-0344
VEH-0002,11.3,23721.1,02-22-2024,Chicago,DRV-0301
VEH-0232,,N/A,2024-01-21 06:52:00,Phoenix,DRV-0237
VEH-0138,,233609.0,2024/06/04 20:11:00,n/a,DRV-0095
VEH-0039,66.4,106648.0,2024-07-31 16:59:00,n/a,DRV-0371
VEH-0215,19.8,,2024/08/12 00:34:00,,DRV-0047
VEH-0197,14.7,82048.2,15/03/2024 03:19,Phoenix,DRV-0308
VEH-0174,39.8,144992.0,04-25-2024,,DRV-0369
VEH-0204,52.3,106885.3,2024-05-03 13:34:00,Phoenix,DRV-0325
VEH-0062,51.1,123081.4,12-30-2024,,DRV-0280
VEH-0013,,173088.6,07/08/2024 06:40,Phoenix,DRV-0298
VEH-0156,39.8,84078.2,08/01/2024 19:46,Chicago,DRV-0144
VEH-0194,38.2%,239203.7,2024-03-21 16:39:00,,DRV-0240
VEH-0228,77.7,16341.5,06-23-2024,,DRV-0030
VEH-0007,76.8,104441.7,2024-03-01 14:55:00,Phoenix,DRV-0044
VEH-0037,27.2,4597.7,03/07/2024 00:58,Los Angeles,DRV-0291
VEH-0214,73.9,216713.8,21/01/2024 21:57,Chicago,DRV-0039
VEH-0183,60.4,217833.4 mi,2024-02-02 08:11:00,Phoenix,DRV-0267
VEH-0159,90.9,180535.8 mi,22/01/2024 11:55,Houston,DRV-0055
VEH-0123,6.9,235196.1,2024/02/03 11:54:00,UNKNOWN,DRV-0311
VEH-0135,10.9,27030.8,2024-03-22 12:22:00,,DRV-0212
VEH-0014,20.7,94449.2,2024/06/18 14:54:00,UNKNOWN,DRV-0117
VEH-0145,51.1,104352.8,07-05-2024,Chicago,DRV-0383
VEH-0006,70.6,86394.9,2024-03-28 05:58:00,,DRV-0139
VEH-0136,48.1,94078.0,2024/04/22 13:02:00,n/a,DRV-0125
VEH-0135,20.4,218340.3,2024-12-19 20:56:00,n/a,DRV-0140
VEH-0241,16.4,97770.4,18/04/2024 11:09,Los Angeles,
VEH-0048,44.6,204163.8,19/10/2024 21:17,New York,DRV-0298
VEH-0030,46.0,151743.3,2024/10/20 23:22:00,UNKNOWN,DRV-0224
VEH-0222,89.6,3250.5,10/10/2024 04:17,Phoenix,DRV-0025
VEH-0010,29.2,110979.9,09-30-2024,n/a,DRV-0218
VEH-0099,5.0,222596.1,12-01-2024,Chicago,DRV-0136
VEH-0207,13.3,65333.3,2024/12/20 20:06:00,Phoenix,DRV-0135
VEH-0163,52.7%,232467.6,2024-05-19 00:21:00,Chicago,DRV-0135
VEH-0214,39.5,80584.6,16/03/2024 10:19,Houston,DRV-0374
VEH-0129,41.6,180083.3,2024/12/01 16:58:00,n/a,DRV-0169
VEH-0042,94.4,37199.0,2024-05-20 00:36:00,New York,DRV-0343
,83.0,237652.9,05/10/2024 22:44,Chicago,DRV-0240
VEH-0073,118.0,130130.1,2024/08/20 22:17:00,n/a,DRV-0356
VEH-0244,94.6,49276.5,2024/09/27 07:29:00,Houston,DRV-0314
VEH-0182,,184781.2,2024-05-20 08:59:00,New York,DRV-0198
VEH-0163,25.3,2494.7,2024/01/23 02:42:00,Chicago,
VEH-0072,4.8,52569.0 mi,2024/01/14 17:36:00,Los Angeles,DRV-0136
VEH-0111,36.0,31765.1,06-16-2024,Los Angeles,DRV-0380
VEH-0094,70.2,-139116.2,2024-05-13 02:10:00,New York,DRV-0171
VEH-0168,6.8,46781.1,01-06-2024,Phoenix,DRV-0029
VEH-0176,14.0,N/A,2024-11-12 22:19:00,Chicago,
VEH-0046,4.9,143374.9,2024/07/29 19:01:00,UNKNOWN,DRV-0341
VEH-0168,21.5,,05-18-2024,Chicago,DRV-0328
VEH-0029,0.6%,203865.4,2024-04-18 12:54:00,n/a,DRV-0076
VEH-0013,73.2,233278.3,12-29-2024,Los Angeles,DRV-0222
VEH-0080,70.5,167944.8,2024/06/07 23:49:00,UNKNOWN,DRV-0242
VEH-0015,96.9,173302.4,18/05/2024 07:03,Houston,DRV-0041
VEH-0147,87.1,195596.4,11-17-2024,Los Angeles,DRV-0021
VEH-0178,21.4,126463.2,12-10-2024,,DRV-0299
VEH-0002,20.5,219457.5,2024-03-30 14:22:00,Chicago,DRV-0335
VEH-0016,67.8,,2024-04-09 19:47:00,Phoenix,DRV-0082
VEH-0194,90.4,N/A,25/10/2024 15:14,,DRV-0255
VEH-0131,52.7,35281.5,2024/07/28 19:01:00,Phoenix,DRV-0171
VEH-0237,18.2,45851.1,2024-08-24 03:15:00,Houston,DRV-0162
VEH-0130,99.8,188100.6,2024/08/01 06:44:00,UNKNOWN,DRV-0235
VEH-0201,82.4,,25/04/2024 07:08,New York,DRV-0018
,51.9,61461.9 mi,10/06/2024 20:17,Los Angeles,DRV-0253
VEH-0231,95.3,-81685.6,2024/10/07 18:13:00,New York,DRV-0163
VEH-0108,81.0,237633.2,2024/09/24 03:54:00,n/a,DRV-0214
VEH-0040,59.3,145021.6,2024-08-22 11:46:00,Los Angeles,DRV-0035
VEH-0205,89.7,49073.6,2024/03/07 04:00:00,Chicago,DRV-0339
VEH-0199,22.4,134243.6,2024/02/16 02:58:00,Houston,DRV-0255
VEH-0206,56.1,171859.2,2024/03/23 18:33:00,,DRV-0198
VEH-0160,59.1,152544.6,05-06-2024,,DRV-0232
VEH-0038,59.7,232045.5,08-03-2024,New York,DRV-0198
VEH-0183,41.6,41634.6,2024/05/26 21:03:00,,DRV-0037
VEH-0202,96.6,94337.1,2024-02-02 12:22:00,Houston,DRV-0341
VEH-0144,75.6,57199.5,2024/11/18 06:31:00,UNKNOWN,DRV-0381
VEH-0087,75.3,,07-18-2024,Phoenix,DRV-0335
VEH-0040,4.4,46319.2,20/01/2024 12:10,UNKNOWN,DRV-0177
VEH-0137,62.8,146078.6,12-01-2024,Chicago,DRV-0372
VEH-0030,4.7,240354.2,2024-09-25 03:31:00,UNKNOWN,DRV-0173
VEH-0063,27.3,14093.9,2024-02-28 16:52:00,Los Angeles,DRV-0194
VEH-0071,42.4,39190.7,03-26-2024,Houston,DRV-0149
VEH-0226,13.6%,16657.0,2024/03/10 00:11:00,,DRV-0026
VEH-0066,57.1,190176.2,2024-09-19 07:24:00,,DRV-0166
VEH-0054,54.4,1439.7,2024-09-01 05:49:00,,DRV-0210
VEH-0181,43.8,215258.3,03-06-2024,UNKNOWN,DRV-0339
VEH-0144,94.1,64824.2 mi,2024/04/09 12:14:00,Houston,DRV-0098
VEH-0240,94.8,64639.3,09-28-2024,UNKNOWN,DRV-0005
VEH-0106,23.4,65868.4,2024/08/25 22:55:00,Houston,DRV-0136
,49.8,19264.6,16/02/2024 00:00,Los Angeles,DRV-0341
VEH-0154,85.1,52127.6,25/09/2024 03:23,,DRV-0048
VEH-0189,63.4,190222.9,2024-06-15 12:00:00,Houston,DRV-0173
VEH-0102,80.7,247626.3,2024/10/26 03:09:00,Los Angeles,DRV-0163
VEH-0210,90.9,190100.0,2024-01-25 10:28:00,Chicago,DRV-0357
VEH-0068,82.2,14244.7,2024-06-29 06:42:00,n/a,DRV-0333
VEH-0144,88.0,217644.6,2024-03-02 14:40:00,Phoenix,DRV-0279
VEH-0192,78.3%,227313.2,2024/03/24 01:04:00,Chicago,DRV-0054
VEH-0245,unknown,187059.7,09-20-2024,UNKNOWN,DRV-0397
VEH-0176,,116258.8,11-07-2024,UNKNOWN,DRV-0028
VEH-0227,27.8,81126.7,2024-12-24 07:20:00,,DRV-0083
VEH-0202,3.4,174355.1,06-16-2024,,DRV-0265
VEH-0084,123.2,59012.6,04-10-2024,Houston,DRV-0304
VEH-0044,,81844.2,2024-01-23 20:49:00,Chicago,DRV-0316
VEH-0067,145.1,168546.7,2024/09/15 11:14:00,Chicago,DRV-0395
VEH-0235,70.6,195662.9,29/02/2024 18:57,New York,DRV-0119
VEH-0014,81.8,244736.8,2024-05-22 19:59:00,UNKNOWN,DRV-0379
VEH-0106,27.4,49968.2,09-22-2024,Chicago,DRV-0355
VEH-0220,23.1,34092.8,08-23-2024,New York,DRV-0051
VEH-0112,85.8,224377.2,12-13-2024,Los Angeles,DRV-0380
VEH-0010,59.8,166184.8,10-23-2024,Los Angeles,DRV-0298
VEH-0001,unknown,246464.6,24/04/2024 20:55,New York,DRV-0111
VEH-0035,6.8,N/A,2024-08-02 00:29:00,n/a,DRV-0227
VEH-0057,99.0,,2024/08/07 15:22:00,New York,DRV-0246
,60.3,-89453.5,2024/10/09 14:47:00,n/a,DRV-0357
VEH-0169,1.9%,119210.9,2024/05/29 21:40:00,n/a,DRV-0113
VEH-0116,19.5,122832.6,2024/07/17 16:22:00,n/a,DRV-0093
VEH-0018,40.0,,22/05/2024 22:40,UNKNOWN,DRV-0342
VEH-0036,6.5,205459.8,2024-02-08 06:19:00,,DRV-0385
VEH-0063,92.9,,02-13-2024,Los Angeles,DRV-0368
VEH-0139,98.4,N/A,05-09-2024,,
VEH-0245,74.1,79067.5,06-17-2024,UNKNOWN,DRV-0323
VEH-0097,76.5,232350.9,2024-06-10 12:07:00,n/a,DRV-0271
VEH-0075,2.3%,215416.2,2024/11/15 22:08:00,Phoenix,DRV-0280
VEH-0147,7.8%,26532.5,2024-09-19 15:53:00,Los Angeles,DRV-0211
VEH-0136,4.5,211406.6,06-10-2024,Houston,DRV-0030
  ,33.4,79117.2,2024-01-19 11:04:00,UNKNOWN,DRV-0003
VEH-0161,unknown,68603.2,06-08-2024,Los Angeles,DRV-0396
VEH-0008,77.0,-25989.8,2024/12/17 19:05:00,Houston,DRV-0225
VEH-0235,22.7,88749.1 mi,06-20-2024,Houston,DRV-0083
VEH-0029,57.7,216394.3,2024-07-10 13:11:00,New York,DRV-0134
VEH-0052,71.7,145517.5,02/03/2024 15:09,Chicago,DRV-0016
VEH-0028,36.8,66300.6,08-03-2024,New York,DRV-0338
VEH-0067,35.5,195053.2,2024-06-10 03:16:00,Los Angeles,DRV-0278
VEH-0091,49.6,20261.6,08-24-2024,,DRV-0221
VEH-0087,8.7,75804.9,12-01-2024,UNKNOWN,DRV-0188
VEH-0122,50.6,158526.0,2024/01/17 16:57:00,Phoenix,DRV-0091
VEH-0145,58.3,248859.4,02-04-2024,Los Angeles,DRV-0005
VEH-0033,16.4,201027.3,03/07/2024 07:34,n/a,DRV-0054
VEH-0022,134.3,232935.1,01-21-2024,Chicago,DRV-0147
,74.7,,07/11/2024 12:20,Chicago,DRV-0155
VEH-0071,29.5,121500.1,02-28-2024,UNKNOWN,DRV-0202
VEH-0185,21.7,93410.2,06-19-2024,New York,DRV-0001
VEH-0213,55.6,102852.7,2024-08-21 03:34:00,Houston,DRV-0159
VEH-0221,98.9,41707.4,2024/09/07 08:24:00,,DRV-0348
VEH-0002,23.2,225350.0,05-29-2024,Houston,DRV-0106
VEH-0075,86.9,,06-18-2024,,DRV-0336
VEH-0134,58.0,71665.1,18/02/2024 17:27,UNKNOWN,DRV-0137
VEH-0113,98.3,159261.9 mi,2024/09/28 18:19:00,Chicago,DRV-0361
VEH-0014,18.0,116939.6,2024-09-08 18:20:00,Los Angeles,DRV-0131
VEH-0026,55.8,191023.3,04/07/2024 15:44,UNKNOWN,DRV-0048
VEH-0009,46.3,245246.8,2024/09/18 19:47:00,Los Angeles,DRV-0350
VEH-0194,97.5%,241442.6,2024/05/11 03:41:00,,DRV-0110
VEH-0223,81.8,208033.5,2024-09-06 23:06:00,Phoenix,DRV-0012
VEH-0194,93.6,130040.1,2024/07/02 01:12:00,,DRV-0176
VEH-0022,,99138.4,19/12/2024 13:34,UNKNOWN,DRV-0223
VEH-0090,46.3,N/A,2024-01-01 22:23:00,,DRV-0215
VEH-0094,11.3,207068.4,2024/02/03 00:50:00,Los Angeles,DRV-0064
VEH-0167,85.9,247898.6,2024-10-08 22:56:00,New York,DRV-0205
VEH-0239,87.0,5317.4,2024-10-26 20:02:00,n/a,DRV-0311
VEH-0098,24.2,88567.8,2024-08-16 17:04:00,Phoenix,DRV-0102
VEH-0021,74.3,,2024/02/07 23:37:00,UNKNOWN,
VEH-0026,unknown,64647.9,2024/07/01 22:03:00,New York,
VEH-0207,unknown,,2024/10/26 21:36:00,New York,DRV-0389
VEH-0161,73.0,202753.8,28/10/2024 11:40,,DRV-0352
VEH-0160,43.2,7787.3,24/06/2024 06:11,Houston,DRV-0293
VEH-0248,73.1,105002.8,2024/08/13 03:25:00,UNKNOWN,DRV-0294
VEH-0112,69.4,9927.8,06-19-2024,Chicago,DRV-0337
VEH-0245,86.2,119277.5,2024-01-18 07:29:00,n/a,DRV-0017
VEH-0024,73.7,63209.4 mi,03/08/2024 04:04,Chicago,DRV-0014
VEH-0162,24.7,217687.5,14/11/2024 22:19,Chicago,
VEH-0206,81.7,-95155.8,04-03-2024,Houston,DRV-0152
VEH-0127,3.2,235045.0,2024-06-23 00:28:00,Los Angeles,DRV-0352
VEH-0001,15.6,178993.1,07-31-2024,Los Angeles,DRV-0085
VEH-0127,15.3,,12-08-2024,New York,DRV-0295
VEH-0182,73.6,N/A,2024/05/17 08:09:00,,DRV-0064
VEH-0078,,208871.5,10/06/2024 08:53,Houston,DRV-0164
VEH-0109,53.3,60617.6,2024/06/15 17:08:00,Los Angeles,DRV-0053
VEH-0246,69.8,155943.0,02/04/2024 23:00,Los Angeles,DRV-0054
VEH-0045,25.8%,60866.8,2024-08-16 08:04:00,Houston,DRV-0193
VEH-0206,82.2,N/A,11/01/2024 02:29,Los Angeles,DRV-0357
,74.4,242805.0,2024-10-13 17:48:00,,DRV-0129
VEH-0098,11.0,56983.8,2024/09/02 18:14:00,Phoenix,DRV-0216
VEH-0017,109.3,-129943.5,29/10/2024 07:20,n/a,DRV-0225
VEH-0030,10.6,203212.7,2024-07-17 03:26:00,Los Angeles,DRV-0119
VEH-0152,12.8,249478.8,03/11/2024 02:30,Houston,DRV-0398
VEH-0213,91.5,210969.9,2024/01/16 01:11:00,New York,DRV-0343
VEH-0205,1.8,163498.6,2024-07-25 06:00:00,n/a,DRV-0136
VEH-0077,36.4,,07-10-2024,Los Angeles,DRV-0061
VEH-0100,5.7,146949.6,2024-08-04 20:36:00,n/a,DRV-0081
VEH-0105,67.9,90480.0,2024/09/13 12:04:00,New York,DRV-0166
VEH-0050,66.0,191093.2,2024-05-07 19:35:00,Chicago,DRV-0066
VEH-0031,30.6,100675.9,06/03/2024 16:34,UNKNOWN,DRV-0309
VEH-0072,132.7,243548.6,13/06/2024 12:56,Phoenix,DRV-0091
VEH-0221,81.7,113079.6,05/11/2024 23:43,UNKNOWN,DRV-0283
  ,34.5,13683.2,2024-03-24 01:38:00,Houston,DRV-0252
VEH-0179,35.5,71809.7,2024/11/28 10:40:00,Phoenix,DRV-0247
VEH-0122,61.3,39301.0,30/07/2024 16:50,Chicago,DRV-0334
VEH-0069,27.9,232668.1,22/02/2024 16:45,UNKNOWN,DRV-0284
VEH-0089,28.8,30067.7,2024-09-10 06:28:00,Houston,DRV-0378
VEH-0061,16.1,232424.4,28/02/2024 16:11,Chicago,DRV-0356
VEH-XXXX,2.0,51296.8,2024-11-04 22:13:00,n/a,DRV-0368
VEH-0122,3.1,159102.6,2024/11/27 14:58:00,Houston,DRV-0197
VEH-0231,23.7,,2024-12-08 00:36:00,n/a,DRV-0200
VEH-0189,59.3,52529.4,2024/09/01 22:22:00,Phoenix,
VEH-0007,55.8,239947.8,30/03/2024 20:53,,DRV-0322
VEH-0201,91.4,208248.5,14/05/2024 01:48,n/a,DRV-0210
VEH-0143,48.0,93301.8,2024-01-19 00:04:00,n/a,DRV-0108
VEH-XXXX,10.5,146396.9,03-04-2024,n/a,DRV-0117
VEH-0195,77.2,42736.2,05-11-2024,Phoenix,DRV-0341
VEH-0147,3.4,142472.4,2024-04-17 08:50:00,UNKNOWN,DRV-0086
VEH-0070,51.9,119795.5,03-10-2024,Chicago,
VEH-0078,42.6,112846.8,2024/05/01 05:33:00,Phoenix,DRV-0028
VEH-0233,25.5,170375.7,2024-04-18 05:31:00,Houston,DRV-0256
VEH-0012,76.6,172913.9,2024-06-06 23:37:00,Phoenix,DRV-0262
VEH-0024,92.3,114329.2,07-04-2024,Chicago,DRV-0213
VEH-0088,98.6,205212.3,2024-04-11 13:15:00,Los Angeles,DRV-0141
VEH-0156,,191529.0,08-21-2024,Chicago,DRV-0009
VEH-0009,93.7,,05/09/2024 14:25,New York,DRV-0300
VEH-0175,93.3,5034.5,2024/05/12 06:43:00,,DRV-0108
VEH-0248,81.6,112595.8,2024/04/12 18:01:00,UNKNOWN,DRV-0039
VEH-0098,0.9,8244.2 mi,2024-01-08 17:25:00,,DRV-0136
VEH-0240,unknown,210856.9,2024/04/20 06:42:00,UNKNOWN,DRV-0127
VEH-0168,64.4,12046.5,2024-11-08 18:39:00,Houston,DRV-0288
VEH-0150,40.7,234237.3,09/09/2024 19:13,Houston,DRV-0330
VEH-0165,6.5,206327.1,2024-07-25 16:04:00,Phoenix,DRV-0032
VEH-0102,15.5,112886.8,2024-10-23 19:37:00,Los Angeles,DRV-0256
VEH-0060,3.5,186433.4,2024-11-27 01:49:00,n/a,DRV-0088
VEH-0108,5.2,7935.9,08-13-2024,Houston,DRV-0077
VEH-0057,13.9,2678.8,2024-11-02 18:29:00,Los Angeles,DRV-0123
VEH-0145,29.3,8354.5,06/10/2024 21:14,Phoenix,DRV-0284
VEH-0005,6.0,222149.8,2024-10-13 03:18:00,,DRV-0137
VEH-0122,83.1,56164.3,21/06/2024 17:55,Phoenix,DRV-0309
VEH-0071,35.1,193210.0,2024/10/19 16:51:00,,DRV-0302
VEH-0202,97.7,60588.4,09-26-2024,,DRV-0240
VEH-0109,67.3,110937.6 mi,2024/09/08 09:16:00,UNKNOWN,DRV-0063
VEH-0081,10.2,15376.4,2024-09-20 06:46:00,n/a,DRV-0341
VEH-0045,22.8,249083.5,11-21-2024,Chicago,DRV-0359
VEH-0029,27.0,175599.7,02/11/2024 22:12,,DRV-0014
VEH-0139,25.5,65811.5,2024/12/06 23:26:00,,
VEH-0172,99.7,125548.8,2024-02-24 15:33:00,Phoenix,DRV-0234
VEH-0204,5.7,30094.5,2024-09-25 13:15:00,Chicago,DRV-0144
VEH-0001,61.5,20866.0,06-07-2024,New York,DRV-0317
VEH-0204,70.2,89872.8,2024/06/05 13:48:00,UNKNOWN,DRV-0212
VEH-0043,50.9,249174.2,28/01/2024 00:15,New York,DRV-0366
VEH-0176,75.1,17751.9,2024-10-13 01:07:00,Phoenix,DRV-0106
VEH-0042,,150753.5,30/03/2024 21:16,n/a,DRV-0200
  ,77.6,84683.2,2024/12/19 23:04:00,UNKNOWN,DRV-0022
VEH-0052,58.1,97033.3,26/12/2024 12:09,n/a,DRV-0388
VEH-0079,16.9,244364.1,09-30-2024,n/a,DRV-0349
VEH-0184,31.4%,158911.3 mi,04-10-2024,New York,DRV-0362
VEH-0050,3.3,118899.0,03-16-2024,,DRV-0041
VEH-0058,43.4,180862.0,2024-11-15 13:50:00,UNKNOWN,DRV-0126
VEH-0038,unknown,48429.3,2024/07/15 06:48:00,New York,DRV-0095
VEH-0189,47.2,N/A,24/03/2024 14:15,UNKNOWN,DRV-0202
VEH-0168,81.5,244714.0,07/12/2024 08:49,,DRV-0245
VEH-0141,46.4,227305.1,2024/04/28 22:12:00,UNKNOWN,DRV-0131
VEH-0016,68.8,109400.8,2024-01-20 18:51:00,Phoenix,DRV-0164
VEH-0232,51.5,133888.5,2024-11-09 04:27:00,UNKNOWN,
VEH-0103,11.9,29381.6,2024/04/12 09:22:00,n/a,DRV-0004
VEH-0086,48.2,23414.4,2024/01/09 12:36:00,Los Angeles,DRV-0322
VEH-0111,94.7,101615.7,09/01/2024 03:36,UNKNOWN,DRV-0044
VEH-XXXX,12.6,104611.7 mi,04-19-2024,New York,DRV-0048
VEH-0024,4.0,N/A,2024-04-02 07:37:00,Houston,DRV-0274
VEH-0183,48.1,-160581.4,22/07/2024 06:21,Chicago,DRV-0311
VEH-0052,,133397.4,26/09/2024 03:47,Houston,DRV-0193
VEH-0132,25.9,21162.2,2024-06-15 12:00:00,Houston,DRV-0077
VEH-0148,60.1,-132513.1,06-17-2024,Houston,DRV-0245
VEH-0009,23.1,125606.8,05/11/2024 23:20,Los Angeles,DRV-0146
VEH-0193,39.7,142830.0,2024-06-15 12:00:00,n/a,
VEH-0218,70.3,90907.4,11-11-2024,UNKNOWN,DRV-0223
VEH-0146,37.3,235423.0,2024-01-01 09:54:00,Chicago,DRV-0136
VEH-0142,unknown,,2024/06/09 11:09:00,n/a,DRV-0029
VEH-0138,84.8,5100.4,19/05/2024 21:54,Houston,DRV-0043
VEH-0078,32.0,,08-26-2024,Phoenix,DRV-0383
VEH-0112,27.1,213852.0,2024-07-28 01:54:00,n/a,DRV-0043
VEH-0100,41.1,126159.3,2024-04-03 19:07:00,,DRV-0038
VEH-0092,24.3,186187.7,2024/10/04 10:57:00,Chicago,
VEH-0204,50.3,214122.5 mi,2024-12-29 23:08:00,Houston,DRV-0150
VEH-0139,,217888.0,19/02/2024 17:30,,DRV-0380
VEH-0154,93.8,,30/08/2024 22:20,Phoenix,DRV-0045
VEH-0055,80.8%,158350.9,2024/12/05 06:37:00,New York,DRV-0216
VEH-0063,87.7,104532.9,2024-06-17 12:07:00,n/a,DRV-0045
VEH-0008,28.1,17517.2,2024/04/29 04:17:00,,DRV-0221
VEH-0170,26.8,156037.2,2024/06/08 01:36:00,New York,DRV-0178
VEH-0217,29.4%,52579.6,2024-12-18 14:42:00,Chicago,DRV-0305
VEH-0138,98.8,121307.6 mi,2024/09/13 01:58:00,Houston,DRV-0019
VEH-0013,,50141.2,24/11/2024 23:43,Chicago,DRV-0020
VEH-0136,6.3,226609.4,06-29-2024,UNKNOWN,DRV-0338
VEH-0236,51.8,74681.4,05-07-2024,,DRV-0233
VEH-0110,79.6,222501.3,01-20-2024,New York,DRV-0360
VEH-0054,7.7,88666.6 mi,2024-06-15 12:00:00,Los Angeles,DRV-0168
VEH-0005,2.7,146443.9 mi,2024-06-24 13:58:00,n/a,DRV-0181
VEH-0219,94.2,N/A,2024-12-01 20:49:00,n/a,DRV-0360
VEH-0007,22.6,52949.5,09-24-2024,New York,DRV-0309
VEH-0225,94.3,131943.1,2024/03/03 13:07:00,Chicago,DRV-0070
VEH-0093,64.8,125660.0,2024/04/19 15:15:00,,DRV-0309
VEH-0200,2.7,45358.9,06-13-2024,Houston,DRV-0100
VEH-0156,34.0,-19734.9,2024/06/23 20:47:00,Phoenix,DRV-0215
VEH-0185,62.8,,05-31-2024,Houston,DRV-0330
VEH-0119,23.0,29387.8,2024-07-12 16:48:00,UNKNOWN,DRV-0099
VEH-0172,unknown,219334.8,2024/10/26 18:01:00,Phoenix,DRV-0206
VEH-0059,55.8,182662.6,05-24-2024,Chicago,DRV-0317
VEH-0083,unknown,151783.8,2024/07/14 18:44:00,New York,DRV-0008
VEH-0024,17.9,199378.5,06-03-2024,UNKNOWN,DRV-0184
VEH-0207,63.5,199478.5,2024/10/20 04:50:00,Chicago,DRV-0352
VEH-0178,76.3,34125.8,22/09/2024 09:29,New York,DRV-0181
VEH-0212,85.5,86617.3,22/03/2024 13:59,Los Angeles,DRV-0270
VEH-0082,1.7,192539.6,2024-09-23 16:47:00,,DRV-0342
VEH-0008,61.5,,2024/03/17 08:33:00,New York,DRV-0236
VEH-0033,94.5,-168402.5,2024-01-17 18:28:00,Los Angeles,DRV-0100
VEH-0224,,155824.5,2024/05/25 07:47:00,n/a,DRV-0117
VEH-0185,41.3,173904.5,2024-10-26 11:36:00,n/a,DRV-0054
VEH-0183,94.9,61499.9,05/09/2024 18:47,Los Angeles,DRV-0240
VEH-0020,90.1,105430.2,2024/07/20 06:09:00,n/a,DRV-0400
VEH-0066,,-178002.0,09-19-2024,n/a,DRV-0309
VEH-0132,94.8%,190901.4 mi,2024-01-06 08:06:00,Houston,DRV-0397
VEH-0192,62.5,216108.3,23/10/2024 20:41,UNKNOWN,DRV-0019
VEH-0142,12.1,104736.9,2024/12/27 00:45:00,,DRV-0129
VEH-0182,,47014.6,2024/04/26 00:47:00,Houston,
VEH-0198,39.9,102418.2,01-23-2024,Chicago,DRV-0075
VEH-0024,,167160.8,10-27-2024,UNKNOWN,DRV-0044
VEH-0068,147.5,35639.1,06/06/2024 18:56,Chicago,DRV-0365
VEH-0202,77.1,163662.7,2024/09/20 00:56:00,Houston,DRV-0240
VEH-0005,40.4,83325.0,2024/03/24 12:23:00,Chicago,DRV-0174
VEH-0074,33.7,35710.5,22/10/2024 09:57,Chicago,DRV-0199
VEH-0077,133.1,222282.0,01-09-2024,New York,DRV-0007
VEH-0145,34.9,232382.3,2024-05-10 22:30:00,n/a,DRV-0016
VEH-0144,86.0,194962.7,09-12-2024,Phoenix,DRV-0361
VEH-0214,29.6,179262.0,2024/04/16 01:34:00,Houston,DRV-0003
VEH-0122,83.1,56164.3,21/06/2024 17:55,Phoenix,DRV-0309
VEH-0215,36.7,,2024-06-17 15:29:00,New York,DRV-0044
VEH-0091,58.5,242330.5,2024-09-23 15:03:00,Houston,DRV-0034
VEH-0217,20.2,40914.0,02-22-2024,,DRV-0173
VEH-0216,41.4,123216.1,2024-07-01 10:29:00,,DRV-0092
VEH-0145,45.1,45860.5,21/12/2024 17:38,New York,DRV-0046
VEH-0187,65.9,232888.7,2024-07-15 16:42:00,UNKNOWN,DRV-0307
VEH-0049,74.8,228637.2,2024-06-15 12:00:00,Chicago,DRV-0129
VEH-0194,38.1,179867.6,16/12/2024 12:54,n/a,DRV-0151
VEH-0219,74.2,212106.3,2024/11/21 08:36:00,,DRV-0395
VEH-0034,61.9,35922.9,2024-12-20 21:37:00,Los Angeles,DRV-0107
VEH-0200,76.7,226343.3,2024-03-08 13:01:00,Chicago,DRV-0360
VEH-0054,17.8,128267.4,2024/05/24 05:46:00,Los Angeles,DRV-0190
VEH-0016,unknown,102353.0,07-20-2024,UNKNOWN,DRV-0057
VEH-0038,59.9,44839.0,08/06/2024 10:28,UNKNOWN,DRV-0051
VEH-0114,,93010.9,08/02/2024 03:03,,DRV-0172
VEH-0091,26.3,41179.4,06-22-2024,UNKNOWN,DRV-0164
VEH-0189,75.5,52006.1,2024/12/12 01:06:00,New York,DRV-0249
VEH-0008,39.1,148619.1,2024/12/03 23:46:00,,DRV-0019
VEH-0078,125.6,227482.5,2024-05-05 17:34:00,Phoenix,DRV-0127
VEH-0155,4.4,81655.5,2024/12/30 18:48:00,UNKNOWN,DRV-0303
VEH-0217,54.9,54830.1,09-30-2024,,DRV-0342
VEH-0052,95.1,43872.9,2024/12/13 05:17:00,Phoenix,DRV-0113
VEH-0068,8.3,,05-30-2024,,DRV-0233
VEH-0202,3.2,117325.7,27/06/2024 00:54,UNKNOWN,DRV-0270
VEH-0184,20.1,239756.0,2024/07/24 06:50:00,Phoenix,DRV-0277
VEH-0066,12.2,127439.3,2024/10/23 07:44:00,UNKNOWN,DRV-0267
VEH-0220,32.8,93020.6,06-13-2024,Phoenix,DRV-0258
VEH-0211,95.5,231447.1 mi,2024/06/04 05:50:00,Los Angeles,DRV-0329
VEH-0189,11.6,N/A,2024/02/29 15:37:00,Los Angeles,DRV-0060
VEH-0125,83.1,68643.1,08-11-2024,Phoenix,
VEH-0015,42.7,138004.5,2024/09/22 08:34:00,Los Angeles,DRV-0203
VEH-0116,59.3,94981.1,2024-12-01 13:11:00,n/a,DRV-0188
VEH-0121,17.9,173487.4,2024/03/10 14:25:00,Chicago,DRV-0042
VEH-0042,111.5,7795.8,2024-04-16 22:39:00,Chicago,DRV-0093
VEH-0048,77.2,42615.6,2024/11/10 22:15:00,Houston,DRV-0074
VEH-0219,16.1,137183.4,10-03-2024,UNKNOWN,DRV-0019
VEH-0204,90.6,3039.2,2024/08/22 09:16:00,n/a,DRV-0089
VEH-0052,16.7,7114.3 mi,2024-07-04 09:33:00,UNKNOWN,DRV-0096
VEH-0176,2.2,204219.5 mi,27/04/2024 06:15,Houston,DRV-0296
VEH-0138,57.7,161601.8,2024-08-14 17:28:00,Phoenix,DRV-0027
VEH-0107,80.1,102626.2,21/02/2024 11:26,New York,DRV-0297
VEH-0076,89.7,129554.6,11-12-2024,UNKNOWN,DRV-0373
VEH-0111,,N/A,2024/02/13 03:44:00,Los Angeles,DRV-0023
VEH-0178,11.9,N/A,2024/04/26 03:16:00,n/a,DRV-0226
VEH-0116,7.7,72437.9,2024/07/20 22:22:00,Houston,DRV-0040
VEH-0224,48.8,N/A,2024/11/28 17:14:00,Chicago,
VEH-0052,2.4,112506.1,2024/12/24 20:12:00,n/a,DRV-0136
VEH-0220,17.6,-105344.2,18/09/2024 23:00,,DRV-0097
VEH-0134,97.2,240611.8,2024/12/18 01:43:00,,DRV-0304
VEH-0183,90.3,203604.8,23/02/2024 03:29,Phoenix,DRV-0238
VEH-0229,25.5,31758.4,2024-09-12 10:19:00,UNKNOWN,DRV-0318
VEH-0016,76.0,246232.3,16/10/2024 05:36,New York,DRV-0381
VEH-0046,50.7,82229.9,2024-04-09 11:59:00,UNKNOWN,DRV-0039
VEH-0109,73.5,156412.5,14/01/2024 21:46,,DRV-0294
VEH-0238,43.6,157508.6,12/11/2024 01:01,n/a,DRV-0306
VEH-0176,21.9,116087.6 mi,10-22-2024,Phoenix,DRV-0049
VEH-0137,31.0,112834.2,20/10/2024 00:51,UNKNOWN,DRV-0010
VEH-0182,79.3,N/A,10/05/2024 20:21,Chicago,DRV-0284
VEH-0134,29.9,89678.9,2024-06-02 11:27:00,n/a,DRV-0073
VEH-0006,8.6,223547.7,2024-01-26 08:20:00,Houston,DRV-0197
VEH-0068,56.1,220709.1,11-21-2024,Phoenix,DRV-0243
VEH-0218,92.8,216925.5,2024-11-26 16:20:00,Houston,DRV-0023
VEH-0192,87.4,190699.8,04-22-2024,Los Angeles,DRV-0170
VEH-0232,64.2,64957.0,2024-06-15 12:00:00,New York,DRV-0339
VEH-0158,10.6,126535.0,2024/04/01 01:16:00,UNKNOWN,DRV-0052
VEH-0060,60.6,142578.1 mi,2024-07-13 08:43:00,Houston,DRV-0347
VEH-0046,31.7,64539.5,2024/08/09 04:24:00,,DRV-0052
VEH-0093,66.9,207321.7,2024/01/30 03:16:00,Houston,DRV-0313
VEH-0184,67.6,N/A,2024/08/12 12:21:00,New York,DRV-0025
VEH-0079,45.5%,145536.2,03-29-2024,UNKNOWN,DRV-0375
VEH-0025,72.2,10071.4,2024-02-21 17:28:00,Chicago,DRV-0046
VEH-0096,98.6,78804.2,2024-10-07 14:52:00,New York,DRV-0173
VEH-0227,94.2,184890.8,12-14-2024,Houston,DRV-0297
VEH-0145,,74110.2,27/09/2024 20:48,New York,DRV-0134
VEH-0235,5.2,135324.1 mi,2024/01/06 21:53:00,Chicago,DRV-0032
VEH-0157,20.6%,80421.6,12/03/2024 08:07,New York,DRV-0137
VEH-0066,35.5,99995.8 mi,11-16-2024,Phoenix,DRV-0125
VEH-0084,25.7,240731.7,2024-03-11 03:33:00,UNKNOWN,DRV-0104
VEH-0012,43.7,66968.4,10-21-2024,n/a,DRV-0210
VEH-0249,6.7,129602.0 mi,12-17-2024,Phoenix,DRV-0195
VEH-0020,96.3,N/A,27/05/2024 04:56,Chicago,DRV-0267
VEH-0063,10.3,153148.2,01-10-2024,,DRV-0334
VEH-0221,43.0,41374.9,27/11/2024 15:25,Chicago,DRV-0091
VEH-0128,97.9,2667.5,21/07/2024 10:20,Houston,DRV-0017
VEH-0075,25.6,95048.7,04-15-2024,Chicago,DRV-0032
VEH-0119,18.9,175285.3,2024/03/24 23:49:00,Houston,DRV-0055
  ,15.9,,2024/02/27 19:49:00,n/a,DRV-0099
VEH-0181,19.7,79313.8,2024-08-24 19:19:00,New York,
VEH-0001,0.0,42128.7,2024/01/17 08:17:00,Phoenix,DRV-0235
VEH-0196,8.4,40407.2,22/08/2024 07:28,Houston,DRV-0120
VEH-0215,5.6,92345.7,2024-08-03 01:39:00,Chicago,DRV-0187
VEH-0084,30.4,75985.6,05-25-2024,Chicago,DRV-0076
VEH-0157,8.9,121907.0,16/11/2024 17:14,Phoenix,DRV-0142
VEH-0205,44.6,181754.6,30/12/2024 13:32,Phoenix,DRV-0196
VEH-0088,11.9,233437.4,2024/05/12 22:23:00,UNKNOWN,DRV-0101
VEH-0192,23.5,204717.3,19/06/2024 10:04,,DRV-0244
VEH-0056,93.6,13726.2,2024/05/27 17:44:00,Chicago,DRV-0332
VEH-0129,24.5%,32891.3,03-08-2024,Phoenix,DRV-0084
VEH-0241,31.0,165933.6,2024-09-23 07:53:00,New York,DRV-0385
VEH-0089,57.8,173355.5,02-03-2024,,DRV-0065
VEH-0116,17.2,48072.3,2024/01/07 23:28:00,Chicago,DRV-0197
VEH-0222,84.0,4374.6,23/05/2024 02:21,n/a,DRV-0338
VEH-0122,97.9,22158.2,2024/03/16 18:23:00,n/a,DRV-0006
VEH-0037,87.6,226324.7,2024-12-05 01:13:00,UNKNOWN,DRV-0200
VEH-0137,11.3,101591.6,2024-12-01 04:23:00,Los Angeles,DRV-0370
VEH-0244,73.8,138588.5,20/12/2024 02:12,Houston,DRV-0080
VEH-0169,1.9%,119210.9,2024/05/29 21:40:00,n/a,DRV-0113
VEH-0045,53.1,147458.6,26/07/2024 20:57,n/a,DRV-0247
VEH-0191,60.2,151579.2,2024/06/24 14:06:00,New York,DRV-0081
VEH-0189,28.6,203986.7,30/09/2024 17:32,,DRV-0004
VEH-0044,39.5,12815.9,01/08/2024 11:20,Chicago,DRV-0203
VEH-0020,92.7,26348.3 mi,2024-06-21 12:55:00,Los Angeles,
VEH-0140,8.7,134276.6,2024-02-23 03:37:00,Los Angeles,
VEH-0034,46.3,149857.6,2024/11/03 03:01:00,Los Angeles,DRV-0187
VEH-0225,4.6,151886.2,2024-06-23 08:43:00,Houston,DRV-0041
VEH-0142,64.6,243223.6,16/07/2024 20:45,Houston,DRV-0163
VEH-0035,38.3,182380.4,2024-10-19 00:55:00,,DRV-0225
VEH-0119,60.2,74140.0,16/11/2024 16:49,New York,DRV-0241
VEH-0074,49.8,38710.7,16/06/2024 05:18,New York,DRV-0346
VEH-0129,28.0,36504.2,2024/03/31 00:27:00,UNKNOWN,DRV-0275
VEH-0184,66.1,46298.9,2024-09-21 07:52:00,Phoenix,DRV-0361
VEH-0016,,245279.5,2024-09-27 08:21:00,UNKNOWN,DRV-0314
VEH-0080,61.3,146343.9,25/11/2024 14:02,Los Angeles,DRV-0029
VEH-0182,67.1,155118.4,2024/03/18 10:13:00,UNKNOWN,
VEH-0102,88.6,49163.4,23/11/2024 09:32,n/a,DRV-0363
VEH-0073,,71545.2,2024/08/21 12:47:00,n/a,DRV-0200
VEH-0180,unknown,-132176.8,06-14-2024,New York,DRV-0275
VEH-0119,13.4,235947.2,2024/08/03 07:34:00,n/a,DRV-0209
VEH-0014,65.9,124548.9,01-20-2024,UNKNOWN,DRV-0259
VEH-0101,87.6,-4760.9,11/01/2024 09:35,Houston,DRV-0208
VEH-0085,33.6,72570.9,2024-02-17 02:34:00,n/a,DRV-0271
VEH-0043,72.6,204446.3,2024/09/29 12:46:00,UNKNOWN,DRV-0365
VEH-0118,71.6,18021.1,2024-04-07 09:01:00,UNKNOWN,
VEH-0118,64.1,45470.0,2024-08-04 14:13:00,Chicago,DRV-0123
VEH-0149,99.3%,18449.1,2024-02-16 10:17:00,Los Angeles,DRV-0242
VEH-0020,16.7,178055.1,2024/03/11 00:39:00,Los Angeles,DRV-0279
VEH-0172,24.1,59987.2,2024/07/26 08:15:00,Chicago,DRV-0354
VEH-0198,73.8,83902.3,2024-10-03 05:06:00,,DRV-0003
VEH-0001,78.0,4050.1,02-01-2024,n/a,DRV-0049
VEH-0016,5.2,191891.9,08-14-2024,Chicago,
VEH-0215,42.2,57429.1,2024/01/29 15:05:00,Houston,DRV-0326
VEH-0152,85.9,214307.7,09-07-2024,Houston,DRV-0344
VEH-0043,93.6,228051.9,15/05/2024 03:05,Chicago,DRV-0001
VEH-0053,40.7,35820.4,2024/05/01 03:18:00,Chicago,
VEH-0175,5.2,57744.8,09/11/2024 00:43,,DRV-0081
VEH-0063,28.6,108191.7,2024-07-18 08:47:00,UNKNOWN,DRV-0356
VEH-0049,unknown,116950.6 mi,2024/03/03 09:58:00,Los Angeles,DRV-0299
VEH-0235,84.7,207985.4,2024/04/24 03:59:00,UNKNOWN,DRV-0329
VEH-0163,33.3,125802.4,2024-05-27 09:04:00,,DRV-0029
  ,23.9,27618.5,2024/12/12 17:24:00,Phoenix,DRV-0070
VEH-0245,97.7,27680.1 mi,2024-08-31 00:15:00,n/a,DRV-0044
  ,76.7,87660.7,02/05/2024 23:02,Houston,DRV-0324
VEH-0092,66.3%,N/A,01/12/2024 11:11,New York,DRV-0238
VEH-0048,42.8,24664.3,2024-10-23 10:58:00,Houston,DRV-0373
VEH-0197,67.2,18686.5,09/08/2024 15:53,Los Angeles,DRV-0007
VEH-0075,85.4,123069.5,2024/01/29 15:21:00,Houston,DRV-0200
VEH-0104,26.2,148769.5,01-14-2024,Los Angeles,DRV-0311
VEH-0084,7.1,143466.5,2024-02-03 05:26:00,New York,DRV-0248
VEH-0191,75.1,161180.0,28/01/2024 11:58,,DRV-0113
VEH-0057,41.8,,10-31-2024,Chicago,DRV-0118
VEH-0092,,5993.9,13/09/2024 16:23,Chicago,DRV-0317
VEH-0219,50.6,152863.6,10/06/2024 04:23,Houston,DRV-0210
VEH-0117,54.6,241758.8,09-05-2024,New York,DRV-0131
VEH-0048,89.3,163475.3,2024/01/27 00:51:00,Los Angeles,DRV-0132
VEH-0084,7.3,197532.8,2024-07-13 06:11:00,Phoenix,DRV-0332
VEH-0031,15.6,247105.2,2024-11-04 09:35:00,n/a,DRV-0254
VEH-0224,93.9,45295.8,2024-03-09 03:14:00,Chicago,DRV-0086
VEH-0225,39.2,40665.2,11-24-2024,Chicago,DRV-0304
,18.8,214916.4,2024/07/15 13:15:00,,DRV-0333
VEH-0210,58.0,34799.2,2024/07/08 12:34:00,Los Angeles,DRV-0326
VEH-0215,55.7,N/A,2024/12/25 00:08:00,Phoenix,DRV-0138
VEH-0057,23.7,74974.4,01-07-2024,Los Angeles,DRV-0049
VEH-0009,80.9,200091.0,20/09/2024 00:51,UNKNOWN,DRV-0058
VEH-0087,99.4,182225.5,05-11-2024,,DRV-0273
VEH-0220,,230689.3,15/04/2024 16:45,,DRV-0276
VEH-0227,42.1,184395.6,2024/07/25 22:19:00,Chicago,DRV-0088
VEH-0068,64.0,244745.3,2024-12-08 03:24:00,Chicago,DRV-0221
VEH-0146,105.2,,2024-12-02 16:35:00,,DRV-0349
VEH-0158,39.8,134348.9,2024/11/08 09:45:00,,
VEH-0093,47.0,7249.2,2024-07-30 05:56:00,n/a,DRV-0194
VEH-0028,19.5,204008.4,2024/04/14 15:49:00,Los Angeles,DRV-0068
VEH-0094,,51016.1,06/07/2024 21:21,Phoenix,DRV-0360
VEH-0149,64.2,9590.4,2024/07/31 03:44:00,UNKNOWN,DRV-0219
VEH-0013,26.3,126105.3,2024-07-21 11:47:00,Houston,DRV-0112
VEH-0147,22.2,,10-06-2024,Phoenix,DRV-0171
VEH-0097,9.9,155738.5,07-28-2024,New York,
VEH-0207,62.5,,21/09/2024 08:12,n/a,DRV-0143
VEH-0023,98.5%,219458.2,2024-11-20 19:46:00,Phoenix,
VEH-0009,25.3,126257.0,2024-04-07 17:20:00,Los Angeles,DRV-0255
VEH-0177,76.9,149180.7,2024/04/12 11:18:00,Chicago,DRV-0140
VEH-0005,65.7,224596.6 mi,2024/12/24 07:58:00,,DRV-0083
VEH-0240,80.2,196680.8,2024/02/29 16:17:00,Chicago,DRV-0081
VEH-0214,72.9,231952.5,03/08/2024 18:52,New York,DRV-0364
VEH-0176,57.8,36740.7,2024/12/09 22:08:00,UNKNOWN,DRV-0391
VEH-0086,51.5,41342.6,2024/06/11 19:18:00,UNKNOWN,DRV-0388
VEH-0148,53.9,197680.8,15/07/2024 13:42,,DRV-0101
VEH-0057,86.7,144668.9,2024-01-25 18:55:00,Los Angeles,DRV-0305
VEH-0009,11.5,249247.6,02-05-2024,,DRV-0364
VEH-0221,20.4,126951.3,10-09-2024,UNKNOWN,DRV-0309
VEH-0143,48.1,,2024-06-15 12:00:00,n/a,DRV-0162
VEH-0076,121.1,32520.2,15/05/2024 10:56,,DRV-0267
VEH-0080,29.6,181392.1,2024/10/30 06:19:00,Houston,DRV-0345
VEH-0116,59.3,94981.1,2024-12-01 13:11:00,n/a,DRV-0188
VEH-0150,71.9,182401.7 mi,2024-01-27 09:40:00,New York,DRV-0055
VEH-0204,32.3,129697.7,2024/09/09 19:49:00,n/a,DRV-0332
VEH-0136,78.7,76608.2,09-06-2024,Phoenix,DRV-0082
VEH-0071,29.5,121500.1,02-28-2024,UNKNOWN,DRV-0202
VEH-0153,74.4,229802.0,2024-02-06 01:03:00,Los Angeles,DRV-0017
VEH-0001,81.2,73479.2,2024-06-15 12:00:00,n/a,DRV-0272
VEH-0046,68.7,210339.2,2024-11-07 21:32:00,Houston,DRV-0154
VEH-0146,19.7,53384.4,04-22-2024,UNKNOWN,DRV-0078
VEH-0099,64.4,131600.7,2024/01/06 09:50:00,Houston,DRV-0138
VEH-0213,33.7,206880.9,2024-01-07 03:18:00,Los Angeles,DRV-0179
VEH-0045,66.7,80756.8,03/01/2024 07:22,Phoenix,DRV-0308
,42.2,102755.3,2024-01-21 06:09:00,,
VEH-0003,78.0,87531.3,12/12/2024 01:57,n/a,DRV-0128
VEH-0160,39.5,-178301.7,12/09/2024 04:36,n/a,DRV-0099
VEH-0232,98.2,97773.1,2024-06-05 07:31:00,Los Angeles,DRV-0389
VEH-0236,21.1,188117.1,2024/11/14 13:25:00,,DRV-0041
VEH-0193,54.5,19464.1,2024-06-15 12:00:00,Los Angeles,DRV-0277
VEH-0217,20.9,92618.0,11-29-2024,Los Angeles,DRV-0204
VEH-0089,139.2,195981.3,2024-10-15 12:50:00,Los Angeles,
VEH-0071,74.1,174253.9,2024/08/24 19:01:00,Phoenix,DRV-0310
VEH-0164,57.6,151678.8,05/08/2024 13:45,Chicago,DRV-0124
VEH-0220,134.7,N/A,2024/03/13 12:54:00,Los Angeles,DRV-0276
VEH-0142,78.3,66482.1,2024/12/05 00:59:00,n/a,DRV-0355
VEH-0002,58.8,63045.5,05-10-2024,Chicago,DRV-0334
VEH-0114,52.5,172876.4,05/03/2024 23:49,,DRV-0210
VEH-0050,87.9,101035.1,21/07/2024 09:07,New York,DRV-0229
VEH-0124,58.6,2123.9,10-12-2024,UNKNOWN,DRV-0345
VEH-0105,81.2,188102.3,02-01-2024,New York,DRV-0235
VEH-0110,48.5,154563.7,08-23-2024,n/a,DRV-0067
VEH-0216,,158169.3,17/07/2024 21:59,n/a,DRV-0247
VEH-0109,63.8,87501.7,11/05/2024 06:51,Chicago,DRV-0221
VEH-0223,69.4,135681.1,11-18-2024,Phoenix,DRV-0310
VEH-0139,,217383.4,2024/03/22 19:09:00,Los Angeles,DRV-0242
VEH-0068,56.9,157930.6,2024-05-29 12:58:00,Chicago,DRV-0351
VEH-0233,93.7,171971.4,05/04/2024 22:53,Chicago,DRV-0351
VEH-0124,77.7,138055.6,2024/10/13 04:48:00,UNKNOWN,DRV-0140
VEH-0012,51.7%,21053.3,2024/04/20 05:46:00,New York,
VEH-0108,13.1,197627.4 mi,2024-07-01 09:31:00,New York,DRV-0038
VEH-0009,69.7,20805.8,2024/08/26 06:40:00,Phoenix,DRV-0342
VEH-0009,,26165.1 mi,2024/07/14 03:13:00,Los Angeles,DRV-0053
VEH-0213,24.8,88993.2,2024/04/30 13:00:00,New York,DRV-0347
VEH-0225,37.2,338.4,19/05/2024 03:28,Phoenix,DRV-0362
VEH-0180,78.6,94237.5,01/08/2024 14:41,Houston,DRV-0199
VEH-0233,20.2,-239518.4,21/03/2024 15:23,,DRV-0036
VEH-0186,20.9,12494.8,2024-10-05 02:24:00,n/a,DRV-0384
VEH-0026,40.2,143929.8,09-11-2024,,DRV-0172
VEH-0085,3.8,142307.6,08/07/2024 00:34,New York,DRV-0200
VEH-0247,,,08/04/2024 22:16,Chicago,
VEH-0068,,54823.8 mi,18/03/2024 21:35,UNKNOWN,DRV-0049
VEH-0185,58.3,2825.6 mi,2024-11-06 08:21:00,,DRV-0065
VEH-0006,80.4,224812.6,2024-09-14 23:59:00,n/a,DRV-0293
VEH-0055,54.4,163444.5,2024-12-29 18:34:00,Phoenix,DRV-0023
VEH-0136,,105508.6,2024/02/20 13:47:00,Los Angeles,DRV-0213
VEH-0152,50.0,76303.6,04-27-2024,UNKNOWN,
VEH-0183,111.8,239965.7 mi,19/02/2024 10:32,Chicago,DRV-0084
VEH-0021,51.9,12791.4,20/03/2024 04:58,Los Angeles,DRV-0342
VEH-0003,46.9,232138.9,26/07/2024 19:59,UNKNOWN,DRV-0223
VEH-0118,32.8,52264.8,2024/01/27 01:38:00,Los Angeles,DRV-0092
VEH-0025,16.2,223758.5,11-02-2024,n/a,DRV-0349
VEH-0167,62.4,32822.0,10-29-2024,,DRV-0068
VEH-0084,unknown,227834.8,2024-08-13 08:26:00,Los Angeles,DRV-0052
VEH-0199,71.4,231164.7,2024/04/21 16:17:00,New York,DRV-0176
VEH-0008,112.2,2881.5,05-18-2024,UNKNOWN,DRV-0035
VEH-0215,25.8,122878.6,04/04/2024 23:59,UNKNOWN,DRV-0024
VEH-0149,80.3,,2024/03/18 13:04:00,New York,DRV-0222
VEH-0047,24.0,80881.2,2024-10-23 21:29:00,Houston,DRV-0210
VEH-0150,86.4,162799.4,07-29-2024,Houston,DRV-0104
VEH-0167,27.2,47652.5,2024-04-10 20:51:00,Phoenix,DRV-0177
VEH-0208,41.8,139825.5,2024-11-25 12:09:00,n/a,DRV-0153
VEH-0234,88.9,125771.0,11-13-2024,UNKNOWN,DRV-0376
VEH-0248,0.6,19627.5,28/07/2024 07:01,Chicago,DRV-0351
VEH-0042,7.6,125279.9,2024/12/20 11:39:00,Houston,DRV-0210
VEH-0059,27.1,62197.9,16/09/2024 16:25,Phoenix,DRV-0271
VEH-0058,98.1,64132.5,02-17-2024,,DRV-0381
VEH-0160,12.0,178311.2,08-06-2024,,DRV-0357
VEH-0220,98.2,227954.6,2024-08-23 11:24:00,Chicago,DRV-0172
VEH-0147,88.7,187919.9,22/09/2024 14:32,Phoenix,DRV-0329
VEH-0189,106.2,179865.0,2024/12/14 18:44:00,Phoenix,DRV-0309
VEH-0015,86.5,203225.3,2024/03/01 05:02:00,,DRV-0170
VEH-0209,44.6,177145.9,2024-09-24 16:25:00,New York,DRV-0321
VEH-0026,78.1,175819.3,2024-07-12 04:29:00,New York,DRV-0223
VEH-0231,44.3,121316.7,2024-08-19 18:20:00,n/a,DRV-0319
VEH-0230,87.1,165787.0,2024-02-23 08:46:00,,DRV-0134
VEH-0032,81.1,237092.4,2024/03/28 22:42:00,n/a,DRV-0272
VEH-0153,36.3,125337.7,04/10/2024 14:28,UNKNOWN,DRV-0314
VEH-0115,46.6,47484.0,2024/02/06 11:55:00,n/a,DRV-0172
VEH-0157,88.1,82063.8,07-24-2024,Phoenix,DRV-0075
VEH-0234,15.1,108083.7,19/04/2024 07:00,Chicago,DRV-0365
VEH-0147,98.4,,2024/10/24 21:01:00,n/a,DRV-0056
VEH-0190,unknown,52476.4,2024-02-03 09:58:00,Chicago,DRV-0088
VEH-0137,35.3,199945.8,2024-05-27 07:34:00,Houston,DRV-0362
VEH-0237,74.0,35712.6,07-23-2024,Los Angeles,DRV-0395
VEH-0111,84.7,223272.6,2024/03/25 03:57:00,Los Angeles,DRV-0189
VEH-0025,37.7,84810.2,26/09/2024 14:18,New York,DRV-0276
VEH-0136,57.0,52526.8,08-28-2024,UNKNOWN,DRV-0285
VEH-0050,92.9,96830.6,2024-01-17 22:34:00,UNKNOWN,DRV-0211
VEH-0035,62.0,176019.9,2024/05/26 06:08:00,n/a,DRV-0204
VEH-0045,20.2,168358.1,29/05/2024 01:36,n/a,DRV-0059
VEH-0162,43.2,57479.6,2024-09-10 02:46:00,n/a,DRV-0322
VEH-0082,19.9,76913.8,18/11/2024 01:46,Phoenix,DRV-0162
VEH-0034,50.3,144226.0,09-23-2024,Chicago,DRV-0247
VEH-0186,28.2,,2024/11/23 07:41:00,Phoenix,DRV-0021
VEH-0102,78.3,240696.2,2024/03/16 20:12:00,Phoenix,DRV-0352
VEH-0003,44.0,160989.1,2024/05/01 19:20:00,Houston,DRV-0087
VEH-0226,69.7,140029.0,2024-11-19 08:08:00,Los Angeles,DRV-0225
VEH-0139,36.9,192432.9,2024/06/20 23:40:00,n/a,
VEH-0111,unknown,7625.1,12-20-2024,New York,DRV-0307
VEH-0047,49.3,-228721.5,16/09/2024 00:10,UNKNOWN,DRV-0177
VEH-0029,26.5,87465.4,2024-11-03 01:48:00,Chicago,DRV-0304
VEH-0189,31.0,,07-02-2024,Chicago,DRV-0033
VEH-0008,66.9,,2024/04/12 18:48:00,n/a,DRV-0273
VEH-0169,47.6,,2024-01-05 04:47:00,Phoenix,DRV-0280
VEH-0067,74.2,192602.9,2024/03/14 14:51:00,UNKNOWN,DRV-0380
VEH-0092,55.4,133639.8,2024/01/13 12:27:00,Phoenix,DRV-0330
VEH-0133,26.4,234767.1,04/11/2024 15:16,Chicago,DRV-0353
VEH-0008,23.4,102390.2,2024-12-29 05:08:00,,DRV-0115
VEH-0224,unknown,178044.8,2024-08-06 01:32:00,New York,DRV-0029
VEH-0244,79.3,157279.4,2024-12-27 09:45:00,Chicago,DRV-0248
VEH-0042,82.1%,141651.3,2024/04/11 17:58:00,,DRV-0306
VEH-0004,15.9,,2024/10/14 14:00:00,,DRV-0378
VEH-0151,35.5,168498.6 mi,2024/06/14 02:45:00,UNKNOWN,DRV-0329
VEH-0239,34.9,93706.2,27/12/2024 07:32,,DRV-0072
VEH-0217,68.3,165181.8,2024-04-12 03:26:00,UNKNOWN,DRV-0039
VEH-0222,79.6,98693.8,08-30-2024,Houston,DRV-0191
VEH-0175,76.8,28491.5,01-24-2024,Chicago,DRV-0269
VEH-0072,34.2,20968.4,2024/05/15 00:27:00,Los Angeles,DRV-0097
VEH-0096,49.0,132164.2,2024-06-22 10:47:00,Phoenix,DRV-0294
VEH-0037,36.1,159325.5 mi,03/11/2024 01:45,UNKNOWN,DRV-0365
VEH-0022,42.6%,134354.2,07-12-2024,Phoenix,DRV-0171
VEH-0030,,231160.4,07-07-2024,Los Angeles,DRV-0154
VEH-0068,69.9%,63228.0,2024-05-19 05:20:00,UNKNOWN,DRV-0334
VEH-0064,86.3,40725.7,2024/01/22 07:40:00,Los Angeles,DRV-0163
VEH-0039,51.2,56623.9,2024-02-21 23:58:00,Chicago,DRV-0305
VEH-0050,21.1,,2024/07/02 15:11:00,Chicago,DRV-0238
VEH-0057,96.8,188246.5,13/11/2024 23:15,UNKNOWN,DRV-0380
VEH-0112,24.4,241683.6,2024/05/01 14:36:00,UNKNOWN,DRV-0191
  ,26.1,127975.5,2024-06-15 12:00:00,Phoenix,DRV-0068
VEH-0191,39.8,75728.9 mi,06-02-2024,Houston,DRV-0017
VEH-0092,10.0,179440.1,08-23-2024,n/a,DRV-0369
VEH-0177,41.1,-161959.3,2024/07/20 12:49:00,Phoenix,DRV-0064
VEH-0075,21.3,34092.9,06-25-2024,,DRV-0202
VEH-0071,43.7,145022.2,2024-11-16 10:19:00,Chicago,DRV-0164
VEH-0156,98.1,142384.9,2024/08/27 09:21:00,UNKNOWN,DRV-0007
VEH-0214,94.1,226486.0,2024/12/12 11:05:00,,DRV-0105
VEH-0249,62.9,29484.7,28/08/2024 17:43,,DRV-0047
VEH-0063,0.0,149045.7,04/11/2024 12:29,Phoenix,DRV-0147
VEH-0141,,164996.0 mi,07-02-2024,Los Angeles,DRV-0207
VEH-0219,57.9,,07-05-2024,,DRV-0259
VEH-0067,15.1,199613.4,2024-11-22 05:54:00,n/a,DRV-0184
VEH-0011,41.9,42050.9,16/06/2024 04:05,Los Angeles,DRV-0068
VEH-0017,57.9,222250.2,08-08-2024,,DRV-0282
VEH-0180,28.2,240840.1,2024/03/28 03:55:00,New York,DRV-0349
VEH-0084,47.4,111693.0,2024/03/04 21:46:00,New York,DRV-0183
VEH-0024,12.8,191386.7,2024-04-25 05:09:00,UNKNOWN,DRV-0098
VEH-0247,86.7,168252.0,2024/01/06 02:12:00,Los Angeles,DRV-0222
VEH-0250,,N/A,08-03-2024,New York,DRV-0198
VEH-0037,54.4,58435.2,27/10/2024 21:16,,DRV-0305
VEH-0024,78.1,53751.2,2024-02-03 17:31:00,UNKNOWN,DRV-0098
VEH-0143,71.5,73338.4,2024/02/22 23:51:00,n/a,DRV-0336
VEH-0023,56.5,115983.1,2024-05-17 00:16:00,n/a,DRV-0161
VEH-0200,12.2,158726.7,28/10/2024 13:00,Los Angeles,DRV-0101
VEH-0241,19.3,237686.2,07-13-2024,Chicago,DRV-0158
VEH-0150,36.2,165117.4,08-04-2024,n/a,DRV-0329
VEH-0167,74.2,N/A,2024/01/11 00:28:00,Los Angeles,DRV-0229
VEH-0010,74.8%,137672.6,06-01-2024,Phoenix,DRV-0235
VEH-0078,84.9,95849.3,2024/02/01 12:07:00,UNKNOWN,DRV-0176
VEH-0138,8.1%,108753.6,2024-06-15 12:00:00,Phoenix,DRV-0263
VEH-0232,unknown,118452.5,11/08/2024 00:33,UNKNOWN,DRV-0386
VEH-0044,84.6,113080.9,01/11/2024 12:52,Houston,DRV-0236
VEH-0015,66.7,20026.4,29/11/2024 10:20,Los Angeles,DRV-0349
VEH-0129,17.3,108462.9,02-29-2024,Houston,
VEH-0060,84.9,62417.0,18/09/2024 22:54,New York,DRV-0045
VEH-0152,88.2,N/A,2024-02-07 02:28:00,Los Angeles,DRV-0171
VEH-0234,,248789.9,2024/01/14 08:32:00,UNKNOWN,DRV-0333
VEH-0113,,228394.5,2024/09/23 01:46:00,New York,DRV-0081
VEH-0238,75.3,94064.9,2024/12/12 09:27:00,Houston,DRV-0148
VEH-0227,18.6,21241.6,07-25-2024,New York,DRV-0208
VEH-0220,94.6,93327.3,2024-12-28 04:13:00,Los Angeles,DRV-0019
VEH-0231,,56447.4,11-19-2024,,DRV-0126
VEH-0246,73.1,130465.6,2024/07/09 11:36:00,Chicago,DRV-0363
VEH-0224,60.7,168217.9,2024/09/21 15:08:00,,DRV-0158
VEH-0008,unknown,49707.1,25/05/2024 13:26,n/a,DRV-0223
VEH-0132,74.8,46130.3,2024/09/25 17:59:00,UNKNOWN,DRV-0002
VEH-0058,51.6,63373.4,2024-08-20 15:44:00,Los Angeles,DRV-0097
VEH-0165,90.3,126313.1,10-22-2024,UNKNOWN,DRV-0031
  ,11.4,95959.7,2024-09-22 16:55:00,Houston,
VEH-0111,71.6,96623.4,2024-06-15 12:00:00,Los Angeles,DRV-0185
VEH-0003,24.4,243252.6,2024/02/05 17:06:00,Phoenix,DRV-0118
VEH-0247,11.0,236857.0,2024-05-30 15:47:00,UNKNOWN,DRV-0120
VEH-0066,78.4,190821.3,2024-04-08 20:17:00,Los Angeles,DRV-0032
VEH-0066,84.0,47135.2,2024-06-15 12:00:00,Phoenix,DRV-0292
  ,10.9,118198.3,03-05-2024,Phoenix,DRV-0348
VEH-0071,46.2,2332.9,04-10-2024,New York,DRV-0145
VEH-0177,77.5,58606.4,02-11-2024,Houston,DRV-0111
VEH-0230,52.1,67139.3,2024/01/22 17:35:00,Los Angeles,DRV-0296
VEH-0127,69.0,50233.4,30/05/2024 10:42,Phoenix,DRV-0097
VEH-0201,10.5,195456.0,2024-06-15 12:00:00,Phoenix,DRV-0052
VEH-0220,unknown,131168.1,13/08/2024 13:40,Phoenix,DRV-0240
VEH-0043,47.1,244776.2,2024/10/11 04:03:00,Phoenix,DRV-0002
VEH-0227,140.1,140781.6,2024-12-22 23:40:00,,DRV-0342
VEH-0058,85.9,158445.8,2024/06/17 08:28:00,New York,DRV-0109
VEH-0111,61.2,108243.3,02/10/2024 14:05,Houston,DRV-0203
VEH-0175,8.8,211579.5 mi,2024/09/24 00:58:00,,DRV-0332
VEH-0092,unknown,143078.8,2024-06-15 12:00:00,Chicago,DRV-0232
VEH-0207,83.3,62489.7,28/11/2024 05:27,Phoenix,DRV-0285
VEH-0135,28.7,139469.8,2024-01-21 00:32:00,Los Angeles,DRV-0161
VEH-0029,95.8,132414.9,2024-10-06 05:39:00,Chicago,
VEH-0114,36.1,214948.7,16/04/2024 06:03,,DRV-0341
VEH-0047,25.4,82721.8,2024-03-09 22:19:00,n/a,DRV-0394
VEH-0208,63.2,32081.5,07-11-2024,Phoenix,DRV-0054
VEH-0095,56.6,229189.0,2024-06-22 17:01:00,UNKNOWN,DRV-0004
VEH-0248,99.0,52351.7,11-11-2024,Los Angeles,DRV-0134
VEH-0008,unknown,84638.5,2024-04-25 16:46:00,Houston,DRV-0135
VEH-0063,68.5,83114.0,06/06/2024 06:18,New York,DRV-0011
VEH-0047,54.9,145749.6,2024-06-15 12:00:00,Chicago,DRV-0270
VEH-0013,70.6,47702.4,2024-07-31 11:10:00,,DRV-0129
VEH-0104,76.8,186806.2,2024/01/22 19:37:00,Phoenix,DRV-0019
VEH-0115,74.8,34740.0,2024-01-11 03:07:00,,DRV-0274
VEH-0212,30.9,164713.9 mi,2024/12/08 04:10:00,New York,DRV-0230
VEH-0078,97.1,45244.2,03-07-2024,n/a,DRV-0236
VEH-0236,74.2,127433.9,2024/11/23 18:24:00,n/a,DRV-0369
VEH-0116,39.8,229882.8,27/01/2024 00:40,Chicago,DRV-0014
VEH-0016,75.0,173350.2,2024-05-19 13:41:00,Los Angeles,DRV-0168
VEH-0001,95.8,61907.9,2024-04-26 10:28:00,New York,DRV-0208
VEH-0199,12.7,141411.2,2024-12-02 19:05:00,UNKNOWN,DRV-0383
VEH-0209,34.2,158155.5,23/07/2024 00:44,Chicago,DRV-0202
VEH-0191,16.2,,2024/05/24 21:38:00,Phoenix,DRV-0251
VEH-0013,72.1,191440.8,2024/09/13 01:25:00,,DRV-0285
VEH-0019,17.9,222785.0,01-02-2024,n/a,DRV-0041
VEH-0165,15.7,170857.4,2024-02-04 20:51:00,Houston,DRV-0172
VEH-0240,43.2,155793.1,11-03-2024,UNKNOWN,DRV-0131
VEH-0101,33.3,44038.5,10-02-2024,UNKNOWN,DRV-0329
VEH-0071,88.5,55381.8,11-25-2024,New York,DRV-0371
VEH-0205,46.1,71570.0,2024/09/13 02:18:00,Chicago,DRV-0283
VEH-0070,97.8,39630.1,2024/12/11 01:19:00,New York,
VEH-0249,69.3,200342.9,2024/12/08 16:01:00,Houston,DRV-0033
VEH-0136,93.0,23840.2,2024/05/25 06:25:00,Chicago,DRV-0101
VEH-0100,68.8,30096.9,2024-08-21 13:14:00,UNKNOWN,DRV-0084
VEH-0102,,102989.5,2024-12-24 10:17:00,,DRV-0021
VEH-0055,42.8,239004.9,2024-11-08 07:53:00,,DRV-0236
VEH-0022,40.7,88905.5,12-08-2024,Los Angeles,DRV-0260
VEH-0026,27.5,N/A,05-29-2024,UNKNOWN,DRV-0392
VEH-0025,74.3,106373.3,11-10-2024,n/a,DRV-0051
VEH-0202,93.6,201842.7,2024-01-04 01:06:00,Los Angeles,DRV-0174
VEH-0099,32.4,209664.3,2024/09/15 10:14:00,,DRV-0307
VEH-0061,0.0,201472.8,2024/08/14 14:37:00,,DRV-0141
VEH-0197,48.0,150005.1,15/08/2024 07:05,n/a,DRV-0147
VEH-0202,5.0,121812.4,01-12-2024,UNKNOWN,DRV-0261
VEH-0188,12.4,53568.0,2024-02-01 20:45:00,Chicago,DRV-0004
VEH-0104,91.3,,08/04/2024 09:03,,DRV-0030
VEH-0111,54.8,175684.6,2024-04-11 15:01:00,Houston,DRV-0372
VEH-0128,80.0,60414.7,2024-07-01 22:17:00,n/a,DRV-0322
VEH-0004,14.1,121397.4,2024/08/31 00:30:00,Los Angeles,DRV-0266
VEH-0234,69.7,48358.8,2024-04-11 15:06:00,Houston,DRV-0264
VEH-0081,24.9,76038.8,01-02-2024,Houston,DRV-0174
VEH-0245,61.5%,208040.6 mi,2024-05-09 11:49:00,Los Angeles,DRV-0233
VEH-0185,58.3,227229.4,2024/05/29 06:23:00,n/a,DRV-0154
VEH-0008,1.2,249355.7,2024-12-06 13:20:00,UNKNOWN,DRV-0010
VEH-0093,95.2,,05-13-2024,Phoenix,DRV-0327
VEH-0148,64.4,22001.5,02/12/2024 20:24,Houston,DRV-0158
VEH-0032,24.2,42927.5,2024/02/28 17:52:00,New York,
VEH-0003,35.6,246628.8,07/07/2024 18:40,n/a,DRV-0400
VEH-0057,91.1,211638.6,11-19-2024,,DRV-0038
VEH-0033,79.6,184867.3,2024-02-12 19:23:00,Phoenix,DRV-0133
VEH-0198,97.5,143390.8,20/10/2024 07:54,UNKNOWN,DRV-0265
VEH-0100,82.6,75876.0,2024/04/21 00:32:00,n/a,DRV-0242
VEH-0003,25.2,133555.1,2024/04/08 19:49:00,Phoenix,DRV-0065
VEH-0185,3.8,153803.7,2024/07/17 07:23:00,Houston,DRV-0335
VEH-0014,unknown,187794.3,2024-01-14 03:31:00,n/a,DRV-0298
VEH-0031,49.4,2425.1,2024/12/05 18:51:00,Chicago,DRV-0315
VEH-0193,20.0,170057.1,2024/06/22 06:25:00,Chicago,DRV-0376
VEH-0020,14.2,86985.4,2024/08/07 12:40:00,Houston,DRV-0079
VEH-0145,22.7,18299.0,2024-12-12 15:24:00,n/a,DRV-0295
VEH-0049,unknown,233998.5,2024/06/27 07:12:00,Phoenix,DRV-0043
VEH-0056,55.1,21746.7 mi,2024/06/17 05:19:00,Houston,DRV-0337
VEH-0103,62.6,142901.9,2024/09/27 07:27:00,,DRV-0229
VEH-0239,1.5,87646.9,2024-05-11 00:27:00,UNKNOWN,DRV-0108
VEH-0243,25.5,26468.6,2024-12-10 08:18:00,Chicago,DRV-0004
VEH-0186,7.6,206895.3,2024/07/30 10:48:00,Chicago,DRV-0235
VEH-0176,83.0,177347.2,2024/06/11 06:21:00,n/a,DRV-0119
VEH-0043,8.0,-235099.3,2024-06-09 22:44:00,UNKNOWN,DRV-0262
,11.6,238979.7,2024-03-30 21:11:00,UNKNOWN,DRV-0221
VEH-0120,6.2,36825.8,2024/03/14 20:10:00,New York,DRV-0066
VEH-0200,71.5,148289.6,18/02/2024 23:57,,DRV-0366
VEH-0121,60.4,,02-15-2024,n/a,DRV-0308
VEH-0221,4.2,5777.7,01-04-2024,Chicago,DRV-0067
VEH-0121,56.0,38810.1,2024/02/24 12:21:00,n/a,DRV-0143
VEH-0179,38.4,9749.0,06/03/2024 00:10,,DRV-0141
VEH-0222,9.8,122060.3 mi,2024/10/25 06:46:00,Houston,DRV-0174
VEH-0107,unknown,200456.5,25/10/2024 22:22,UNKNOWN,DRV-0260
VEH-0216,53.6,122123.9,2024-09-17 03:24:00,New York,DRV-0159
VEH-0185,73.8,208536.1,2024/12/03 12:17:00,Phoenix,DRV-0196
VEH-0154,36.8,93361.1,25/03/2024 10:07,,DRV-0371
VEH-0218,24.0,70054.1,03-07-2024,New York,DRV-0387
VEH-0074,0.9,-147363.5,2024-08-19 05:39:00,Los Angeles,DRV-0210
VEH-0107,3.3,117562.3,19/10/2024 10:16,Houston,DRV-0294
VEH-0158,51.0,136437.4,08-15-2024,UNKNOWN,DRV-0363
VEH-0179,37.1,N/A,23/06/2024 05:45,New York,DRV-0272
VEH-0243,52.3,224659.7,08/06/2024 11:54,Los Angeles,DRV-0007
VEH-0055,45.0,214593.3,2024/12/29 05:38:00,UNKNOWN,DRV-0013
VEH-0036,75.3,33117.7,03-21-2024,New York,DRV-0353
VEH-0103,82.1,71311.1,12/08/2024 14:24,Phoenix,DRV-0205
VEH-0064,42.3,,06/06/2024 23:41,Houston,DRV-0064
VEH-0038,83.0,12318.4,06-25-2024,n/a,DRV-0045
VEH-0089,71.9,74280.4,05/01/2024 19:18,UNKNOWN,DRV-0040
VEH-0114,22.9,220623.8,2024-03-05 06:30:00,Houston,DRV-0304
VEH-0028,41.8,N/A,01/12/2024 01:05,Chicago,DRV-0034
VEH-0159,31.3,214626.6,03-18-2024,,DRV-0122
VEH-0024,unknown,106723.7,2024/11/29 11:55:00,n/a,DRV-0069
VEH-0159,41.3,191061.4,12-17-2024,,DRV-0112
VEH-0070,32.5,91615.4,09/04/2024 16:58,Chicago,DRV-0149
VEH-0206,80.4,193202.4,02-05-2024,Los Angeles,DRV-0252
VEH-0097,89.8,87473.9,2024/11/17 13:51:00,n/a,DRV-0229
VEH-0130,51.4,-148103.6,2024-04-27 15:16:00,n/a,DRV-0058
VEH-0241,53.9,124453.1,02-21-2024,Houston,DRV-0289
VEH-0050,41.0,93682.8,2024/05/18 08:13:00,Chicago,DRV-0302
VEH-0239,58.7,-208194.8,2024-08-21 22:34:00,,DRV-0069
VEH-0111,10.4,199979.0,09/05/2024 00:50,Chicago,DRV-0337
VEH-0237,81.3,33151.0,03/12/2024 10:18,Chicago,DRV-0227
VEH-0058,26.3,,05-28-2024,Phoenix,DRV-0222
VEH-0161,2.5,112259.7,2024/06/24 01:07:00,UNKNOWN,DRV-0009
VEH-0219,23.7%,128090.9,2024-12-02 14:54:00,n/a,DRV-0329
VEH-0130,unknown,48209.9,2024-03-25 13:48:00,Phoenix,DRV-0114
VEH-0008,6.9,83697.3,07-01-2024,Phoenix,DRV-0222
VEH-0095,54.4,68809.8,09-10-2024,Phoenix,DRV-0089
VEH-0016,53.3,12955.9,05/04/2024 04:24,,DRV-0323
VEH-0035,14.1,200549.2,04-23-2024,Phoenix,DRV-0368
VEH-0230,72.0,171820.8,2024-04-07 15:27:00,New York,DRV-0174
VEH-0005,28.2,46075.3,18/04/2024 22:38,Los Angeles,DRV-0013
VEH-0202,96.7,142799.8,22/04/2024 16:01,,DRV-0372
VEH-0093,9.0,-239808.9,18/05/2024 11:51,Chicago,DRV-0190
VEH-0102,62.0,133365.3,2024-07-11 23:17:00,,DRV-0196
VEH-0192,25.8,115655.7,2024/06/19 03:31:00,,DRV-0075
VEH-0050,17.9,225479.0,2024/12/22 19:31:00,Los Angeles,DRV-0015
VEH-0163,1.8,240702.6,2024/06/28 01:33:00,,DRV-0276
VEH-0015,44.3,94047.6,25/02/2024 07:46,,DRV-0266
VEH-0140,78.4,155629.0,2024/09/14 17:43:00,Los Angeles,DRV-0032
VEH-0003,unknown,190001.4,08-25-2024,New York,DRV-0157
VEH-0144,1.2,60300.4,2024-10-24 13:08:00,Los Angeles,DRV-0149
VEH-0129,4.8,193852.4,08/12/2024 21:08,Phoenix,DRV-0310
VEH-0111,21.4,-67701.6,2024/11/30 21:53:00,Houston,DRV-0065
VEH-0227,,83182.4,10-28-2024,Los Angeles,DRV-0312
VEH-0086,73.9,N/A,2024-04-03 03:20:00,Houston,DRV-0171
VEH-0028,59.0,90243.5,07-03-2024,,DRV-0314
VEH-0002,34.8,219105.2,2024/10/21 10:18:00,UNKNOWN,DRV-0108
VEH-0034,91.3,127835.6,2024-08-28 00:58:00,,DRV-0341
VEH-0193,57.7,86370.2,10/11/2024 04:07,Los Angeles,DRV-0312
VEH-0046,58.5,,2024-03-25 12:23:00,Houston,DRV-0304
VEH-0144,68.9,63078.0,2024-05-13 09:13:00,UNKNOWN,DRV-0110
VEH-0021,18.4,50573.5,03-08-2024,n/a,DRV-0186
VEH-0027,19.4,53641.2,2024-06-24 13:49:00,UNKNOWN,DRV-0156
VEH-0229,91.1,205156.8,2024/05/13 20:46:00,Los Angeles,DRV-0293
VEH-0173,37.3,37197.1,29/11/2024 07:44,New York,DRV-0102
VEH-0034,9.2,111254.7,10-13-2024,UNKNOWN,DRV-0379
VEH-0227,43.9,94236.1,2024/09/01 11:38:00,New York,DRV-0128
VEH-0184,74.9,234646.4,2024/01/15 15:24:00,Houston,DRV-0376
VEH-0007,72.3,164182.4,2024/03/04 05:26:00,Phoenix,DRV-0043
VEH-0073,49.7,71068.5,19/11/2024 21:52,UNKNOWN,DRV-0057
VEH-0053,26.2,128147.7,02-01-2024,Houston,
VEH-0026,92.1,3000.8,18/10/2024 20:10,,DRV-0141
VEH-0021,113.1,39886.2,2024/07/22 11:13:00,Los Angeles,DRV-0313
VEH-0218,52.3,28692.2,2024/06/06 01:43:00,Phoenix,DRV-0193
VEH-0133,68.3,233141.7,2024-02-16 00:50:00,New York,DRV-0117
VEH-0028,7.9,141462.6,06-02-2024,n/a,DRV-0042
VEH-0005,60.1,176396.5,2024/01/21 19:34:00,UNKNOWN,DRV-0061
  ,77.1,26649.6,01/11/2024 16:26,Los Angeles,DRV-0315
VEH-0119,77.3,59233.3,2024/07/31 08:31:00,Chicago,DRV-0385
VEH-0162,43.0,N/A,2024-07-10 22:13:00,Houston,DRV-0210
VEH-0021,6.4,,2024-06-26 23:18:00,,DRV-0018
VEH-0226,18.8,115924.6,2024/11/07 01:52:00,New York,DRV-0330
VEH-0114,5.7,191631.8 mi,08/05/2024 23:52,New York,DRV-0318
VEH-0190,5.8,-85612.0,04-22-2024,Phoenix,DRV-0004
VEH-0126,75.1,N/A,09-01-2024,Los Angeles,DRV-0239
VEH-0062,unknown,197910.0,03/01/2024 23:04,n/a,
VEH-0145,7.7,1046.9,14/05/2024 01:56,n/a,DRV-0194
VEH-0242,23.9,112809.8,02-03-2024,UNKNOWN,DRV-0252
VEH-0073,16.2%,164525.6,09/03/2024 07:11,n/a,DRV-0316
VEH-0102,90.9,N/A,2024-10-06 21:59:00,Houston,DRV-0080
VEH-0158,2.9,227326.0 mi,18/04/2024 07:03,Houston,
VEH-0242,58.1,233984.3,2024-06-07 20:47:00,New York,DRV-0380
VEH-0171,48.5,-75604.9,2024/07/07 01:47:00,Chicago,DRV-0211
VEH-0111,37.0,185195.0,2024-12-07 06:25:00,,DRV-0250
VEH-0037,50.2,113739.2,07-15-2024,New York,DRV-0015
VEH-0217,30.9,173532.9,12-12-2024,New York,DRV-0276
VEH-0239,13.4,167878.0,2024/03/29 21:07:00,Los Angeles,DRV-0295
VEH-0245,46.5,235799.0,27/10/2024 08:11,,DRV-0012
VEH-0189,56.0,197418.4 mi,07/11/2024 12:42,Houston,DRV-0079
VEH-0226,97.2,129502.6,04-10-2024,New York,DRV-0362
VEH-0125,25.3,,2024-10-14 23:18:00,UNKNOWN,DRV-0354
VEH-0163,31.7%,214294.8,09/03/2024 04:21,New York,DRV-0147
VEH-0041,92.1,145797.7,2024/03/10 23:49:00,Houston,DRV-0017
VEH-0130,4.1,42233.8,2024/12/24 01:31:00,UNKNOWN,DRV-0043
VEH-0196,43.0,207737.3,11-12-2024,Los Angeles,DRV-0196
VEH-0244,37.5,124439.1,09/10/2024 00:11,Los Angeles,DRV-0354
VEH-0208,,245117.7,2024/07/17 08:13:00,Los Angeles,DRV-0015
VEH-0200,48.9,55302.4,22/10/2024 05:46,New York,DRV-0036
VEH-0174,49.7%,166853.9,12-27-2024,n/a,DRV-0367
VEH-0225,7.5,182047.2,2024-03-26 13:44:00,UNKNOWN,DRV-0309
VEH-0164,unknown,-99758.8,2024-12-21 17:47:00,Chicago,DRV-0086
VEH-0164,9.4,170751.7,2024-04-26 11:58:00,Chicago,DRV-0348
VEH-0105,31.7%,169297.7,2024-08-14 09:31:00,UNKNOWN,DRV-0233
,43.1,62178.6,2024-06-15 12:00:00,UNKNOWN,DRV-0106
VEH-0080,55.3,,19/03/2024 00:02,Phoenix,DRV-0126
VEH-0038,68.1,188038.7,2024-12-10 18:34:00,n/a,DRV-0348
VEH-0001,61.5,20866.0,2024-06-15 12:00:00,New York,DRV-0317
VEH-0160,9.5,78729.6,2024-11-30 07:35:00,Houston,DRV-0286
VEH-0070,68.1,45359.6,10-18-2024,UNKNOWN,DRV-0208
VEH-0158,83.0,104812.3,2024-05-21 05:28:00,Los Angeles,DRV-0397
VEH-0211,38.8,207391.5,2024/05/04 23:12:00,Phoenix,DRV-0106
VEH-0101,96.8,228687.3,2024-11-22 02:55:00,Los Angeles,DRV-0340
VEH-0037,unknown,71564.8,2024/06/10 23:43:00,Chicago,DRV-0016
VEH-0243,90.2,201673.4 mi,06/08/2024 23:00,Los Angeles,DRV-0200
VEH-0041,unknown,66331.5,2024-06-11 03:57:00,,DRV-0058
VEH-0107,95.0,239581.9,2024/10/27 21:06:00,UNKNOWN,DRV-0233
VEH-0087,45.4,211089.3,06/04/2024 17:00,UNKNOWN,DRV-0342
VEH-0159,61.5,20393.7,2024-08-19 19:23:00,UNKNOWN,DRV-0090
VEH-0021,20.4,104673.8,2024-01-09 06:28:00,Chicago,DRV-0228
VEH-0022,50.3,116196.1,08-23-2024,UNKNOWN,DRV-0306
VEH-0216,26.3,218691.5,2024-09-07 10:53:00,New York,DRV-0254
VEH-0106,44.8,80134.0,2024-04-23 19:15:00,Phoenix,DRV-0310
VEH-0181,61.9,58033.5 mi,2024/04/26 21:32:00,New York,
VEH-0077,81.6,247065.5,02-13-2024,,DRV-0059
VEH-0146,85.9,240683.1,2024-11-24 18:29:00,,DRV-0282
VEH-0017,117.5,,2024/06/07 03:00:00,New York,DRV-0208
VEH-0070,84.2,52326.5,06/08/2024 09:16,Houston,DRV-0242
VEH-0106,7.3,205281.5,08-30-2024,Phoenix,DRV-0140
VEH-0121,91.9,224977.4,2024/06/01 04:06:00,UNKNOWN,DRV-0241
VEH-0179,,154895.6,2024/12/21 15:08:00,Phoenix,DRV-0396
VEH-0213,84.2,74153.1,14/09/2024 19:16,Chicago,DRV-0219
VEH-0048,69.6,38474.0,12-07-2024,Chicago,DRV-0080
VEH-0029,20.8,59536.7,2024-04-08 11:06:00,Chicago,DRV-0119
VEH-0042,51.4,72046.1,2024/07/23 03:08:00,,DRV-0230
VEH-0161,76.1,3959.5,2024/09/11 12:48:00,n/a,DRV-0278
VEH-0127,8.8,42957.4,30/06/2024 21:06,UNKNOWN,DRV-0011
,39.2,-188566.2,2024-06-15 12:00:00,n/a,DRV-0382
VEH-XXXX,2.9,188784.3,2024/08/27 23:09:00,n/a,DRV-0334
VEH-0233,30.8,176170.2,2024/03/21 19:16:00,n/a,DRV-0021
VEH-0211,10.5,164195.0,04-21-2024,,DRV-0310
VEH-0006,72.0,160286.9,08-14-2024,UNKNOWN,DRV-0351
VEH-0205,33.6,153767.4,2024-04-16 20:28:00,n/a,DRV-0241
VEH-0075,31.6,21734.9,2024-08-13 06:56:00,New York,DRV-0005
VEH-0171,92.1,145397.2,2024/03/24 15:14:00,New York,DRV-0390
VEH-0212,5.7,145826.8,2024-04-16 22:44:00,n/a,DRV-0292
VEH-0006,75.9,221518.5,09-30-2024,Houston,DRV-0237
VEH-0171,57.9,158097.8,08/08/2024 21:19,n/a,DRV-0246
VEH-0171,79.1,127553.2,10-06-2024,Chicago,DRV-0191
VEH-0113,76.0,34277.4,30/10/2024 14:14,Chicago,DRV-0249
VEH-0239,80.3,121597.9,27/04/2024 12:41,Houston,DRV-0341
VEH-0123,38.5,39560.2,03-21-2024,New York,DRV-0231
VEH-0091,38.4,122934.5,2024-11-09 21:49:00,Los Angeles,DRV-0285
VEH-0143,36.9%,89298.1,2024/12/15 11:11:00,Houston,
VEH-0233,55.0,241455.5,07/12/2024 03:03,Phoenix,DRV-0200
VEH-0155,64.4,208581.2,07-18-2024,Phoenix,DRV-0189
VEH-0243,42.3,86631.0,2024/10/09 03:11:00,,DRV-0071
VEH-0065,36.7,20974.5,2024-01-15 11:40:00,UNKNOWN,DRV-0082
VEH-0172,53.4,236010.3,2024-01-01 20:20:00,Houston,DRV-0382
VEH-0046,96.4,160394.9,2024/06/04 22:59:00,Los Angeles,DRV-0276
VEH-0066,138.2,25629.0,2024-09-23 05:01:00,UNKNOWN,DRV-0293
VEH-0134,64.9,224812.2,2024/02/07 07:17:00,,DRV-0386
VEH-0231,41.5,191965.2,24/06/2024 12:33,Chicago,DRV-0320
VEH-0122,17.0,4786.2,2024-09-26 16:51:00,Phoenix,DRV-0252
VEH-0128,16.0,197520.8,30/07/2024 07:53,Los Angeles,DRV-0064
VEH-0084,70.8,26553.5,13/06/2024 01:09,n/a,DRV-0229
VEH-0200,79.7,180027.8,27/06/2024 02:47,Los Angeles,DRV-0346
VEH-0017,23.4,135003.0,2024/08/25 22:41:00,New York,DRV-0329
VEH-0157,83.2,68267.7,2024-06-15 12:00:00,,DRV-0043
VEH-0115,89.8,N/A,2024/02/29 17:00:00,UNKNOWN,DRV-0379
VEH-0162,99.9,,02/04/2024 18:23,New York,DRV-0147
VEH-0120,38.9,57218.9,2024/05/29 01:15:00,Chicago,DRV-0027
